PuzzleId,FEN,Moves,Rating,RatingDeviation,Popularity,NbPlays,Themes,GameUrl,OpeningTags,DailyDate
tewjc,r5k1/pp3p1p/2b2qp1/3pr3/8/4P2P/R1PN1PP1/Q3K2R w K - 0 19,a2a7 e5e3 f2e3 f6a1 a7a1 a8a1,1493,76,94,18768,crushing discoveredAttack long middlegame xRayAttack,https://lichess.org/SLbfzQtP#36,Polish_Opening Polish_Opening_Other_variations,
0kDWS,1r6/1PN5/3p4/4kpp1/1R6/P3n3/K1P5/8 b - - 0 49,e3d5 b4b5 b8b7 b5b7,1947,75,95,13691,advantage endgame pin short,https://lichess.org/q2SFqfYD/black#97,,
f2p5F,5r2/p3R2p/4Q1p1/3B2k1/2p2b2/2P2P2/P5P1/1q3K2 w - - 1 39,e6e1 b1d3 f1f2 d3d5,1385,75,96,16934,advantage endgame fork short,https://lichess.org/BTADpsgd#76,,
LDIfb,rnbqkb1r/pp2pp1p/3p1np1/2p5/4P3/2P2N1P/PP1PBPP1/RNBQK2R b KQkq - 2 5,f6e4 d1a4 b8c6 a4e4,1472,75,95,21527,advantage fork opening short,https://lichess.org/hnuvOm1w/black#9,Sicilian_Defense Sicilian_Defense_Modern_Variations,
mJDcO,5rk1/p1Q3pp/8/3p4/3q1r2/8/P1P3PP/R4R1K w - - 0 21,f1f4 d4a1 f4f1 a1f1,1321,76,95,17352,endgame hangingPiece mate mateIn2 short,https://lichess.org/oAkUCwh7#40,,
y0ld9,8/R7/8/3rk3/2p1N3/5KP1/5P1P/5b2 w - - 2 44,a7a1 d5d3 f3g4 f1e2 g4g5 e5e4,1783,78,95,14370,advantage endgame long,https://lichess.org/sopubPww#86,,
CIamA,rnbqk1nr/ppp2ppp/8/4p3/1b6/2N1P1P1/PP1P1PBP/R1BQK1NR b KQkq - 0 6,g8f6 d1a4 b8c6 g2c6 b7c6 a4b4,1523,73,97,12865,advantage fork long opening,https://lichess.org/ySU6NzBT/black#11,English_Opening English_Opening_Anglo-Scandinavian_Defense,
u7Cp7,rn2k2r/ppp1ppb1/7p/3pN1p1/q2P4/1P2P1P1/P1PNQPP1/R3K2R b KQkq - 0 12,a4a3 e2b5 c7c6 b5b7,1480,77,95,21410,crushing middlegame short,https://lichess.org/chCVVcR9/black#23,Queens_Pawn_Game Queens_Pawn_Game_Levitsky_Attack,
CAYyS,3r4/2p1pp1p/ppk5/2p1N3/4bP2/1PK3P1/P1P4P/8 b - - 2 24,c6b5 a2a4 b5a5 e5c4,1515,76,96,19526,endgame mate mateIn2 short,https://lichess.org/ZP2HPZnL/black#47,,
NtFPE,4kbnr/3b1ppp/p7/qp1pPB2/5BQ1/8/1P3PPP/2R3K1 b k - 1 18,a5d8 f5d7 d8d7 c1c8,1314,76,93,14230,advantage middlegame short,https://lichess.org/idi5c8A6/black#35,French_Defense French_Defense_Advance_Variation,
Soy9h,r3k3/pp2npp1/3p4/3P1q2/1P6/PQ2P3/1B1K1p2/2R2B1r b q - 0 26,f5d5 b3d5 e7d5 f1b5 e8e7 c1h1,1582,75,96,13855,advantage discoveredAttack long middlegame,https://lichess.org/fflv8PcG/black#51,,
o3Tlj,5rk1/5pp1/1qppN3/7p/2P1PRn1/1P1P4/1P4PP/2Q3K1 w - - 0 28,d3d4 f7e6 f4f8 g8f8,1403,73,95,13224,advantage endgame hangingPiece pin short,https://lichess.org/JJKhOI6p#54,,
rSju2,r1q1r3/2P2pk1/8/p1RQp1n1/7N/4P1P1/1P2BP1p/R3B1K1 w - - 0 29,g1f1 c8h3 d5g2 h2h1q,1402,76,95,13816,advancedPawn mate mateIn2 middlegame promotion short,https://lichess.org/MsaJqBHn#56,,
VKumJ,5k1r/p3bpp1/1pqp4/8/4b1P1/2P1BN2/P1P2PK1/1R1Q1R2 w - - 3 19,f1h1 h8h1 g2h1 e4f3 h1g1 f3d1,1594,73,95,19032,attraction crushing fork long middlegame,https://lichess.org/BSNkFhUM#36,Scotch_Game Scotch_Game_Other_variations,
45Dov,rn2k2r/ppp1ppbp/6p1/3NP2n/5B2/5P2/PPP2P1P/3RKB1R b Kkq - 2 10,h5f4 d5c7 e8f8 d1d8,1625,73,95,19079,backRankMate fork mate mateIn2 middlegame short,https://lichess.org/3S6XfX6P/black#19,Pirc_Defense Pirc_Defense_Classical_Variation,
eiZ0M,3r3r/2p1k2p/6p1/1pq1b3/4Q3/8/P1P3PP/4RR1K b - - 1 26,e7e6 e4g4 e6e7 g4g5 e7d7 e1e5,1597,78,96,16192,advantage exposedKing long middlegame,https://lichess.org/VmeTinIF/black#51,,
qy8Uv,r1b2rk1/pp3ppp/2pQ1n2/4B3/8/P1P3P1/2q2PBP/R3R1K1 b - - 1 15,f6g4 d6f8 g8f8 e5d6 f8g8 e1e8,1458,75,94,20345,attraction backRankMate long mate mateIn3 middlegame sacrifice,https://lichess.org/zQ8A1U2V/black#29,Englund_Gambit_Complex Englund_Gambit_Complex_Englund_Gambit,
gKoGy,r4r1k/1b3ppp/p2b4/1pB2q2/4P3/P2P2P1/BPP3QP/R5K1 w - - 0 22,e4f5 d6c5 g1f1 b7g2,1490,78,94,19644,advantage hangingPiece kingsideAttack middlegame short,https://lichess.org/lZZnIqN2#42,,
JydUg,8/4k2p/4P2p/8/1b4P1/1Bp4P/p2p2K1/3R4 w - - 0 46,b3a2 c3c2 a2b3 c2c1q,1272,74,95,21128,advancedPawn crushing endgame promotion short,https://lichess.org/UtE5SAtN#90,,
y4WX4,2q3k1/pp2p1P1/3p3n/2r4P/3Q4/2P2R2/P2K4/8 b - - 0 31,c8e6 f3f8 g8h7 f8h8,1398,75,96,13967,endgame mate mateIn2 short,https://lichess.org/AhYtYHKz/black#61,,
vIq5k,7q/7P/Q5P1/4n3/5P2/4P3/1p4K1/1k6 b - - 0 53,e5g6 a6g6 b1c1 g6g8 h8g8 h7g8q,1295,76,97,14056,advancedPawn crushing endgame hangingPiece long promotion,https://lichess.org/tDlZWUXr/black#105,,
IcFmo,7k/7p/2p2p2/1pN5/pr6/1P2BPP1/P6K/8 w - - 0 37,c5d3 a4b3 d3b4 b3b2 e3d4 b2b1q,1584,75,96,19908,advancedPawn crushing endgame long promotion sacrifice,https://lichess.org/qnBNG0iw#72,,
UVgpQ,2k1r2r/ppp2Rpp/8/1Qb5/8/P1P1q3/1P4PP/R6K b - - 0 21,h8f8 b5d7 c8b8 d7c7 b8a8 c7b7,1529,75,97,16672,long mate mateIn3 middlegame queensideAttack,https://lichess.org/4s8Ar6f1/black#41,,
cFAgO,2r2r1k/1p1b1p2/pq2pP2/3p4/1b1P2p1/2N1B3/PP2QP1P/2R2RK1 w - - 0 21,e2g4 f8g8 e3g5 g8g5 g4g5 c8g8,1625,73,96,20276,advantage clearance long middlegame pin sacrifice,https://lichess.org/5UTnJxj2#40,,
KtyFN,1k1r3r/2p1qpp1/pp3n1p/1b1pN3/P2QPP1P/4B3/1PP3P1/R3K2R b KQ - 0 19,d5e4 a4b5 d8d4 e5c6 b8b7 c6e7,1491,73,96,20957,crushing fork long middlegame sacrifice,https://lichess.org/rcT0ggCV/black#37,Scotch_Game Scotch_Game_Other_variations,
d7EVL,6k1/3bpp1p/3p2p1/2n5/4P3/1q5P/2N2PP1/rB1QR1K1 b - - 5 29,c5e4 c2a1 b3d1 e1d1,1514,77,95,12998,advantage hangingPiece middlegame short,https://lichess.org/74RXKuK9/black#57,,
KwtBg,4R3/8/6p1/5p2/3P1k1p/7P/1r3KP1/8 w - - 7 51,e8e2 b2e2 f2e2 f4e4,1598,76,96,13940,crushing endgame master masterVsMaster rookEndgame short,https://lichess.org/OU8L0HKO#100,,
46e4A,1r5r/1Qp1q1bp/5kp1/5b2/2B1pB2/8/PP3PPP/R4RK1 w - - 2 21,b7c7 e7c7 f4c7 b8c8,1641,74,96,15492,advantage middlegame short,https://lichess.org/ZU0zK5tG#40,,
6uzOK,1nr3k1/6p1/4qpQP/1p1p1p2/1P1P4/8/5PP1/6K1 b - - 0 35,e6f7 h6h7 g8h8 g6f7,1214,75,94,13845,advancedPawn advantage deflection endgame short,https://lichess.org/93S8HKJy/black#69,,
d3twI,r2q1rk1/ppp3p1/2n1pn1p/4b3/7N/P1NP3P/1PP3P1/R1BQ1RK1 w - - 0 14,c1d2 d8d4 g1h1 d4h4,1451,74,96,26510,crushing fork opening short,https://lichess.org/2zBIZDfU#26,Scandinavian_Defense Scandinavian_Defense_Mieses-Kotroc_Variation,
MKCXC,rnb1kb1r/pp3ppp/2p2q2/8/4P3/2pB4/PPPP2PP/R1BQK1NR w KQkq - 0 8,g1f3 c3b2 c1b2 f6b2,1619,74,95,21268,advancedPawn advantage fork opening short trappedPiece,https://lichess.org/4Y7iCKmD#14,Vienna_Game Vienna_Game_Vienna_Gambit,
hfMHE,2r3k1/2r2pp1/7p/2p5/1P3qN1/2QR4/7P/4R1K1 w - - 0 29,c3e5 f4g4 d3g3 g4d4 e5d4 c5d4,1368,75,94,15109,advantage hangingPiece long middlegame,https://lichess.org/OZj5h4W5#56,,
sUNKR,2RR4/5pk1/5n1q/pp3p2/8/1P4P1/PB3PKP/4r3 b - - 20 39,f5f4 d8g8 g7h7 g8h8 h7g6 h8h6,1827,76,95,13838,crushing endgame long pin skewer,https://lichess.org/Pt3HyH2y/black#77,,
oFzhT,r2q1rk1/1Q3p2/p2bbp1p/3p4/3Pp3/2N1P2P/PP1N1PP1/R4RK1 w - - 0 16,c3d5 e6d5 b7d5 d6h2 g1h2 d8d5,1448,80,95,22720,advantage discoveredAttack long middlegame,https://lichess.org/k7yrrRjF#30,Queens_Gambit_Declined Queens_Gambit_Declined_Modern_Variation,
c8ebE,R1b3k1/1pq1r1p1/2p4p/4pp2/1P1P4/2PB4/4QPPP/6K1 b - - 1 23,e5d4 a8c8 c7c8 e2e7,1509,77,95,24596,crushing deflection endgame short,https://lichess.org/Ymf9CHBu/black#45,,
Tg4LG,8/P1p2kp1/3b1p2/5R2/3Pn1p1/1P2P3/4r3/B5K1 w - - 3 32,a7a8q d6h2 g1f1 e4g3,1584,74,96,13043,endgame mate mateIn2 short,https://lichess.org/exbJZhJH#62,,
FwvK6,3rkb1r/2q2p2/p2p1np1/1pn1p1B1/4P3/P1N3NP/1PPQ1PB1/5RK1 b k - 0 20,f8e7 g5f6 e7f6 c3d5 c7c8 d5f6,1455,75,94,14878,advantage fork long middlegame,https://lichess.org/HiIPOvaE/black#39,,
A0JLH,r2qr3/2p2p1p/p3pkp1/1p2Qn2/3P4/5b2/PP1N1PPP/2R2RK1 b - - 1 21,f6e7 c1c7 d8c7 e5c7,1455,78,96,25451,crushing middlegame short,https://lichess.org/Mos6i4DL/black#41,,
FIZ4w,6k1/1p1n1ppp/2p2p2/5b2/P1PP4/2B1bN2/BP2r1PP/4R1K1 w - - 2 22,g1f1 e2f2 f1g1 f2f3,1488,76,95,17148,crushing discoveredAttack middlegame short,https://lichess.org/pfw9Uwtq#42,,
qQcBq,7r/ppk1pp1p/6p1/2P5/Nn1N1Pn1/P7/1P4PP/R5K1 b - - 0 22,h8d8 d4b5 c7b8 a3b4,1452,76,94,20108,advantage endgame short,https://lichess.org/2PNQXPeJ/black#43,,
OkUUP,8/p2Q3p/1p4p1/6k1/4q3/PP1p2P1/5P1P/5K2 w - - 0 38,h2h4 g5h6 f1g1 e4e1 g1g2 d3d2,1582,74,96,13047,advancedPawn crushing defensiveMove endgame long master queenEndgame,https://lichess.org/ViLDVlzB#74,,
G4JhH,rnbqkb1r/pp1p1p1p/4pnp1/6B1/3QP3/2P2N2/PP3PPP/RN2KB1R b KQkq - 2 6,b8c6 d4f6 d8f6 g5f6,1703,75,95,13472,crushing opening short,https://lichess.org/dlfEcyOe/black#11,French_Defense French_Defense_Knight_Variation,
IxL0T,r3kbr1/1b1p1p1p/p3Pp2/8/3B4/2qB4/P1P2RPP/R2Q2K1 b q - 0 16,c3d4 e6f7 e8f7 d3g6 g8g6 d1d4,1839,75,94,14439,advancedPawn advantage attackingF2F7 attraction discoveredAttack long middlegame,https://lichess.org/D3eINwOX/black#31,Sicilian_Defense Sicilian_Defense_Kan_Variation,
eQapb,rnbqk1nr/pp3ppp/4p3/3P4/1bB5/2N5/PP3PPP/R1BQK1NR b KQkq - 0 7,g8f6 d1a4 c8d7 a4b4,1483,75,95,20348,advantage fork opening short,https://lichess.org/j3GCmzc6/black#13,Queens_Gambit_Declined Queens_Gambit_Declined_Queens_Knight_Variation,
1ajPB,5Qk1/1b1qn2p/pp1p2p1/2pPn3/2P2N2/1PNB4/P5PP/5RK1 b - - 0 22,g8f8 f4e6 f8g8 f1f8,1179,80,97,12899,doubleCheck mate mateIn2 middlegame short,https://lichess.org/DSmI7TfD/black#43,,
ypEGD,5r1k/5rpp/pp6/4p3/2PpQ3/qP1R1PP1/P5KP/R7 w - - 5 27,e4e2 e5e4 f3e4 f7f2 e2f2 f8f2 g2f2 a3b2 f2f3 b2a1,1509,76,97,18921,advantage attraction endgame fork sacrifice veryLong,https://lichess.org/9pFps0OK#52,,
NPrSD,r1b2rk1/p4pp1/1bpQ3p/4p1q1/NP2P3/P1P2P2/6PP/2KR1B1R w - - 1 18,c1b2 f8d8 d6d8 b6d8,1383,74,94,15829,crushing middlegame short,https://lichess.org/ZMJT7n6l#34,Sicilian_Defense Sicilian_Defense_Taimanov_Variation,
g4oaS,6k1/1q3ppp/7r/pB3P2/6P1/1PP2KNn/P1Q2P2/7R w - - 2 32,c2e4 h3g5 f3f4 g5e4,1333,75,96,12780,crushing fork middlegame short,https://lichess.org/OLxbMNfq#62,,
1nUO4,3r1qk1/1p2rppp/p7/5P2/Q5R1/4PNbP/PP2R3/5K2 b - - 12 28,g3b8 f5f6 e7e6 g4g7 f8g7 f6g7,2053,82,90,44249,advancedPawn crushing kingsideAttack long middlegame pin,https://lichess.org/AtQYXIIu/black#55,,
VE8HL,r1bq3r/4ppkp/p2p2p1/2n3QP/2nNP1P1/2N2P2/P1B5/2KR3R b - - 1 20,e7e5 h5h6 g7g8 g5d8,1534,75,94,14472,interference mate mateIn2 middlegame short,https://lichess.org/YOR3ddKO/black#39,,
hA7jw,8/1R3pkp/3p1np1/p5N1/P4rP1/7P/8/6K1 b - - 1 31,f6g4 g5e6 g7h6 e6f4,1324,76,95,23841,advantage endgame pin short,https://lichess.org/uFP2xGa8/black#61,,
vDVLM,2r2rk1/5pb1/p5p1/1p1Rn2p/4P3/1B2BP2/PP3PKP/4R3 w - - 0 23,e3d4 e5d3 e1d1 d3f4,1821,78,95,14590,advantage middlegame short,https://lichess.org/w7MBfvw2#44,,
waKWu,r3r1k1/5pb1/1pq3pp/2nNP3/p7/P4N2/1PQ3PP/2RR3K b - - 1 31,a8d8 d5e7 e8e7 d1d8,1677,75,95,14321,advantage deflection discoveredAttack kingsideAttack master middlegame short,https://lichess.org/PnaGvLKB/black#61,,
AdkYm,r5r1/pb1pk3/2pR1n2/1p2q2p/1P2P3/2N2QP1/1P3P1p/3R3K b - - 0 25,f6g4 d6d7 e7e8 f3f7,1196,74,96,13183,fork mate mateIn2 middlegame short,https://lichess.org/HQfRrtWb/black#49,,
8NO1C,8/8/1R3kp1/p3rn1p/P7/3K2PP/5P2/8 b - - 4 42,f6g5 f2f4 g5h6 f4e5,1611,74,96,14862,crushing endgame fork short,https://lichess.org/xgP90XeI/black#83,,
epW5F,2krr3/Qpp3pp/2bb1p2/8/8/1P4P1/P1PP1P1P/q1BK1B1R b - - 0 17,c6h1 f1h3 f6f5 h3f5 e8e6 f5e6 d8d7 a7a8,1653,73,96,16706,mate mateIn4 middlegame pin queensideAttack veryLong,https://lichess.org/YTqDxVyL/black#33,Scandinavian_Defense Scandinavian_Defense_Other_variations,
XMN73,2r2bk1/p1q2ppp/4p3/3pN2N/6Q1/7P/r4PP1/4R1K1 b - - 3 29,c7c2 h5f6 g8h8 e5f7,1438,75,96,15145,deflection mate mateIn2 middlegame pin short,https://lichess.org/bAwPZf4G/black#57,,
fPBJ0,2r2rk1/4pp2/3p2Q1/p3b2p/Pp5q/1B6/1PP1N3/1K1R4 b - - 0 28,g8h8 g6h6 h8g8 d1g1,1293,75,96,22321,crushing middlegame short,https://lichess.org/ydmqrWwK/black#55,,
eg2wj,R7/8/1k2P3/8/1p1K4/pr6/8/8 b - - 0 62,b3b1 e6e7 b1d1 d4c4,1635,76,96,18846,advancedPawn crushing defensiveMove endgame rookEndgame short,https://lichess.org/8v25tMZT/black#123,,
N5Axl,3q2r1/3P1pk1/p3b3/1p2Q3/P1pR4/2P5/1P4P1/6K1 b - - 4 47,g7g6 e5g3 g6f6 g3g8 d8g8 d7d8q g8d8 d4d8,2058,78,92,143500,advancedPawn crushing endgame exposedKing master promotion superGM veryLong,https://lichess.org/WrNrep7A/black#93,,
6ByYN,3q2k1/rr3ppp/p2p4/1p1Pb3/3pP1B1/P2P1QPP/1P3R1K/2R5 b - - 6 23,b5b4 c1c8 d8c8 g4c8,1644,74,96,16232,crushing middlegame pin short,https://lichess.org/J53Mz78T/black#45,,
7Xg6X,8/pp1b1p1k/4p1pp/3p4/3Q1P2/PP4q1/2r5/3K3R b - - 1 34,g3g2 h1h6 h7h6 d4h8,1194,77,94,16282,attraction endgame mate mateIn2 sacrifice short,https://lichess.org/X9lb8Bs9/black#67,,
7yEbQ,7k/8/3n1R1p/1rN3p1/8/6P1/5P1P/6K1 b - - 1 40,b5c5 f6h6 h8g7 h6d6 c5c1 g1g2,1517,74,96,20733,advantage endgame fork long master,https://lichess.org/2h7PIo97/black#79,,
eBBm6,7k/1p2q3/p6p/1N5N/3P2Pn/1P4KP/1PP2R2/R7 w - - 0 36,b5c3 e7e3 f2f3 e3f3 g3h4 f3f2 h5g3 f2f6 h4h5 f6g5,1490,78,95,13612,endgame mate mateIn5 veryLong,https://lichess.org/6e2m5TDt#70,,
bdkRR,8/p5p1/1pp5/3p2P1/2k4P/2P1r3/P4K2/2R5 b - - 2 41,e3c3 c1c3 c4c3 h4h5 d5d4 h5h6 g7h6 g5h6,1582,77,96,15073,crushing endgame quietMove rookEndgame veryLong,https://lichess.org/zQ03ITUp/black#81,,
jW6GO,2rq1rk1/4npb1/p5pB/1pn5/3pN3/P4P2/1PPQ1P1P/2KR1B1R w - - 1 16,h6g7 c5b3 c1b1 b3d2,1305,77,97,18353,crushing master opening pin queensideAttack short,https://lichess.org/5deZzGRJ#30,Modern_Defense Modern_Defense_Standard_Line,
1jwCv,b1R5/P4ppp/3kp3/8/8/6P1/8/5KBr b - - 2 39,a8d5 c8d8 d6c7 d8d5 e6d5 a7a8q,1436,75,95,23034,advancedPawn crushing deflection endgame long promotion,https://lichess.org/vR8WC7gr/black#77,,
p9WzU,3r1b1k/pp5p/2p2p2/8/1P3N2/P2r2P1/5P1P/2R1R1K1 b - - 3 28,f8h6 f4d3 h6c1 d3c1,1409,77,95,20785,crushing endgame short,https://lichess.org/nmQuDsh9/black#55,,
3r8xM,8/5B1p/1p1r4/2p3K1/p1P2pP1/1k3P1P/8/R7 w - - 2 57,g5f4 d6f6 f4e5 f6f7,1399,74,95,20801,advantage endgame fork short,https://lichess.org/1PwPX20i#112,,
8pV72,8/p4r1k/6pp/8/P1P1P3/5q2/1Q2KP2/2RR4 w - - 5 36,e2d2 f3f2 d2c3 f7f3 d1d3 f3d3 c3d3 f2b2,1846,78,91,144292,advantage endgame exposedKing veryLong,https://lichess.org/tcRB0dwP#70,,
VYS5E,5k1r/4qp2/p6b/1p1RP3/2p3QP/P5P1/1P5K/8 b - - 0 34,e7e6 d5d8 f8e7 g4e6 e7e6 d8h8,1626,75,96,15235,advantage endgame long,https://lichess.org/vHHkCpjX/black#67,,
eTCzI,8/p4r2/1p1p2kp/1B6/3P1P2/2P3KP/1P3P2/8 b - - 0 34,f7f5 b5d3 g6f6 d3f5,1239,74,97,17350,crushing endgame pin short,https://lichess.org/MeUcKdA0/black#67,,
UZc8R,6k1/3K1ppp/1r2p2P/8/P1rbb3/6Q1/8/8 b - - 0 47,b6a6 g3b8 c4c8 b8c8,1244,76,95,17438,endgame mate mateIn2 short,https://lichess.org/ih7NfQLg/black#93,,
SjLBG,r4k2/1p3pp1/2p3bp/1n1p4/1P2pRP1/2P1P3/BKP5/3R4 w - - 0 30,c3c4 a8a2 b2a2 b5c3 a2b3 c3d1,1494,74,95,13043,attraction crushing endgame fork long sacrifice,https://lichess.org/q1wiVKkC#58,,
QJpgX,8/6k1/6B1/3p4/6p1/3R2K1/P2pr2P/8 w - - 2 42,g6e8 e2e3 d3e3 d2d1q,1316,75,93,14623,advancedPawn advantage deflection endgame promotion short,https://lichess.org/lTmH1OWL#82,,
8Vr5Z,3r4/2k3bp/5p2/pQp1p3/3qP3/P6P/6P1/1R5K b - - 0 31,g7f8 b5b7 c7d6 b1b6,1319,79,95,20382,endgame mate mateIn2 short,https://lichess.org/OZUTgC1R/black#61,,
Cemh2,6k1/8/p2pNqpr/2pPp3/2P1B3/4P3/PP2K1R1/8 b - - 3 45,g8f7 g2f2 f7e7 f2f6,1829,73,95,14413,advantage endgame pin short,https://lichess.org/bZqBrJOs/black#89,,
df8bI,1r1q1rk1/1bNpnppp/p1nQ4/1p2p3/4P3/1BP5/PP1B1PPP/R3K2R w KQ - 2 15,e1g1 e7c8 d6d3 d8c7,1590,75,95,15611,advantage middlegame short,https://lichess.org/wKMHRLkA#28,Sicilian_Defense Sicilian_Defense_Lowenthal_Variation,
dCjBK,r1b2rk1/1p3pp1/p5np/2bpqN1Q/4p1B1/2P4P/PP3PP1/R1B1R1K1 b - - 1 23,g6f4 f5h6 g7h6 h5e5,1432,76,96,25662,crushing discoveredAttack kingsideAttack middlegame short,https://lichess.org/IC5bqt5l/black#45,,
RExx5,5r1k/pp4pp/3RP3/5q2/2P5/1P5p/P5P1/4Q2K w - - 0 32,g2g3 f5f3 h1g1 f3g2,1448,74,97,19531,endgame mate mateIn2 short,https://lichess.org/ygrbGOzt#62,,
Q2iLs,5rk1/ppp4n/3p3p/3Pp1pq/N1P5/4Nr2/PP4QP/4R1RK w - - 6 24,a4c3 f3f2 c3e4 f2g2,1549,74,94,14945,advantage middlegame short,https://lichess.org/r7kFXsN1#46,,
dpHO5,2b3k1/R3r1b1/2pqp1Qp/3p2pN/3P4/4PN1P/5PP1/6K1 b - - 2 29,e7a7 h5f6 g8h8 g6h7,1606,77,96,16392,mate mateIn2 middlegame short,https://lichess.org/CyoSpQI2/black#57,,
usGrm,7k/8/2p1p1KP/1pPpP3/3P2N1/8/2n5/8 b - - 2 65,b5b4 h6h7 b4b3 g4h6 b3b2 h6f7,1825,76,95,14666,advancedPawn endgame knightEndgame long master mate mateIn3 quietMove,https://lichess.org/VkP7Cq2m/black#129,,
tAz1e,rn1qk2r/pQ3pbp/3p2p1/1bp1p3/8/2NP4/PPP2PPP/R3K1NR w KQkq - 0 11,b7a8 b5c6 a8a7 c6g2,1555,74,96,22135,crushing interference middlegame short,https://lichess.org/Ie2IbR5b#20,Sicilian_Defense Sicilian_Defense_Closed,
qrCnH,5r2/1pp1k1p1/p2pq3/3N4/3nP3/3P2p1/PPP3P1/R2K1Q2 b - - 3 24,e6d5 f1f8 e7f8 e4d5,1293,74,95,20134,advantage endgame intermezzo short,https://lichess.org/BvD0xStw/black#47,,
ltFvd,2kr4/pp1rbppp/6q1/3N1b2/5P2/6P1/PPP3QP/2KRR3 b - - 0 19,g6c6 d5e7 d7e7 g2c6 b7c6 e1e7,1782,75,95,13813,crushing discoveredAttack fork long middlegame,https://lichess.org/6hkVBRQ2/black#37,Richter-Veresov_Attack Richter-Veresov_Attack_Other_variations,
VJUwR,8/R7/3p2pk/1NpPpq2/2P2p1p/5Q1P/3n2P1/6K1 w - - 5 39,f3f2 f5b1 g1h2 d2f1 f2f1 b1f1,1535,76,96,19161,crushing endgame long,https://lichess.org/cWC8ComM#76,,
KZCUH,2r3k1/1p3pp1/4p2p/1P1pP3/3P4/3qP3/5QPP/5RK1 b - - 2 31,d3b5 f2f7 g8h8 f7e6,1277,74,95,12842,advantage endgame short,https://lichess.org/YDBQ63bm/black#61,,
wgR0N,r1bqk2r/1ppn1ppp/p2bp3/3pN3/P1PP1P2/2N5/1P3PPP/R2QKB1R b KQkq - 0 9,f7f6 d1h5 g7g6 e5g6 h7g6 h5h8,1256,74,96,15524,advantage long middlegame,https://lichess.org/0N656CyD/black#17,Indian_Defense Indian_Defense_London_System,
2R9Ln,7k/1R6/p1p5/P5pp/7n/1B5P/1P3PK1/3Nr3 w - - 4 35,g2g3 e1g1 g3h2 h4f3,1545,77,95,13753,endgame mate mateIn2 short,https://lichess.org/0CVcnUKO#68,,
8MWDU,r4r2/1pp2pk1/p1n3pp/8/2B1QRP1/P7/1qP4P/5RK1 b - - 3 25,b2e5 f4f7 f8f7 f1f7 g7h8 e4g6,1417,74,96,20993,crushing long middlegame,https://lichess.org/YiG1weIX/black#49,,
zmwxR,6k1/3q1p2/3p3p/1R1Pp1pn/4P3/5P1P/4QBPK/2r5 w - - 2 32,f2e3 c1h1 h2h1 h5g3 h1h2 g3e2,1530,76,97,23701,advantage attraction endgame fork long sacrifice,https://lichess.org/9ESASu7x#62,,
LsJzM,2r3k1/p2q1pp1/R1b1rn1p/4p3/4P2N/2QP3P/4NPP1/2R3K1 w - - 6 25,h4f5 c6b7 a6a7 c8c3,1693,73,96,13657,advantage discoveredAttack middlegame short,https://lichess.org/JOkmc98M#48,,
uEOqf,8/p7/8/7R/1P4k1/P6N/2r4r/R4K2 w - - 2 37,h5h8 h2h1 h3g1 h1h8,1219,76,95,20340,crushing endgame short,https://lichess.org/wjUMMrmT#72,,
JMhZv,8/1q3p1k/6pP/8/3Q4/6PK/5P2/8 b - - 2 40,h7h6 d4h8 h6g5 f2f4 g5f5 h8e5,1662,75,96,13517,endgame long mate mateIn3 queenEndgame,https://lichess.org/eNOY7UmL/black#79,,
ehNIZ,rn1qk1nr/1p3ppp/p1pb4/3NNb2/Q2P1B2/8/PP2PPPP/R3KB1R b KQkq - 0 9,d6e5 f4e5 d8d5 e5g7,1273,77,95,18261,advantage opening pin short,https://lichess.org/R8s3iIpY/black#17,Queens_Gambit_Declined Queens_Gambit_Declined_Baltic_Defense,
49e7p,3r1rk1/pp2qppp/2p1b1P1/7P/4p3/1P2P1Q1/PBPR1P2/2K4R b - - 0 19,d8d2 g6h7 g8h7 g3g7,1506,75,95,20520,advancedPawn attraction discoveredAttack kingsideAttack mate mateIn2 middlegame short,https://lichess.org/7GnKMoOp/black#37,Mikenas_Defense Mikenas_Defense_Other_variations,
3AZG3,r5k1/2r2b2/3R1Pp1/p3p3/R1P1P1B1/8/7P/6K1 b - - 1 30,f7c4 a4c4 c7c4 g4e6 g8h8 e6c4,1760,73,97,15458,attraction crushing endgame exposedKing fork long sacrifice,https://lichess.org/jwprdV5v/black#59,,
BZTmH,r4r2/ppp1pp2/3p1k1N/6q1/3P1P2/4P3/PP4PQ/2K4R b - - 0 24,g5g6 h2h4 f6e6 f4f5 e6d7 f5g6,1357,75,95,21162,crushing endgame exposedKing fork long,https://lichess.org/YAPHRnCC/black#47,,
IpaBP,8/4k3/4P3/1p2K1p1/2p5/2P5/6PP/8 w - - 1 41,e5f5 b5b4 c3b4 c4c3,1278,78,97,15093,crushing endgame pawnEndgame short,https://lichess.org/Ix7REGFh#80,,
pLAWD,rn2kb1r/ppp1pppp/3q1n2/3P1b2/2B5/2N2P2/PPP3PP/R1BQK1NR w KQkq - 1 8,c3b5 d6b4 c1d2 b4c4,1357,76,94,15388,advantage fork opening short,https://lichess.org/KGGhsVUq#14,Scandinavian_Defense Scandinavian_Defense_Gubinsky-Melts_Defense,
bxMu7,R5k1/2q2ppp/2n1bn2/1p2p3/8/4P3/1P2BPPP/3RB1K1 b - - 0 23,c6b8 e1a5 c7c8 d1d8 c8d8 a5d8,1601,74,95,20604,crushing fork long master middlegame,https://lichess.org/cYtEWXBJ/black#45,,
LoYnS,6k1/pppr1r2/2q3pQ/5p2/8/2B4P/PP3PP1/4R1K1 b - - 0 35,f7h7 e1e8 g8f7 h6f8,1263,75,96,17416,endgame mate mateIn2 short,https://lichess.org/CuebuWQl/black#69,,
fKhdQ,1r3rk1/p4ppp/q3p3/3pP2P/P1p3Q1/1P2R3/2P3P1/R6K b - - 0 22,h7h6 e3g3 g7g5 h5g6,1494,75,96,27972,advantage enPassant endgame quietMove short,https://lichess.org/IN2kIueR/black#43,,
1vaOg,8/R4R2/2p2k1p/p7/P5P1/3q2nP/6K1/8 b - - 6 58,f6e5 a7e7 e5d4 e7d7,1408,75,96,14605,crushing endgame short,https://lichess.org/O3TvXk7H/black#115,,
IsoUm,8/3p2pp/2k5/r2pPp2/5P2/3P2P1/pK5P/R7 w - - 2 43,a1a2 a5a2 b2a2 c6c5 a2b2 c5d4 b2c2 d4e3,1599,75,95,20286,crushing endgame master rookEndgame superGM veryLong,https://lichess.org/84QKkMGK#84,,
EIGgF,8/5k2/3Kp3/3p1pp1/1N3n1P/1P3R2/2P5/4r3 b - - 0 43,f7f6 h4g5 f6g5 f3f4,1718,73,94,13388,advantage endgame short,https://lichess.org/g89iR7fu/black#85,,
XsvLi,8/8/p1pQ3p/5ppk/P1P2r2/7K/1P5P/RN4r1 w - - 2 33,d6f4 g5g4 f4g4 f5g4,1391,74,96,21091,endgame mate mateIn2 short,https://lichess.org/M9Ra8gyy#64,,
9A6fb,8/3q4/Q7/1Pk5/K7/8/8/8 w - - 1 60,a4a5 d7d2 a5a4 d2a2,1478,74,96,19132,endgame mate mateIn2 queenEndgame short,https://lichess.org/dZi4CJxA#118,,
sbunh,4Qbk1/pppn1p1p/2q3p1/8/3P2b1/1PP2N1n/P2N1P1K/R1B5 w - - 1 21,f3e5 d7e5 e8c6 e5c6,1504,76,94,22568,advantage middlegame short,https://lichess.org/PCH5otFm#40,,
MIDKY,5r2/4Qp1k/p5pp/8/4p3/1P4P1/P4RK1/3q4 b - - 3 39,d1d8 f2f7 f8f7 e7d8,1661,74,96,15406,crushing deflection endgame short,https://lichess.org/SQ0kce2N/black#77,,
5GblI,q5k1/p6p/3p2p1/2pb1p1n/P2N1P2/R5K1/1P4PP/2B1Q3 w - - 1 25,g3h3 d5g2 h3h4 a8d8 e1e7 d8e7,1531,75,95,16900,exposedKing long mate mateIn3 middlegame,https://lichess.org/hpmwHBwS#48,,
EeKIl,3r2k1/1BR2pp1/4b2p/8/8/6P1/1r3P1P/5RK1 w - - 2 25,g1g2 b2b7 c7b7 e6d5 g2g1 d5b7,1536,73,96,23773,advantage attraction endgame fork long sacrifice,https://lichess.org/2Fggoogg#48,,
bm2Oc,r2q1rk1/p3bpp1/2p2n1p/4p3/2B1P1b1/2N2Q2/PPP3PP/R1B1R1K1 w - - 2 13,f3g3 d8d4 g1h1 d4c4,1672,78,97,21378,advantage fork middlegame short,https://lichess.org/1Gj2CAR8#24,Sicilian_Defense Sicilian_Defense_Lowenthal_Variation,
ca0Xh,r4rk1/1pq1ppbp/2n1b1p1/p1P5/1nP5/NQ3N2/PP1BBPPP/R2R2K1 w - - 0 14,d2c3 a5a4 b3b4 c6b4,1541,73,95,17958,advantage master middlegame short trappedPiece,https://lichess.org/WLz3x7Fk#26,Scandinavian_Defense Scandinavian_Defense_Richter_Variation,
D587f,3r2rk/pp2qppp/2p5/3BP1R1/7Q/2PP4/P1PK3P/6R1 b - - 0 26,c6d5 h4h7 h8h7 g5h5,1286,73,95,24782,attraction endgame kingsideAttack mate mateIn2 sacrifice short,https://lichess.org/aNPHX7Xf/black#51,,
EGWzF,r1b2r2/ppq2k2/2n1ppR1/3p3Q/3P4/2P5/PP3PPP/RN4K1 b - - 2 19,f7e7 g6g7 e7d6 g7c7,1383,76,95,15409,crushing middlegame short skewer,https://lichess.org/VtVa1Rq2/black#37,Caro-Kann_Defense Caro-Kann_Defense_Exchange_Variation,
hihvP,4r3/5k2/3R4/4BPb1/1P2K3/5P1p/3P4/8 w - - 1 49,e4d5 e8e5 d5e5 h3h2,1528,73,95,20746,advancedPawn advantage endgame master sacrifice short,https://lichess.org/wKz3h5LR#96,,
ZIzQY,r1bq2k1/p2Q1R2/1p2p1p1/3pN2p/3P2N1/8/PP5P/1K6 b - - 0 26,c8d7 g4h6 g8h8 e5g6,1639,78,94,13216,endgame mate mateIn2 short,https://lichess.org/dpsv3wlq/black#51,,
grJyU,1k1r1b1r/Npp2ppp/n3pn2/7q/3P4/5P1P/PPP1BP2/R1BQK2R w KQ - 1 12,e2a6 h5a5 c2c3 a5a6,1637,75,96,14406,advantage fork opening short,https://lichess.org/qq9tQ9qh#22,Scandinavian_Defense Scandinavian_Defense_Main_Line,
xaVmc,r6r/ppkn2pp/1n2Qq2/3Pp3/8/3B3P/PPP2P2/2KR2R1 b - - 5 19,h8g8 d5d6 c7b8 e6g8,1535,76,96,23897,crushing interference middlegame short,https://lichess.org/zJ3qZxlI/black#37,Queens_Pawn_Game Queens_Pawn_Game_Other_variations,
h1x6n,3r1k1r/pQNn1ppp/8/2b1Pq2/2B2P2/8/PP5P/R1B2K1R w - - 1 19,b7f3 d7e5 c7e6 f7e6,1262,75,95,17215,crushing middlegame short,https://lichess.org/4nGlQ4Ob#36,Queens_Gambit_Accepted Queens_Gambit_Accepted_Central_Variation,
aa2VV,4r3/p4Q1p/2bp4/6p1/2P3k1/7P/q5P1/5R1K b - - 0 36,g4g3 f1f3 c6f3 f7f3 g3h4 f3g4,1689,75,97,17464,endgame long mate mateIn3 sacrifice,https://lichess.org/emq0EKDy/black#71,,
SwObK,r1b1k2r/pp2qNpp/2p2n2/4pP2/7n/1Q2B3/P3B1PP/3R1RK1 b kq - 0 19,e7f7 d1d8 e8d8 b3f7,1583,76,97,20484,crushing deflection middlegame short,https://lichess.org/KwK7ewum/black#37,Italian_Game Italian_Game_Evans_Gambit,
9dty7,8/2r5/3pkpR1/p7/1P1RPP2/PKP1r3/8/8 w - - 2 37,d4c4 a5a4 b3a4 c7c4,1509,76,95,17548,crushing deflection endgame rookEndgame short,https://lichess.org/JCDvfTik#72,,
t8rjx,rnb1k1nr/ppp1bppp/8/3q4/3P1p2/5N2/PPP3PP/RNBQKB1R w KQkq - 1 6,c1f4 d5e4 f1e2 e4f4,1584,76,93,18609,advantage fork opening short,https://lichess.org/wjzu9sLb#10,Kings_Gambit_Accepted Kings_Gambit_Accepted_Modern_Defense,
AOskU,r2q2r1/pp3kp1/1n2pp1p/3pN3/2pP1BP1/b1P1PQ1P/2P2PK1/1R2R3 b - - 5 19,f6e5 f4g5 f7g6 g5d8,1720,73,95,16886,advantage discoveredAttack middlegame short,https://lichess.org/RJtj5qdT/black#37,Queens_Pawn_Game Queens_Pawn_Game_Chigorin_Variation,
mtXqa,r1b2rk1/pp4pp/1n6/3N1p2/3PB3/4P3/PPQN3q/R2K1R2 b - - 0 17,f5e4 d5e7 g8h8 f1f8,1250,75,94,17786,backRankMate deflection mate mateIn2 middlegame short,https://lichess.org/9tMMI3Db/black#33,Semi-Slav_Defense Semi-Slav_Defense_Other_variations,
kSSum,r7/p3p1kp/1p3rp1/3QNq2/8/2P5/PP4P1/R2K3R w - - 1 27,h1e1 f6d6 d5d6 e7d6,1570,73,95,22642,advantage middlegame pin short,https://lichess.org/K8Fb4LNC#52,,
Thvjy,4R3/7k/3pQ1pp/p7/1p1q1P2/7P/6P1/3r1BK1 w - - 3 36,g1h2 d4f4 g2g3 f4f2 f1g2 f2g1,1339,74,97,12972,endgame fork long mate mateIn3,https://lichess.org/LrJaftpi#70,,
uTcvG,2r2b1k/3R1p1p/p4p2/4rN1Q/2p1q3/6PK/P4P1P/3R4 w - - 2 29,d7f7 e4f5 h5f5 e5f5,1325,78,95,23034,crushing master masterVsMaster middlegame short,https://lichess.org/mDTqbRIE#56,,
RwJRh,r2qr1k1/p2N1p2/2p4p/3p2p1/5nP1/3B1P2/PPP3P1/R2QR1K1 b - - 0 21,f4d3 e1e8 d8e8 d7f6,1378,73,96,22058,crushing kingsideAttack middlegame short,https://lichess.org/DvVlifzB/black#41,,
CVPW7,r2r1nk1/5ppp/p2p1b2/1p2p3/4P1B1/1N4Q1/PP2RPPP/1q1R2K1 b - - 3 20,b1a2 d1a1 a2a1 b3a1,1493,76,94,21108,advantage middlegame short trappedPiece,https://lichess.org/j05NrDn6/black#39,,
weVzQ,6r1/7p/3P4/2Pk1p2/3Np1r1/1P5n/P6P/4RR1K w - - 3 34,d4f5 g4g1 f1g1 h3f2,1598,74,96,13280,endgame master masterVsMaster mate mateIn2 sacrifice short,https://lichess.org/bWsTV5c3#66,,
t2Zw8,r2qr1k1/p2n1pp1/1p1ppP1p/2p5/2PP3B/P1PB1b2/2Q2PPP/R3K2R b KQ - 0 14,f3b7 d3h7 g8h8 f6g7 h8g7 h4d8,1198,73,94,13462,advancedPawn crushing discoveredAttack kingsideAttack long middlegame,https://lichess.org/kog9hLCf/black#27,Nimzo-Indian_Defense Nimzo-Indian_Defense_Three_Knights_Variation,
2mkl7,4k3/1R3p2/2P1p3/7r/3PK3/8/8/8 w - - 3 54,b7f7 e8f7 c6c7 h5h8,1352,76,95,19677,crushing defensiveMove endgame hangingPiece rookEndgame short,https://lichess.org/K8vnNocX#106,,
jc79Y,5rk1/6pn/p1Q4p/1p2R3/8/5N2/1q3PPP/6K1 w - - 2 26,c6a6 f8f3 e5e8 f3f8,1834,73,94,13306,advantage endgame short,https://lichess.org/0QivMRoO#50,,
6fcL4,1r4rk/p1p2p1p/1p3PpQ/8/2p2R2/2P5/P1Pq3P/6K1 b - - 5 31,d2c3 h6h7 h8h7 f4h4,1260,73,95,21643,attraction endgame mate mateIn2 sacrifice short,https://lichess.org/s1nP75xF/black#61,,
2kX6l,3q1Nk1/pb3pp1/1p6/3r4/8/3B1n2/P2Q1PPP/3R1RK1 w - - 1 20,g2f3 d5g5 d2g5 d8g5 g1h1 b7f3,1513,77,95,15281,long master mate mateIn3 middlegame,https://lichess.org/b1hED4G2#38,,
Ue4Lp,2r1r1k1/ppqn2b1/2p2pQ1/3P2N1/8/1PB3P1/P4PK1/7R b - - 0 26,e8e7 h1h8 g8h8 g6h7,1820,75,95,14537,attraction kingsideAttack mate mateIn2 middlegame pin sacrifice short,https://lichess.org/95YKok59/black#51,,
O3VaW,3r2k1/p2q1p2/1p3Q1p/3p2p1/5n2/P4P2/1PP2BPP/4R2K b - - 1 27,d7d6 e1e8 d8e8 f6d6,1415,76,95,19022,crushing deflection endgame short,https://lichess.org/n0pac6hl/black#53,,
zedMq,6k1/ppqP2p1/6p1/8/6Pp/P2QP2P/1r1n1RBK/8 w - - 1 39,f2f4 d2f3 h2h1 c7c1 d3f1 c1f1 g2f1 b2h2,1985,77,95,13871,arabianMate endgame mate mateIn4 pin veryLong,https://lichess.org/xWyZzp1A#76,,
wggdx,8/8/8/3K4/8/p2k4/P7/8 w - - 3 62,d5c5 d3c3 c5b5 c3b2 b5b4 b2a2 b4c3 a2b1,1194,77,96,12807,crushing endgame master pawnEndgame veryLong,https://lichess.org/j7XRgF90#122,,
Cu7jP,2r1r2k/pppp1ppp/8/8/2q5/P7/1P1QNPPP/R3K2R w KQ - 2 16,b2b4 e8e2 d2e2 c4c3 e1f1 c3a1,1260,74,96,21548,crushing fork long middlegame sacrifice,https://lichess.org/oSwjffdE#30,English_Opening English_Opening_Kings_English_Variation,
46F0C,r1bq1rk1/2p1bppp/p1N1p3/8/4n3/1Bp5/PPP2PPP/R1BQ1RK1 b - - 0 12,d8d1 c6e7 g8h8 f1d1,1416,72,96,24841,advantage hangingPiece intermezzo opening short,https://lichess.org/2TNdYpuz/black#23,French_Defense French_Defense_Mediterranean_Defense,
Hw4nP,r1bR4/p5k1/1p2p1p1/3pN3/3p4/8/PPPKNrP1/3R4 w - - 0 21,d1h1 f2e2 d2e2 c8a6 e2d1 a8d8,1498,75,95,19612,advantage attraction discoveredAttack long middlegame sacrifice,https://lichess.org/ovvPq3v4#40,,
Jmx78,8/1pp3pk/1p1p2rp/1P2p3/P3P2r/2P2PqP/4QRP1/5R1K w - - 3 36,e2d2 h4h3 g2h3 g3h3 f2h2 h3f1,1334,77,95,20899,deflection endgame kingsideAttack long mate mateIn3 sacrifice,https://lichess.org/QG1V39ST#70,,
frty0,2r1k2r/5pp1/p3p3/1p4Q1/4p3/1P5P/KPq2P2/3R3R b k - 1 24,c2c5 d1d8 c8d8 g5c5,1610,78,96,21919,advantage deflection endgame short,https://lichess.org/T2o6p4wN/black#47,,
bD9d4,8/3k4/P7/2p1Bp2/5Pr1/7K/8/8 b - - 0 46,c5c4 a6a7 g4g8 e5b8,1248,76,96,17506,advancedPawn crushing defensiveMove endgame short,https://lichess.org/wBpIo23x/black#91,,
tG86b,r3qb1r/kp1np1p1/p1p1pn1p/2PpN3/3P1BPP/1Q6/PP3P2/RN2K2R b KQ - 2 16,d7e5 b3b6 a7b8 f4e5 b8c8 b6c7,1250,76,95,19675,intermezzo long mate mateIn3 middlegame,https://lichess.org/22odrpLg/black#31,Caro-Kann_Defense Caro-Kann_Defense_Advance_Variation,
RTkGA,r1bq2k1/pp4pp/2p1p2r/3p4/2PPnPp1/2N1P3/PP2QPBP/R5RK w - - 0 16,g2e4 h6h2 h1h2 d8h4 h2g2 h4h3,1838,77,96,14040,attraction kingsideAttack long mate mateIn3 middlegame sacrifice,https://lichess.org/MQoRcDOi#30,Dutch_Defense Dutch_Defense_Queens_Knight_Variation,
DcGZD,3q1nk1/p4r1p/1p2RbpP/2p5/3p1PQ1/1P6/PBPP4/1K5R w - - 1 33,e6c6 d8d5 h1g1 d5c6,1629,75,96,15470,advantage fork middlegame short,https://lichess.org/xjxD8f9h#64,,
aLp7G,6r1/1p3q1k/p3bb1p/5p2/3QpP2/1PN1N2P/PP1R2P1/7K w - - 12 37,d4d6 g8d8 d6d8 f6d8,1528,74,96,14389,advantage master masterVsMaster middlegame short,https://lichess.org/4vfcuCdZ#72,,
YuR0f,4r3/p1p4k/6pP/1r3n2/3B4/2PK4/P6R/7R w - - 1 36,h2e2 e8e2 d3e2 f5g3 e2d3 g3h1,1512,74,96,22027,attraction crushing endgame fork long master,https://lichess.org/4dKBwSYu#70,,
ufDbz,4k3/3r1pp1/3b3p/8/Q7/P3P3/1PP2qPP/2KR4 w - - 2 34,d1d6 f2e1 d6d1 e1d1,1369,75,95,18553,endgame mate mateIn2 short,https://lichess.org/3iSB8flE#66,,
LBYkV,2r4r/5pk1/Q4pp1/4q3/8/1B4R1/PPP3PP/6RK w - - 1 31,a6d3 h8h2 h1h2 c8h8,1543,73,95,15049,attraction mate mateIn2 middlegame sacrifice short,https://lichess.org/2Wr4AmfK#60,,
0BDZH,2r2r1k/p5pp/qpn5/3N4/P2P4/2P4P/2Q1RPP1/R5K1 w - - 3 32,a1e1 c6d4 c2d1 d4e2,1375,74,93,19647,advantage kingsideAttack middlegame short,https://lichess.org/U5uNTSRh#62,,
kgRe6,7k/pRR3p1/5pbp/8/1P5P/5NB1/5PPK/1r1r4 w - - 5 30,h2h3 g6f5 h3h2 d1h1,1226,78,95,14248,mate mateIn2 middlegame short,https://lichess.org/6HqEPXRQ#58,,
mxKsw,1rb4Q/p1Np4/3P4/1p4p1/6kq/5P2/PPP3P1/6K1 b - - 0 40,g4g3 h8e5 h4f4 e5e1,1475,74,96,21791,endgame mate mateIn2 short,https://lichess.org/wca5siOe/black#79,,
WetYy,2kr1b1r/ppp2ppp/5n2/4p3/3q4/2N2B2/PPP2PPP/3RQRK1 b - - 1 12,d4f4 f3b7 c8b7 d1d8,1672,74,94,13408,crushing deflection middlegame queensideAttack short,https://lichess.org/VR3aHdmZ/black#23,Scandinavian_Defense Scandinavian_Defense_Mieses-Kotroc_Variation,
inSJ1,8/8/4Pk2/ppp2Pp1/3b2P1/3b1B2/6Kp/2B5 b - - 1 50,a5a4 c1g5 f6g5 e6e7,1431,76,96,13709,advancedPawn advantage bishopEndgame endgame sacrifice short,https://lichess.org/r9173mNM/black#99,,
Zd1aV,5knr/p2q1pp1/4p1Qp/4r2P/1P3NP1/2P2R2/P1n2PK1/1N6 b - - 7 26,f7g6 f4g6 f8e8 f3f8,1444,73,97,18668,doubleCheck fork mate mateIn2 middlegame short,https://lichess.org/v5EboETe/black#51,,
dJAlc,8/p6Q/1p4P1/2b3kp/P6P/6P1/6K1/4q3 b - - 0 41,g5g4 h7d7 e1e6 d7e6,1436,78,95,17225,endgame mate mateIn2 short,https://lichess.org/B6NomrFK/black#81,,
QpOvd,4r2k/3R3p/r1N5/p5R1/Pp2p1P1/2b1P2P/5P2/6K1 w - - 1 30,c6e7 c3f6 g5f5 f6e7,1610,84,87,139208,advantage endgame short,https://lichess.org/u8IbPjdY#58,,
LWPKP,8/1k1r1P2/p5Kp/8/8/PP6/3p4/3Rr3 b - - 0 42,e1g1 d1g1 d2d1r g1d1 d7d1 f7f8q,1629,78,96,13628,advancedPawn crushing endgame hangingPiece long promotion rookEndgame,https://lichess.org/TPySgbvK/black#83,,
Q5D4A,2k3rr/ppp1n3/2np1Q2/8/2B1P2p/6Pq/PP3P1B/3RR1K1 b - - 1 22,h4g3 c4e6 c8b8 e6h3,1391,74,96,13876,advantage fork middlegame short,https://lichess.org/HhSg13Wt/black#43,,
2rqHB,r4rk1/2R2p2/1P5p/4p3/p7/4P3/6PP/5RK1 b - - 0 27,f8b8 b6b7 b8b7 c7b7,1655,78,96,19868,advancedPawn crushing endgame rookEndgame short,https://lichess.org/3hiezS3q/black#53,,
NlP4b,rn1q1rk1/pb2bppp/1p1ppn2/4P3/2B5/2N1BN2/PPP2PPP/R2Q1RK1 b - - 0 10,b7f3 d1f3 b8d7 e5f6,1419,74,93,14253,advantage opening short,https://lichess.org/RlyIrJzV/black#19,Sicilian_Defense Sicilian_Defense_Scheveningen_Variation,
g1LeK,rn4k1/ppp1qppp/8/8/6Q1/2rB1N2/P1P3PP/R3K2R w KQ - 2 15,g4e4 e7e4 d3e4 c3e3 e1f2 e3e4,1314,74,95,20574,advantage exposedKing fork long middlegame,https://lichess.org/MmLpqfG1#28,Philidor_Defense Philidor_Defense_Nimzowitsch_Variation,
zK24T,2kr2r1/ppp1qp2/5p2/3Pn2p/Q1B3bB/P3P3/1P3PPP/R4RK1 w - - 1 17,c4a2 e5f3 g1h1 f3h4,1716,79,95,16242,advantage kingsideAttack middlegame short,https://lichess.org/5CA4AHbA#32,Indian_Defense Indian_Defense_Knights_Variation,
HHq2j,4R3/1b4rk/pp1q2pb/2p5/3p1PRQ/P2P3P/1P5K/8 b - - 15 33,d6c6 h4h6 h7h6 g4h4,1950,77,94,13426,attraction mate mateIn2 middlegame sacrifice short,https://lichess.org/VBfIojLk/black#65,,
zJKxq,r1b2r2/1ppq2k1/p2ppbpp/4n3/2P5/2N3Q1/PPBN1PPP/R4RK1 b - - 1 17,f6g5 f2f4 f8f4 f1f4 g5f4 g3f4,1861,74,94,12950,advantage fork long middlegame,https://lichess.org/ooNrRkoN/black#33,English_Opening English_Opening_Agincourt_Defense,
SMEY4,8/5kpp/2K1b3/p4p2/R1p2P2/2R3P1/P2rP2P/8 w - - 6 31,c3e3 e6d7 c6b6 d7a4,1492,74,95,26395,advantage endgame short skewer,https://lichess.org/OesmumxC#60,,
K0HEl,6k1/p4p2/QpB4p/1Pq3p1/2b4P/4P1P1/5P2/6K1 w - - 0 29,h4h5 c5c6 b5c6 c4a6,1491,76,96,17222,crushing endgame master short,https://lichess.org/SbloV3ar#56,,
8rIlv,r1bq4/ppp2rbk/6Np/3Np3/2PnP3/P2B2P1/1P3P2/R2QK2R b KQ - 0 18,h7g6 d1h5 g6h7 h5f7,1416,74,95,22960,advantage deflection middlegame short skewer,https://lichess.org/QxZTWwjv/black#35,Dutch_Defense Dutch_Defense_Queens_Knight_Variation,
6ZgRE,r3rk2/ppp2p1p/1b3p2/8/4P1Q1/2B3P1/qPP4P/2KR1R2 w - - 2 24,c3f6 b6e3 d1d2 a2a1,1251,76,96,17922,mate mateIn2 middlegame pin queensideAttack short,https://lichess.org/Lp87Jv7a#46,,
arxic,6rk/pp3pqp/3pn3/8/4pN2/2P1P3/PP2QPrP/3R1R1K w - - 4 24,f4h5 g2h2 h1h2 g7g2,1514,74,96,20786,attraction kingsideAttack mate mateIn2 middlegame sacrifice short,https://lichess.org/ggLSy3yf#46,,
irxDi,r7/2p2pkp/2pr1qp1/8/P4P2/4P3/2Q2P1P/R1R4K w - - 3 22,c2c3 d6d1 h1g2 f6c3 c1c3 d1a1,1611,75,96,24533,capturingDefender crushing endgame long,https://lichess.org/HWKwtqSv#42,,
RCLMB,2kr3r/ppp2ppp/2np4/4pb2/4q3/2P1PN1P/PP1KB1P1/RN1QR3 w - - 6 12,e2b5 e4d5 d2c1 d5b5,1359,76,95,24289,advantage fork middlegame short,https://lichess.org/DjN1Jx8w#22,Kings_Pawn_Game Kings_Pawn_Game_Macleod_Attack,
EcfcT,r3k2r/q3bppp/2b1pn2/p1p5/Nn2PP2/1B3N2/1PP1Q1PP/R1B2RK1 w kq - 0 17,a4c3 c5c4 c1e3 e7c5 e2c4 c5e3,1346,74,96,12822,advantage clearance discoveredAttack long middlegame,https://lichess.org/zkeMU3uo#32,Sicilian_Defense Sicilian_Defense_McDonnell_Attack,
Kjsfj,5rk1/1p6/p2p2p1/3Pb1Bp/P1Q5/7P/4r1b1/6RK w - - 0 30,g1g2 f8f1 g2g1 e2h2,1381,75,95,14239,endgame mate mateIn2 short,https://lichess.org/ud4XrvSd#58,,
jLcJK,3r2k1/p3R2R/1p1p1rp1/2pPb3/P1P5/1P1q1p2/7P/4QN1K b - - 0 34,d3e2 h7h8 g8h8 e1h4 h8g8 h4h7 g8f8 h7g7,1853,72,96,14635,attraction exposedKing kingsideAttack mate mateIn4 middlegame sacrifice veryLong,https://lichess.org/TyVLHlro/black#67,,
pUDTm,3r1rk1/p1qR1pp1/1pp1p2p/8/4Nb2/P4P2/1PQ1BP1P/4K1R1 b - - 0 19,d8d7 e4f6 g8h8 c2h7,1174,78,96,15583,kingsideAttack mate mateIn2 middlegame pin short,https://lichess.org/r0yJA2wq/black#37,Queens_Pawn_Game Queens_Pawn_Game_Colle_System,
1Wr5b,rn1qk1nr/ppp2ppp/8/8/2BP1pbb/2N2N2/PPP3P1/R1BQK2R w KQkq - 0 9,h1h4 g4f3 d1f3 d8h4,1258,75,95,22911,advantage capturingDefender intermezzo opening short,https://lichess.org/qY00hzSs#16,Kings_Gambit_Accepted Kings_Gambit_Accepted_Cunningham_Defense,
Xl23Y,r5k1/2pq1pp1/1bn1b1n1/1p1pP1NQ/3P4/2P1B3/1P4PP/1N3RK1 b - - 5 19,a8a1 h5h7 g8f8 h7g6,1960,71,96,13304,crushing kingsideAttack middlegame pin short,https://lichess.org/liahzgZP/black#37,Kings_Gambit_Accepted Kings_Gambit_Accepted_MacLeod_Defense,
PJcAy,6k1/pp1r2p1/2p2R1p/1q5P/2n5/P5Q1/1PP5/1K4R1 w - - 1 33,g3c3 c4d2 b1c1 d2e4 c3f3 e4f6,1626,75,96,15639,advantage endgame fork long,https://lichess.org/pB9622pV#64,,
KsnYo,2r3k1/pp2R1p1/4p1Np/3pb3/8/PP1Bq3/2QN2PP/7K b - - 0 27,c8c2 e7e8 g8f7 e8f8,1557,77,98,17419,mate mateIn2 middlegame short,https://lichess.org/gsES6Zay/black#53,,
fUjM0,5r1k/1p2Q2p/3p3P/p7/2p5/2P2q2/1P3P2/1K2R3 b - - 0 31,f3f6 e7f6 f8f6 e1e8 f6f8 e8f8,1404,77,97,22473,clearance endgame long mate mateIn3,https://lichess.org/xemskUrJ/black#61,,
HnQRv,2r2rk1/3R1ppp/p7/1p6/1P2q3/P7/1P3QPP/5RK1 b - - 1 24,c8c2 f2f7 f8f7 d7d8 e4e8 d8e8 f7f8 f1f8,1390,75,96,16669,endgame mate mateIn4 sacrifice veryLong,https://lichess.org/klfEMnLk/black#47,,
rVM6j,8/p6Q/5k2/8/2q4K/2P3P1/PP6/8 w - - 3 51,h4h5 c4e2 h5h4 e2h2 h4g4 h2h7,1701,76,96,15372,crushing endgame long queenEndgame skewer,https://lichess.org/rkfG6yxI#100,,
4Ubf6,6rk/p1p2Qpp/1p6/8/5P2/7P/PPq3P1/4R2K b - - 0 24,c2b2 e1e8 b2c1 h1h2 c1f4 f7f4,1486,77,96,19820,crushing endgame long,https://lichess.org/nBQ7kaPW/black#47,,
FIStC,r4rk1/3n1ppp/3p1n2/p7/3NP3/3PPP2/PqPQ3P/1R3RK1 b - - 2 16,b2a2 b1a1 a2b2 f1b1 b2b1 a1b1,1466,76,97,20981,advantage clearance long middlegame trappedPiece,https://lichess.org/6Gi4HQQ6/black#31,Kings_Pawn_Game Kings_Pawn_Game_Busch-Gass_Gambit,
uIPlq,4r1k1/p1pr1pp1/7p/4Pq2/6R1/4Q2P/PPP3P1/4R2K w - - 1 25,e3h6 f5g4 h3g4 g7h6,1406,76,95,14625,crushing endgame short,https://lichess.org/dnzu8gDH#48,,
FNPjA,3qkb1Q/1p2n3/3pppp1/8/b1PP4/3R4/3B1PPP/r2NK2R w K - 3 24,d2h6 d8a5 e1e2 a5h5,1907,77,94,13201,crushing middlegame short,https://lichess.org/wf4ljOfP#46,,
dNQzk,r4rk1/pb3pbp/1p2pqp1/2p5/3n1B2/3P2P1/PPPN1QBP/2KR3R w - - 0 17,g2b7 d4e2 c1b1 f6b2,1578,77,94,13540,discoveredAttack mate mateIn2 middlegame queensideAttack short,https://lichess.org/SbCvPscb#32,Modern_Defense Modern_Defense_Other_variations,
EDXa8,6k1/p4p1p/2p3p1/5b2/5b2/1BP3qP/PP2Q1P1/3r2BK w - - 0 30,e2d1 g3h3 g2h3 f5e4 d1f3 e4f3,2147,86,92,160485,doubleBishopMate endgame long mate mateIn3 sacrifice,https://lichess.org/RBsZVgFq#58,,
uuyjq,5b2/4q2p/1Q4p1/p2B2k1/8/2P5/P5PP/6K1 w - - 3 36,h2h3 e7e1 g1h2 e1e5 g2g3 e5d5,1599,76,96,16688,crushing endgame fork long,https://lichess.org/F3v2SHGD#70,,
0O9oL,2r2rk1/pb3pp1/1p1p1n1p/3Pp3/Q3B2q/2P5/P2B1PPP/R3R1K1 b - - 2 18,b7d5 e4h7 g8h7 a4h4,1498,76,95,24240,advantage discoveredAttack middlegame short,https://lichess.org/sYBjrVAO/black#35,Nimzo-Indian_Defense Nimzo-Indian_Defense_Normal_Line,
NWNYj,4Qbk1/2p4p/5r2/pp1P4/1Pb5/K2n3P/P3R1B1/1R6 w - - 0 33,e2b2 a5b4 b2b4 f6a6,1650,74,97,13476,mate mateIn2 middlegame pin short,https://lichess.org/DRlmganh#64,,
HqRi8,r4r2/ppp3pQ/4k3/1P1pP1b1/3P1n2/P1P5/6P1/5RKR w - - 0 28,h7g7 f4e2 g1h2 f8h8 g7h8 a8h8,1560,75,92,14796,anastasiaMate long mate mateIn3 middlegame,https://lichess.org/ElEhE5OX#54,,
reREt,2kr4/ppp2pp1/8/2bP4/4P3/6rq/P3BP1P/2RQ2KR w - - 11 25,h2g3 h3g3 g1f1 g3f2,1488,74,94,16482,mate mateIn2 middlegame pin short,https://lichess.org/X61IPF7p#48,,
5YVVa,8/8/5p2/6k1/4P2p/5P1K/8/8 b - - 1 57,g5h5 f3f4 h5g6 h3h4,1558,75,97,16842,crushing endgame pawnEndgame quietMove short zugzwang,https://lichess.org/3GRjvesa/black#113,,
N9M2D,7k/1R5p/5p2/2pB3K/6P1/1p2rn1P/8/8 b - - 2 43,e3e5 h5h6 e5d5 b7b8 d5d8 b8d8,1565,76,96,16048,endgame long mate mateIn3 sacrifice,https://lichess.org/Esp9lUMh/black#85,,
izTGa,6k1/2p3b1/1p1p3p/p2Pn1p1/P1P5/1P4P1/3NQ1BP/2q3K1 w - - 1 32,g2f1 c1d2 e2d2 e5f3 g1g2 f3d2,1549,73,96,22123,attraction crushing endgame fork long sacrifice,https://lichess.org/N3bolXha#62,,
2IJeo,4rk2/p1P2p2/1P3p2/P1K5/8/4P2p/4b2N/8 b - - 0 43,f6f5 b6b7 e2a6 b7b8q,1421,74,97,22220,advancedPawn crushing endgame pin promotion short,https://lichess.org/9y5rqjtk/black#85,,
keKdk,8/8/p3k1pp/4Pp2/P4K1P/8/6P1/8 b - - 0 45,e6d5 h4h5 g6h5 f4f5,1787,77,95,14485,crushing deflection endgame pawnEndgame short,https://lichess.org/bsPvOJH5/black#89,,
7pcIw,rnb2q1k/pp1pn1bP/4p1Q1/2p1P1B1/2B4N/3P4/PPr5/RN2K2R w KQ - 0 18,g5e7 f8f2 e1d1 f2e2,1308,75,96,18674,mate mateIn2 middlegame short,https://lichess.org/GDa2SHu3#34,Sicilian_Defense Sicilian_Defense_Bowdler_Attack,
XM53W,k2r1b1r/p1Qpq3/Bp3p1n/3b2p1/7p/5P2/PP1N1P1P/2R2RK1 b - - 5 19,h6f7 c7c8 d8c8 c1c8,1300,74,95,16394,mate mateIn2 middlegame queensideAttack sacrifice short,https://lichess.org/V9U0tZJa/black#37,Kings_Pawn_Game Kings_Pawn_Game_Tayler_Opening,
W0jCB,3r1rk1/2p3pp/p2pp3/2p5/2N1bqPb/1P1P4/PBP1Q1K1/5RR1 w - - 0 26,e2e4 f4g3 g2h1 g3h3,1347,76,97,16154,mate mateIn2 middlegame short,https://lichess.org/ocfzfLqK#50,,
euzkU,7r/2kr1ppp/1p6/3nQ3/3Nn3/3b4/5PPP/1N2K3 b - - 3 32,c7d8 d4c6 d8c8 e5b8,1472,78,94,15093,mate mateIn2 middlegame short,https://lichess.org/vJR7SwD1/black#63,,
k4Sxr,1k6/5R2/2PK4/4P3/8/5pr1/7p/8 w - - 2 61,c6c7 b8b7 f7f8 g3g6 e5e6 g6e6 d6e6 b7c7 f8h8 f3f2 h8h2 f2f1q,1984,78,94,145219,advancedPawn advantage defensiveMove deflection endgame promotion rookEndgame sacrifice veryLong,https://lichess.org/8WTEXSqJ#120,,
Eg2rF,r2qk2r/1pp2ppp/1pnp1n2/4p1B1/1P2P1b1/2PP1QP1/P4PBP/R3K1NR w KQkq - 2 13,g5f6 g4f3 f6d8 f3g2,1434,73,97,13539,crushing middlegame short,https://lichess.org/t3F3lfWs#24,Vienna_Game Vienna_Game_Other_variations,
kpCxr,r7/1b3pk1/1p2p2p/1p4p1/1B2P3/P1P1qP2/1Q4PP/3R3K b - - 5 29,a8d8 c3c4 f7f6 d1d8,1499,76,94,13680,crushing discoveredAttack endgame short,https://lichess.org/GNRSyVoS/black#57,,
uMcnb,5r1k/3n1pR1/r3p2P/1q1pP3/3n1NQ1/P1p5/5P1K/R1B5 b - - 0 25,d7e5 g7h7 h8h7 g4g7,1555,74,96,17990,attraction mate mateIn2 middlegame sacrifice short,https://lichess.org/Egk26N7B/black#49,,
BzPP3,rn3rk1/pp2q1pp/2ppp3/3nP3/8/2N2Q2/PPP2PPP/2KR1B1R w - - 0 12,e5d6 e7g5 c1b1 f8f3,1402,75,96,21812,crushing middlegame short,https://lichess.org/UxExtu8R#22,Philidor_Defense Philidor_Defense_Exchange_Variation,
52VfV,2r3rk/2q2pp1/p3p2p/1p1bP3/3p1Q1R/2bB3P/2P2PP1/5RK1 b - - 9 31,f7f6 h4h6 g7h6 f4h6 c7h7 h6h7,1410,77,95,16778,kingsideAttack long mate mateIn3 middlegame sacrifice,https://lichess.org/fYZ7o4gr/black#61,,
BxQBz,8/8/p6r/1p3p1p/bP2k3/P1B3RP/1K3P2/8 b - - 10 47,a4d1 g3e3 e4d5 e3d3,1519,76,94,19266,advantage endgame short,https://lichess.org/wxfge9JM/black#93,,
lkmPF,8/4pk2/4pn1Q/2p2r2/5N2/2P3q1/1P4P1/5R1K w - - 3 36,f1f3 g3e1 h1h2 f6g4,1550,76,96,17610,crushing endgame master short,https://lichess.org/9K3qqPVh#70,,
fLPHO,3r1rk1/R4ppp/4p3/4P3/2BNbQ2/2q5/6PP/R6K b - - 0 29,d8d4 f4f7 f8f7 a7a8 e4a8 a1a8 d4d8 a8d8 f7f8 c4e6 g8h8 d8f8,2005,80,91,138981,backRankMate deflection mate mateIn5 middlegame sacrifice veryLong,https://lichess.org/Gc0QrIpa/black#57,,
qmUtW,5brk/6rp/ppq1pQ2/3p4/3P1P2/2P3P1/PB4K1/4R2R b - - 10 32,f8e7 h1h7 h8h7 e1h1,1403,75,96,24650,attraction kingsideAttack mate mateIn2 middlegame pin sacrifice short,https://lichess.org/iOVknolg/black#63,,
uEHpH,8/1p3kp1/p1p4p/3pR3/1n3KPP/1P3P2/P7/8 w - - 4 33,f4f5 g7g6 f5f4 b4d3 f4g3 d3e5,1249,75,98,16717,crushing endgame fork long,https://lichess.org/3rAHmxsU#64,,
KZ2aY,r5k1/p1pq2pp/1pn2p2/2p2P2/2P1r3/4B2P/P1P1Q2K/R4RN1 w - - 0 24,e2d3 d7d3 c2d3 e4e3,1273,75,95,15324,capturingDefender crushing master middlegame short,https://lichess.org/FL0Moo9Z#46,,
NKiEN,r1b2rk1/1p3ppp/p1nqpb2/3p4/5N2/2P3Q1/PP1N1PPP/R1B2RK1 b - - 5 15,g8h8 f4g6 h7g6 g3d6,1256,76,95,23395,crushing discoveredAttack opening short,https://lichess.org/4qz9V7e6/black#29,Sicilian_Defense Sicilian_Defense_Bowdler_Attack,
J5Oac,r1b2r1k/p2p2pp/2pN2q1/8/8/1B5n/PPP3PP/R2Q1R1K b - - 7 20,f8f2 d6f7 g6f7 b3f7,1643,77,94,14833,crushing kingsideAttack middlegame short,https://lichess.org/unJcXMh7/black#39,,
oY29r,R7/2p4k/6p1/3B1ppp/3b4/4qP2/1PP3PP/3Q1K2 w - - 0 25,d1e2 e3g1,1078,75,95,13501,endgame mate mateIn1 oneMove,https://lichess.org/WtkRigkp#48,,
9F0yL,8/3R2p1/7p/6k1/5bP1/5K2/3p4/8 b - - 1 46,g7g6 d7d5 f4e5 d5e5 g5f6 e5d5,1539,74,97,20825,crushing endgame long,https://lichess.org/ZGqzQse8/black#91,,
pNAM5,4rrk1/2b5/p2q2p1/3b1p2/1N4Q1/2P4P/PP4P1/3R1RBK w - - 0 27,g4d4 d5g2 h1g2 d6g3 g2h1 g3h3 g1h2 h3h2,1602,77,95,15473,attraction deflection kingsideAttack mate mateIn4 middlegame sacrifice veryLong,https://lichess.org/ZzxBfLHK#52,,
f6VZ4,r4k2/1p3r2/p1pQ4/5P2/2P3q1/P7/KP6/7R b - - 1 37,f8g7 d6h6 g7g8 h6h8,1294,76,96,14375,endgame mate mateIn2 short,https://lichess.org/6lB2PlX5/black#73,,
mu3Ab,4r3/5p1k/p1p1rP1p/1p1pR1p1/3P1P2/P1P3K1/7P/4R3 b - - 0 34,h7g6 f4f5 g6f6 f5e6,1453,76,95,20104,crushing endgame fork rookEndgame short,https://lichess.org/NUxnkvj0/black#67,,
YYmI5,6k1/1b3p2/2p2bp1/2B4p/1P3R2/3B4/2P1K1PP/r7 b - - 0 25,g8g7 f4f6 g7f6 c5d4,1491,74,95,24842,attraction crushing endgame sacrifice short,https://lichess.org/q5BPH4gU/black#49,,
hmsI6,r4rk1/6pp/p1b2q2/1p5R/8/2P2N2/P1Q2PPP/2R3K1 b - - 2 22,c6f3 c2h7 g8f7 h5f5 f6f5 h7f5,1237,75,96,13613,crushing long middlegame pin,https://lichess.org/I00hF8zZ/black#43,,
m6gc2,7R/pp4k1/5p2/8/P7/1P1q3K/7Q/8 w - - 0 45,h2g3 d3g3 h3g3 g7h8,1369,76,95,23333,crushing endgame short,https://lichess.org/9hmdQDIr#88,,
MCzoj,1r4k1/6p1/pp1p2rp/3Pp3/1PP2p1q/5Pbb/P2BQ1P1/R2R1B1K w - - 0 29,g2h3 g3f2 f1g2 g6g2 h1g2 h4g3 g2f1 g3g1,1646,74,96,14446,attraction exposedKing kingsideAttack mate mateIn4 middlegame quietMove sacrifice veryLong,https://lichess.org/axua8viU#56,,
s6sIQ,3b2k1/3Prppp/8/6P1/2p1P3/3Q1N1P/q7/1R4K1 w - - 1 33,b1b8 a2a7 g1g2 a7b8,1479,74,96,22485,crushing endgame fork short,https://lichess.org/grsh5wDp#64,,
56yoS,2k5/2p4p/p3b1r1/8/2r5/P4p2/4NPPP/R1R3K1 w - - 0 27,c1c4 g6g2 g1h1 e6c4,1449,76,96,17101,crushing endgame intermezzo short,https://lichess.org/t4EbFPst#52,,
vmf6Q,r2q2k1/ppp2p2/2n4p/3p2pQ/3Nr1b1/2P3B1/P1P1B1PP/R3K2R w KQ - 2 15,h5h6 c6d4 c3d4 e4e2,1416,73,96,19095,crushing middlegame short,https://lichess.org/R91Cawv4#28,Scotch_Game Scotch_Game_Schmidt_Variation,
OPozY,4k3/4Pp1p/8/5KP1/2P1RP2/7p/8/5r2 w - - 0 50,f5f6 h3h2 e4d4 f1f4 d4f4 h2h1q,1624,71,95,17764,advancedPawn advantage endgame long promotion rookEndgame,https://lichess.org/TeVDdLYh#98,,
ufqZ3,3Q4/5bpk/5p1p/2R5/8/5P2/p4KPP/1r6 w - - 1 40,d8d3 f7g6 d3a6 a2a1q a6a1 b1a1,1419,74,96,24323,advancedPawn advantage defensiveMove endgame long promotion,https://lichess.org/p4UueAE2#78,,
ZMTE6,r7/5P2/4P3/1pRp4/3P1kp1/2P5/6PK/8 w - - 2 45,e6e7 g4g3 h2g1 a8a1,1484,77,96,22139,endgame mate mateIn2 rookEndgame short,https://lichess.org/Mjl0SlxN#88,,
yvD1I,5rkr/ppq3p1/2p1bnnp/4p3/PQ2P3/1PN2N1P/1BP2PP1/3RR1K1 w - - 3 18,d1d6 c6c5 c3b5 c7d6 b5d6 c5b4,1608,73,96,16174,advantage long middlegame,https://lichess.org/qZCixZFJ#34,Pirc_Defense Pirc_Defense_Other_variations,
ewNi2,5q2/1Q5k/3p2pp/2p5/8/P1KP4/1PP5/8 b - - 1 45,f8g7 b7g7 h7g7 a3a4,1499,79,95,22975,crushing defensiveMove endgame queenEndgame short,https://lichess.org/CcWbM7ZH/black#89,,
QjRyK,8/5pk1/3B3p/5p2/1K2b1Pr/1PP5/4B2P/8 w - - 0 35,g4f5 e4d3 b4c5 d3e2,1575,76,95,20703,advantage discoveredAttack endgame short,https://lichess.org/Yo2ufLqz#68,,
bTn5U,8/2b5/2P1k1p1/p7/5P2/1R2P3/rB4Kp/8 w - - 0 36,g2h2 a5a4 b3a3 a2b2,1416,78,97,20817,advantage endgame short,https://lichess.org/ArMUP3Kv#70,,
mFpQ8,r7/2q1b2k/2p1b3/1pP2B2/1p1p1P2/4P3/P4PR1/6RK b - - 1 37,e6f5 g2h2 f5h3 h2h3 e7h4 h3h4,1575,74,97,17270,endgame exposedKing long mate mateIn3,https://lichess.org/Z9z3leS7/black#73,,
UACW1,2k1q2r/n3rp2/1pPR2p1/pP1p2P1/P2N1Q1p/B1Pb4/6PP/R5K1 w - - 2 31,d6f6 e7e1 g1f2 e1a1,1757,77,96,14248,crushing middlegame short,https://lichess.org/4dwWQGxF#60,,
VZ7KP,1R6/4p2p/p4kp1/5r2/P2N4/5P2/3n2PP/6K1 b - - 0 33,f5f4 b8f8 f6e5 d4c6 e5d6 f8f4,1545,76,95,13704,crushing deflection endgame long,https://lichess.org/9Af6dU4G/black#65,,
Xypt7,2R2bk1/5pp1/7p/4N3/4n3/1PB1P3/6PK/3r4 w - - 2 31,e5d7 d1d7 c3b4 e4d6,1338,75,95,22734,advantage endgame hangingPiece short,https://lichess.org/ogHvP7kQ#60,,
NEsrm,3r2k1/2q2ppp/p7/1p6/2b4Q/P1K5/1PPB4/3RR3 w - - 0 30,d2f4 c7a5 b2b4 a5a3,1702,76,95,13067,deflection mate mateIn2 middlegame short,https://lichess.org/nCqkt6zF#58,,
sl9uE,2rr2k1/1q3ppp/1p5b/1Pp4N/P2pn2P/6P1/2Q1PP2/BR1R2K1 b - - 2 26,g7g6 c2e4 b7e4 h5f6 g8h8 f6e4,1508,74,95,15529,attraction crushing fork long middlegame sacrifice,https://lichess.org/amfFcOqi/black#51,,
1KfD5,1r2r1k1/3qp2p/3p2p1/1ppP1b2/4NP2/1P2Q1P1/P3R1KP/4R3 w - - 2 24,e4f6 e7f6 e3e8 b8e8 e2e8 g8f7,1687,73,96,14152,crushing hangingPiece long middlegame,https://lichess.org/TeUWe4Ng#46,,
xZSXM,5rk1/pb3ppp/p3p3/8/NP2Pn2/P4PN1/3r2PP/2R2RK1 w - - 5 20,f1f2 d2f2 g1f2 f4d3 f2e3 d3c1,1350,73,97,14853,attraction crushing fork long middlegame,https://lichess.org/UV2pmkpB#38,,
drgVY,3r2k1/6p1/1p1Np2p/2p1q3/8/1P5P/1PP3P1/3Q1RK1 w - - 0 25,d6f7 e5e3 g1h1 d8d1,1423,77,95,20707,advantage endgame short,https://lichess.org/bxiwOP8p#48,,
rZ960,r4rk1/pp2ppbp/5np1/2p1Nb2/8/2NPBQ1P/PPP2Pq1/R3K2R b KQ - 1 12,f5h3 f3h3 g2h3 h1h3,1473,75,95,15442,advantage middlegame short,https://lichess.org/yR8mKUfP/black#23,Sicilian_Defense Sicilian_Defense_Old_Sicilian,
kNmxm,1rb1rq2/p6k/2p2PpN/2pp2Qp/8/2P4R/PP4PP/R5K1 w - - 0 36,h3g3 f8h6 g5h6 h7h6,1377,74,94,16778,crushing middlegame short,https://lichess.org/bUwn74W1#70,,
wQTHH,4r1k1/p1p2ppp/1pnr4/8/2P1N3/P1qP2PP/4QP2/1R2R1K1 b - - 0 22,c3d4 e4f6 g7f6 e2e8,1182,76,96,13154,crushing discoveredAttack kingsideAttack middlegame short,https://lichess.org/gKP7bj7X/black#43,,
8KsTR,3Qn1k1/pb3ppp/8/5q2/8/P1P1B3/1PP3KP/4R3 w - - 1 24,g2g1 f5g4 g1f1 g4g2,1267,77,95,19422,endgame mate mateIn2 short,https://lichess.org/FwJAojqF#46,,
MURe5,2k4r/1p4p1/p2Q1p1r/5Pp1/P2p4/4q2P/6K1/6RR b - - 3 41,h6h3 g1c1 e3c1 h1c1,1476,76,96,20769,advantage endgame short,https://lichess.org/HocUiGKQ/black#81,,
1byqg,rn1q1rk1/pbp2ppp/1p2p3/8/2BPn3/2PQ1N2/P4PPP/R1B1R1K1 b - - 3 11,c7c5 e1e4 b7e4 d3e4,1470,75,94,13143,crushing middlegame short,https://lichess.org/WnBMsPgc/black#21,Reti_Opening Reti_Opening_Reti_Accepted,
MOuWU,r5k1/2p2pp1/p2p1r2/1p1P4/4P1qp/1Q2RPBn/PP2N3/3R1K2 w - - 1 30,f1g2 h3f4 e2f4 g4g3,1667,74,95,14713,crushing deflection middlegame short,https://lichess.org/nd5efXhu#58,,
bPK3s,r2qr1k1/pb3pb1/4pnpp/1pB1p3/5P2/2PP1N2/PP1N2PP/R2Q1RK1 w - - 1 16,f3e5 d8d5 d1e2 d5c5,1668,76,96,15029,advantage middlegame short,https://lichess.org/zgYUnmgB#30,Sicilian_Defense Sicilian_Defense_Old_Sicilian,
5qMN1,r4r2/2p5/pq1p2k1/4p1b1/4P1n1/2B2N2/P3QPPP/2R1R1K1 w - - 0 26,f3g5 f8f2 e2g4 f2f4 g1h1 f4g4,1668,77,95,17452,advantage discoveredAttack kingsideAttack long middlegame sacrifice,https://lichess.org/LcXNaC1w#50,,
BQk0J,7k/5p1p/p4p2/3NbR2/2p5/1P2Q2P/q5P1/7K w - - 0 44,b3c4 a2b1 e3g1 b1f5,1486,75,95,24377,advantage endgame fork short,https://lichess.org/EVXFjHJN#86,,
Y4o5E,4r1k1/5q1p/2pbpprB/1p5Q/1P1P1PP1/2P1R3/8/4R2K b - - 0 32,f6f5 g4f5 f7f5 h5f5 e6f5 e3e8,1402,76,96,18629,crushing kingsideAttack long middlegame,https://lichess.org/mLPJHy5i/black#63,,
lnKIe,6k1/5pp1/3rb2p/1QR5/8/1P4PP/P2q2BK/8 b - - 1 40,d2a2 b5b8 g8h7 b8d6,1554,78,96,15488,crushing endgame fork short,https://lichess.org/oPAf5X0O/black#79,,
CQOOW,3R4/5kpp/p5q1/2b1p2r/2P2p2/1P3P1P/PB2Q1P1/7K w - - 1 33,d8d5 h5h3 g2h3 g6g1,1408,76,95,19142,endgame mate mateIn2 sacrifice short,https://lichess.org/fXIv7uX0#64,,
ytwcN,3r4/5p1k/1p4qp/2p5/2Q5/2Pn1N1P/5PP1/3R2K1 w - - 7 39,c4b5 d3f4 f3h4 d8d1,1541,74,96,19583,crushing discoveredAttack endgame short,https://lichess.org/iEcU3SPt#76,,
Q2pTm,3k3r/np5q/p2p4/3P4/3PNR2/PN6/1P4P1/5RK1 w - - 1 29,e4d6 h7h2 g1f2 h2f4,1553,73,97,22010,crushing interference middlegame short,https://lichess.org/jlgVjRrC#56,,
sh8in,3rr1k1/1ppbqpp1/p1n4p/2P5/3PB3/P7/1BQ2PPP/R3R1K1 b - - 2 20,f7f5 e4d5 g8h7 e1e7,1381,75,96,24811,crushing discoveredAttack kingsideAttack middlegame short,https://lichess.org/WaPuACpz/black#39,,
SfxjH,r4rk1/p2R2pp/2p5/1p3p2/1b2pP2/4B3/1PP3PP/2KR4 b - - 1 22,a7a5 c2c3 b4c3 b2c3,1689,77,95,15887,advantage endgame short trappedPiece,https://lichess.org/pMgUDOed/black#43,,
HKxje,8/3R2p1/6kp/4b3/6K1/5R2/7r/8 w - - 12 47,f3a3 h6h5 g4f3 h2h3 f3e4 h3a3,1360,75,95,21421,crushing endgame long skewer,https://lichess.org/qLel0Pjr#92,,
YAG22,1rb3k1/1p3rbR/p2q4/P1pP2B1/2B1pp1Q/8/1P4PP/R5K1 w - - 3 27,a1f1 g7d4 g1h1 f7h7,1429,76,94,16120,advantage discoveredAttack master middlegame short,https://lichess.org/qzNuIEMa#52,,
95Bz9,5rk1/R4pp1/1p6/1P1p4/3P1Q2/3qPPPp/6bP/2R3K1 w - - 1 34,e3e4 d3d4 f4e3 d4e3,1293,74,95,17142,endgame master mate mateIn2 short,https://lichess.org/fouuxJXB#66,,
NGSWR,4rr1k/2p1qp1p/p3nn2/1p2R3/8/N4P2/PPQ2P1P/5BRK b - - 5 27,f6d7 c2h7 h8h7 e5h5,1630,76,96,19255,attraction kingsideAttack mate mateIn2 middlegame sacrifice short,https://lichess.org/7pWMs0hs/black#53,,
iKKrD,r1bqk2r/p1p2ppp/2p5/2b5/1p2n3/3P3P/PPP2PP1/RNBQKB1R w KQkq - 0 9,d3e4 c5f2 e1e2 c8a6 e2f2 d8d1,1545,74,96,23149,attackingF2F7 crushing deflection long opening,https://lichess.org/J2aM4mvC#16,Russian_Game Russian_Game_Three_Knights_Game,
kW4zX,r2qkbnr/pb1npppp/8/8/Q1pP4/4P3/5PPP/RNB1KBNR w KQkq - 2 9,a4c4 a8c8 c4b3 c8c1,1681,71,96,17448,advantage opening short skewer,https://lichess.org/kBerEMda#16,Queens_Gambit_Accepted Queens_Gambit_Accepted_Old_Variation,
STro2,5b2/pbk4p/8/1pr1pN2/2p4P/P7/1P2BPr1/R2R1K2 b - - 0 27,c5d5 d1d5 b7d5 f5e3 g2h2 e3d5,1920,72,95,13280,advantage fork long middlegame,https://lichess.org/HLg9zh89/black#53,,
8r4rc,r4rk1/pbp2ppp/1pnq4/8/3pn3/PP3NP1/1BP1PPBP/R1Q1R1K1 w - - 0 15,f3d4 c6d4 g2e4 b7e4 c1e3 d4c2,1226,75,95,13758,capturingDefender crushing long middlegame,https://lichess.org/LBGtcP8E#28,Hungarian_Opening Hungarian_Opening_Other_variations,
VJEDB,2kr3r/pppqnpb1/6p1/3P3p/4P3/2N4P/PPPQB1P1/R3K2R w KQ - 1 15,e1c1 g7h6 d2h6 h8h6,1530,73,94,16235,crushing middlegame pin short,https://lichess.org/cUVQFOgO#28,Scandinavian_Defense Scandinavian_Defense_Modern_Variation,
P6yL3,8/p4p2/7k/6pp/4q3/2Q1P1PK/PP3P1P/2Rr4 w - - 2 25,c1d1 g5g4 h3h4 e4e7 c3f6 e7f6,1542,77,95,14047,endgame long mate mateIn3,https://lichess.org/I1vXgYxk#48,,
m7YsM,8/p2p1r1k/1p5p/5p1P/1P3Qp1/P4PK1/1Bq5/3R4 w - - 4 38,f4c1 f5f4 c1f4 f7f4,1270,74,94,15149,crushing endgame short,https://lichess.org/ncDjJOME#74,,
rQ6jR,b1r5/5p1k/4p1p1/4P2p/1R1PP3/R1P1b1QP/4qNP1/N5K1 w - - 5 40,b4a4 e2e1 g1h2 e3f2 g3f2 e1f2,1370,78,94,14708,advantage deflection kingsideAttack long middlegame,https://lichess.org/iJXerEHE#78,,
35PSg,r1b2rk1/pp1n2pp/2p2q2/3p4/3N4/2N2pP1/PPP2Q1P/2KR1B1R w - - 2 16,f1h3 f6h6 c1b1 h6h3,1491,75,96,16733,advantage fork middlegame short,https://lichess.org/gKgd9EQ2#30,Russian_Game Russian_Game_Cozio_Attack,
VC5cS,r2q1k2/1p3ppQ/p3p3/3pP3/1P6/P1R5/5PPP/5bK1 b - - 0 22,d8g5 h7h8 f8e7 c3c7,1577,75,97,14103,endgame mate mateIn2 short,https://lichess.org/fyLffIbX/black#43,,
HMZiO,r1b2k1r/pp3ppp/1qp2n2/2nP4/5P2/2N1QN2/PPP3PP/R3KB1R w KQ - 2 12,e1c1 c5b3 a2b3 b6e3,1349,75,96,22511,crushing discoveredAttack opening queensideAttack short,https://lichess.org/Qj8EvyGp#22,Lion_Defense Lion_Defense_Anti-Philidor,
pX5No,6k1/R2n1pp1/2r4p/2Pbp3/8/P3P1P1/5P1P/2R3K1 b - - 0 33,c6c5 c1c5 d7c5 a7a5,1666,72,97,13679,crushing endgame short,https://lichess.org/0fBcEAqT/black#65,,
pqhBP,r1b2rk1/1p1p4/p3p2p/4qPp1/1b6/2NQ4/PPP1N1PP/R4RK1 b - - 0 18,e6f5 d3c4 g8h7 c4b4,1366,74,94,19694,advantage fork middlegame short,https://lichess.org/T2jaIsbv/black#35,Sicilian_Defense Sicilian_Defense_Bowdler_Attack,
2MA4A,3q2k1/1br4p/1r3pp1/1pPp4/1P6/3B1N1P/4QPK1/R7 b - - 1 36,b6a6 a1a6 b7a6 e2e6 c7f7 e6a6,1613,73,96,18440,crushing fork long middlegame,https://lichess.org/yRFtrM0L/black#71,,
Q1COq,3r3k/p1p3p1/1p1qp3/6bp/3P1PBr/1Q2PP2/PP5P/R1B2RK1 w - - 0 21,b3e6 h4g4 e6g4 h5g4,1549,79,95,24640,advantage kingsideAttack middlegame short,https://lichess.org/SIlF4BQP#40,,
faZAS,r5r1/p2pR1nk/bpp3pp/5P2/3B4/2P5/PP1K1P1P/6R1 b - - 0 24,a8e8 f5g6 h7h8 d4g7 g8g7 e7e8,1558,77,96,17877,crushing long middlegame,https://lichess.org/FYBtnKmc/black#47,,
JxmGa,5rk1/pp3q2/2nb3p/2Np4/3P4/1Q2rPp1/PP3nP1/2R1RNK1 w - - 0 27,b3e3 f7h5 f1g3 d6g3,1733,75,96,13000,crushing master masterVsMaster middlegame short,https://lichess.org/ZVkFO1zj#52,,
9dIzK,r2qkbnr/pQ3ppp/2p1b3/8/3p4/6P1/PPnKPPBP/RNB3NR b kq - 1 10,c2a1 g2c6 e6d7 c6d7 d8d7 b7a8,1476,76,97,19730,advantage long opening,https://lichess.org/d56ZqIU4/black#19,Hungarian_Opening Hungarian_Opening_Other_variations,
yte93,2b1k3/p4p2/1q2pQp1/3pP3/P1pP4/1rP1P3/6P1/RN3K2 w - - 4 24,b1a3 b3a3 a1a3 b6b1 f1f2 b1b2 f2g3 b2a3,1376,74,93,14714,clearance crushing endgame fork sacrifice veryLong,https://lichess.org/CnxBKa7u#46,,
T2JIR,1r3rk1/Q4qpp/1p6/2p3B1/3n4/8/PP3PPP/3RR1K1 w - - 0 21,e1e7 f7f2 g1h1 f2f1 d1f1 f8f1,1314,76,94,19411,backRankMate long mate mateIn3 middlegame sacrifice,https://lichess.org/sVZyaSf4#40,,
xZ5sl,8/1p6/6p1/p1k2p1p/2P2P1P/P1K3P1/8/8 w - - 0 40,a3a4 b7b6 c3b3 c5d4,1489,73,95,21381,crushing endgame pawnEndgame quietMove short zugzwang,https://lichess.org/ECfWZBOB#78,,
xVlWq,8/pp4pk/2p2p2/8/3PQ3/1Pq4P/P4r2/1K1R4 b - - 5 40,g7g6 e4h4 h7g7 h4f2,1520,76,95,25196,crushing endgame fork short,https://lichess.org/NAYI8Hto/black#79,,
SQj7E,8/p7/2P2kp1/bPP4p/8/7P/4K1P1/8 b - - 0 52,f6e5 b5b6 a7b6 c6c7,1499,75,96,19207,advancedPawn bishopEndgame crushing endgame short,https://lichess.org/hlwe6EE2/black#103,,
LoNwO,2k5/pp1n1Np1/2p1Q1p1/8/3P4/2P3q1/PP4Pr/1K1R4 b - - 0 24,g3g2 e6e8 c8c7 e8d8,1707,77,95,13360,endgame mate mateIn2 short,https://lichess.org/sMaCQf8y/black#47,,
uKLh3,r4k2/pp3pR1/2p2n2/6QP/3p4/5B2/PPP2q2/1K2r1R1 w - - 4 29,g1e1 f2e1 g5c1 e1c1 b1c1 f8g7,1272,76,97,16269,crushing long middlegame queensideAttack,https://lichess.org/nnFUCvA7#56,,
gt1ab,2B1k3/ppr2p2/3p2p1/4p3/4P3/3P2qQ/PPp5/R2K3R w - - 0 28,d1d2 g3f2 d2c1 f2f4 h3e3 f4e3,2095,82,91,146278,endgame long mate mateIn3,https://lichess.org/ckvTNyTx#54,,
3odvQ,r3k2r/1pq2ppp/2n5/2bQPp2/5B2/P1N5/5PPP/R3R1K1 b kq - 0 18,c6d4 e5e6 c7c6 e6f7,1391,75,92,17312,advancedPawn attackingF2F7 crushing doubleCheck master middlegame short,https://lichess.org/02xJeTRy/black#35,Alekhine_Defense Alekhine_Defense_Brooklyn_Variation,
QVcQC,r1b1k3/1p3n2/pq2p3/3p4/6p1/P1N3P1/1PP1Q2K/R6R w q - 0 25,e2g4 b6f2 h2h3 e6e5 g4c8 a8c8,1340,74,96,20317,crushing long middlegame pin quietMove,https://lichess.org/lf9lBBtg#48,,
yzAXL,2r2rk1/p2q2pp/1p2bp2/2p1n3/2Pp1P2/3P2P1/PP1B2BP/R2QR1K1 b - - 0 19,e5d3 e1e6 d7e6 g2d5 e6d5 c4d5,1342,74,95,20256,advantage long middlegame pin sacrifice,https://lichess.org/tnjXmkxI/black#37,Kings_Indian_Attack Kings_Indian_Attack_Sicilian_Variation,
KPYpY,r1bnr1k1/ppppbpp1/5n1p/1P1N4/2B5/P4N2/2P2PPP/R1B1R1K1 b - - 2 15,e7d6 d5f6 g7f6 e1e8,1296,75,95,18190,crushing kingsideAttack opening short,https://lichess.org/B4sWrblP/black#29,Nimzowitsch_Defense Nimzowitsch_Defense_Kennedy_Variation,
cFxiK,8/2nk3p/2pn4/2Qb4/5P2/P5K1/3R1PPP/8 w - - 1 37,a3a4 d6e4 g3f3 e4c5,1260,75,95,17319,advantage discoveredAttack endgame fork short,https://lichess.org/XcS3PtJy#72,,
xLmjE,2r2rk1/p1qbpp2/3p2pp/2p5/1P2P3/1BQ3R1/P1P2PPP/5RK1 b - - 1 18,c5b4 g3g6 g8h7 c3g7,1389,76,97,16815,kingsideAttack mate mateIn2 middlegame pin short,https://lichess.org/JPdfaoq0/black#35,Sicilian_Defense Sicilian_Defense_Dragon_Variation,
9FxX2,rnbqkb1r/pp3ppp/2pp4/1B1P4/3Q4/5N2/PPP2PPP/R1B1K2R w KQkq - 0 9,d5c6 d8a5 c1d2 a5b5,1456,76,95,25393,advantage fork opening short,https://lichess.org/pihvNILI#16,Four_Knights_Game Four_Knights_Game_Scotch_Variation,
6oe9K,r1b1kb1r/pp3ppp/2n1p3/q2p4/3P1B2/P3PN2/1P1n1PPP/R2QKB1R w KQkq - 0 10,d1d2 f8b4 a3b4 a5a1,1371,75,97,13793,advantage opening pin short,https://lichess.org/PJne79XV#18,Trompowsky_Attack Trompowsky_Attack_Other_variations,
kga2R,8/ppkb3R/4p3/2N1P3/1r3P2/3p4/8/4K3 b - - 1 36,b4d4 c5e6 c7b6 e6d4,1386,73,96,20673,crushing endgame pin short,https://lichess.org/bAbKIvl7/black#71,,
DMve8,5k2/pp5r/2p5/P1P2p2/3PpPp1/4P3/1R4KP/8 b - - 0 41,f8e8 a5a6 b7b5 c5b6,1490,75,95,23254,crushing enPassant endgame rookEndgame short,https://lichess.org/yrvxUloe/black#81,,
ERikj,2b2Rk1/6rp/2p5/4p2Q/Pq1pP3/3P4/1P4PP/3R2K1 b - - 0 31,g8f8 d1f1 f8e7 h5e5 e7d8 e5g7,1536,74,95,15606,crushing endgame exposedKing fork long,https://lichess.org/uzVKVFjz/black#61,,
rNqrs,r6k/1pb1nrNp/p2q2PB/5p2/3Pp3/2P4Q/PP3P2/R4KR1 b - - 0 32,f7g7 h6g7 h8g7 h3h7 g7f6 h7f7,1218,77,95,16678,attraction discoveredAttack kingsideAttack long mate mateIn3 middlegame,https://lichess.org/7knOJJk9/black#63,,
fsYOv,6k1/pb3ppp/1p6/2p1Q3/B1P2qP1/P4P1P/1P4r1/4R1K1 w - - 1 31,g1g2 f4f3 g2h2 f3f2,1161,77,95,14554,endgame mate mateIn2 short,https://lichess.org/2kNnWoZi#60,,
5HdYt,rn1qkbnr/1b2pppp/p1p5/1p2N3/P1pP4/4PQ2/1P3PPP/RNB1KB1R b KQkq - 1 7,f7f6 f3h5 g7g6 e5g6 h7g6 h5h8,1371,74,96,18467,advantage long opening trappedPiece,https://lichess.org/eZdj8WGz/black#13,Queens_Gambit_Accepted Queens_Gambit_Accepted_Slav_Gambit,
wq5dk,2r2B1k/1Q4Rp/5p2/5q2/P7/6P1/2r2PP1/5bK1 b - - 2 30,f1e2 g7g8 h8g8 b7g7,1623,73,96,17300,attraction mate mateIn2 middlegame sacrifice short,https://lichess.org/d1QcVWmt/black#59,,
SJAlP,6k1/2r1qrp1/2Bp2RP/p2Ppp2/1p6/1P1n1P2/PP4Q1/1K4R1 w - - 5 29,h6g7 d3f4 g2h1 f4g6 g1g6 f7g7,1518,75,96,15198,advantage fork long middlegame,https://lichess.org/d21MlxcU#56,,
8bnHU,r1b1kq1r/1pp2p2/p2ppQ2/6Rp/P1PPP3/2N1P3/1P1K4/7R b kq - 5 22,f8h6 g5g8 h8g8 f6h6,1704,76,97,20299,crushing deflection middlegame short,https://lichess.org/lCnYm7Sg/black#43,,
NyqzC,5r2/1b3pk1/p5p1/1p1p2Q1/1P2p1N1/P3P2P/3q1PPK/R1r5 b - - 1 33,c1a1 g5h6 g7g8 g4f6,1338,80,97,13988,endgame mate mateIn2 short,https://lichess.org/Tgg7OFNC/black#65,,
25vpI,r6k/P4r1p/BP4p1/2p5/8/1PnP2P1/3b2KP/R7 b - - 4 38,f7f8 a6b7 a8a7 b6a7,1689,75,96,13042,advancedPawn advantage endgame short,https://lichess.org/0A4e5IOa/black#75,,
Huc4H,8/1p3p1k/p5pq/2p1Q1K1/2P2P2/1P1P2P1/P7/8 w - - 2 45,g5f6 h6g7 f6e7 f7f6 e7d6 f6e5,1597,76,96,15612,crushing discoveredAttack endgame long queenEndgame,https://lichess.org/5LSi0xOj#88,,
3Fqz4,r4rk1/1pqb1ppp/p2bp3/2p1N3/4R3/1P1P4/PBP2PPP/R2Q2K1 w - - 3 16,d1g4 f7f5 g4h4 f5e4,1581,74,95,20702,crushing fork middlegame short,https://lichess.org/fBI4m832#30,Sicilian_Defense Sicilian_Defense_Old_Sicilian,
A531V,1rr4k/7p/6p1/1p1p4/pn6/4P3/PqBQ1PPP/1RR3K1 b - - 3 28,c8c2 b1b2 c2d2 b2d2,1662,77,95,15671,advantage middlegame short,https://lichess.org/N8yUw7IX/black#55,,
ZvgVB,6k1/1N3pp1/4pq1p/3n4/8/5P2/6PP/r1R1Q2K b - - 3 40,a1a2 c1c8 g8h7 e1b1 f6g6 b1a2,1524,76,96,14766,advantage endgame fork long,https://lichess.org/0HXGZ4ES/black#79,,
DmENw,2k1r1nr/1p1nbp1p/pBp3q1/4p1p1/6B1/2NP3P/PPPQ1PP1/R4RK1 w - - 6 16,c3e4 f7f5 g4f5 g6f5,1406,73,95,25067,advantage fork middlegame short,https://lichess.org/y4PhmI84#30,Scandinavian_Defense Scandinavian_Defense_Mieses-Kotroc_Variation,
L0aNQ,6k1/p3ppb1/2pp4/6PQ/4P3/2P1q3/Pr4P1/1K3B1R w - - 0 25,b1b2 e3c3 b2b1 c3b2,1234,74,96,15726,endgame mate mateIn2 short,https://lichess.org/13Zkt0xd#48,,
pdKad,2kr3r/ppp2pp1/2nb3p/4p3/3PR3/2P3Bq/PP3P1P/RN1Q2K1 b - - 4 15,f7f5 e4h4 h3h4 g3h4,1361,75,95,14022,advantage middlegame short trappedPiece,https://lichess.org/QC8zsVUr/black#29,Ponziani_Opening Ponziani_Opening_Other_variations,
rwgZI,8/1pp2p2/p4P2/2k1p1p1/P3P1P1/5P2/5K2/8 b - - 1 30,c5b4 f3f4 e5f4 e4e5,1815,73,96,13106,crushing defensiveMove endgame pawnEndgame short,https://lichess.org/2J5GgQhM/black#59,,
SJyp9,1r5k/2Q3p1/4p1P1/1N2r2p/7q/1R6/2P5/1K4R1 b - - 3 34,e5b5 c7b8 b5b8 b3b8 h4d8 b8d8,1422,76,95,17455,endgame long mate mateIn3 xRayAttack,https://lichess.org/eAiwBsx3/black#67,,
LL5st,8/4PK2/3k4/p1pBn3/2P5/8/8/8 w - - 3 64,f7f8 e5g6 f8f7 g6e7,1391,78,97,19107,crushing endgame short,https://lichess.org/UM5oNjIu#126,,
2wc5B,6k1/8/5B1p/4p3/p3P1P1/1p1n1N2/P7/6K1 w - - 0 41,f3e5 b3b2 e5d3 b2b1q,1632,73,97,19497,advancedPawn crushing endgame promotion short,https://lichess.org/8CydcDGh#80,,
wdDwr,5r1k/5p1p/1R4p1/8/P3B3/1Q6/1P1q1PPP/2rR2K1 w - - 3 39,b6d6 d2e1 d1e1 c1e1,1713,75,96,17202,backRankMate mate mateIn2 middlegame sacrifice short xRayAttack,https://lichess.org/MI8HcZsx#76,,
mQON9,2kr1bnr/pppbq1pp/2n5/1B2p3/5P2/2N1BN2/PPP3PP/R2Q1RK1 w - - 0 11,f3e5 c6e5 f4e5 d7b5 d1g4 b5d7,1550,75,94,14926,advantage discoveredAttack long opening,https://lichess.org/K4J4bnJX#20,Scandinavian_Defense Scandinavian_Defense_Mieses-Kotroc_Variation,
UyJtQ,r3r1k1/pp3ppp/8/3pqb2/8/2P5/P2QBPPP/R3R1K1 b - - 3 20,a8c8 e2b5 e5e1 a1e1 e8e1 d2e1,1411,75,95,14237,advantage long middlegame,https://lichess.org/ZBgP1AJ8/black#39,,
XJYS0,3rr1k1/1p3p1p/p5p1/2p5/P7/1PNP1bP1/3R1P1P/R4K2 w - - 0 23,a1e1 f3g2 f1g2 e8e1,1334,75,96,26965,advantage deflection endgame short,https://lichess.org/AmexbJ4M#44,,
d0ogO,r1bqk2r/ppp2ppp/8/2p1P3/8/3PK3/PPP3PP/RN1Q1B1R w kq - 0 10,d1f3 d8d4 e3d2 d4b2 b1c3 b2a1,1477,76,95,17573,advantage long middlegame trappedPiece,https://lichess.org/3ZxaiGMQ#18,Russian_Game Russian_Game_Stafford_Gambit,
ELUs6,8/p1R3p1/4rk1p/3Q1p2/P2Pp2P/4P3/3K1P2/7q b - - 12 42,h1h4 d5d8 f6g6 d8h4,1380,76,96,22095,crushing endgame master short skewer,https://lichess.org/a1l0HA8Q/black#83,,
K4xB0,3r4/Q2Pk2p/6p1/2p2p2/8/4P1P1/P1q2P1P/3R2K1 w - - 1 30,d1d5 c2b1 g1g2 b1e4,1542,72,94,14324,crushing endgame short,https://lichess.org/AmEhGUJv#58,,
3P3uD,2k5/1pp1q1p1/p3p3/3p1pNb/3P1P2/nPP3P1/P4Q2/R3K3 w Q - 1 27,g5f3 h5f3 f2f3 a3c2 e1f2 c2a1,1204,74,94,16521,crushing endgame exposedKing fork long,https://lichess.org/brsoMU8L#52,,
rWbfh,rn2kbnr/pp1b1ppp/8/3qp3/1Q6/5N2/PP1P1PPP/RNB1KB1R w KQkq - 0 8,f1c4 d5e4 e1f1 f8b4,1639,78,96,26877,crushing opening short,https://lichess.org/x5OERkUK#14,Caro-Kann_Defense Caro-Kann_Defense_Other_variations,
49vxy,rnb2rk1/pp3ppp/2p5/8/2q1B1nQ/2N1P3/PP1P3P/R1B1R1K1 b - - 0 16,g4f6 e4h7 f6h7 h4c4,1236,75,97,21072,crushing discoveredAttack opening short,https://lichess.org/EuQ8G0ii/black#31,Grob_Opening Grob_Opening_Spike,
vbKrI,8/ppb3k1/6p1/3pNp2/3P1P1q/P3P3/1P4Rr/5KQ1 b - - 5 39,h2h1 g2g6 g7f8 g6g8 f8e7 e5g6,1337,74,95,25436,crushing endgame long,https://lichess.org/E9ADnm7i/black#77,,
xQ0jN,8/1RN5/6kp/4p3/6p1/3Pb1P1/5r1P/7K w - - 0 52,c7d5 f2f1 h1g2 f1g1,1257,76,96,14162,endgame mate mateIn2 short,https://lichess.org/6ERTfxns#102,,
7p7Hf,3nr1k1/ppp2p2/5B1p/3P1PRQ/7r/P3P2P/6PK/4q3 b - - 0 30,h6g5 h5g5 g8h7 g5g7,1404,75,96,18391,endgame mate mateIn2 short,https://lichess.org/FWHlTXlR/black#59,,
m2aeI,1r4k1/3bpp1p/p2p2p1/3P4/qr2P1P1/5P2/PP1QB2P/K2R3R w - - 5 26,d1b1 a4a2 a1a2 b4a4,1269,73,95,18428,attraction mate mateIn2 middlegame sacrifice short,https://lichess.org/8Q9vtDbR#50,,
i8mhc,8/8/5p2/5P1R/3P1kPp/3r3P/7K/8 w - - 8 45,h5h4 d3d2 h2g1 f4g3 g1f1 g3h4,1630,77,95,17127,crushing endgame long rookEndgame,https://lichess.org/9bPCkpT6#88,,
FPeqc,r1bqkb1r/pppp1pp1/7p/8/2B1P1Q1/2pP4/PPP2PPP/R1B2RK1 w kq - 0 9,b2c3 d7d5 c4b5 c7c6 g4e2 c6b5,1410,73,95,14485,advantage defensiveMove long middlegame,https://lichess.org/eR0ApLcx#16,Italian_Game Italian_Game_Anti-Fried_Liver_Defense,
lPNnp,r3kb1r/1p1b1ppp/p1n1p3/1B1pP3/3q4/2N5/PP2QPPP/R1BR2K1 b kq - 5 13,d4e5 b5c6 e5e2 c6d7 e8d7 c3e2,1450,73,97,14632,advantage long opening sacrifice,https://lichess.org/gG6v59Tq/black#25,French_Defense French_Defense_Advance_Variation,
jNeJs,r4rk1/pp2Rppp/3n4/3P4/P2p4/3P1QP1/1q3PBP/4R1K1 b - - 1 21,f8e8 f3f7 d6f7 e7e8 a8e8 e1e8,1586,78,96,21017,backRankMate deflection long mate mateIn3 middlegame sacrifice,https://lichess.org/XfREMsx6/black#41,,
N3lKA,8/p2k4/1p3P1p/2pPr1p1/6P1/1P3K2/P7/3R4 w - - 1 36,d5d6 e5e6 f6f7 e6f6 f3e4 f6f7,1616,74,96,13869,advantage endgame long rookEndgame,https://lichess.org/5qM7uxjN#70,,
ownAs,r4r2/2n1pk1p/1p1p1n2/qPpP1pQ1/2B1P1P1/pPN5/P1K5/3R3R w - - 2 27,e4f5 a5c3 c2c3 f6e4 c3d3 e4g5,1650,74,95,18474,attraction crushing fork long middlegame sacrifice,https://lichess.org/KkTe7T7w#52,,
ag7rF,6k1/1pR2r1p/5pp1/1R1Np3/4PP1P/3P2PK/r3n3/8 w - - 1 33,c7f7 e2g1 h3g4 h7h5,1629,77,96,16793,endgame mate mateIn2 short,https://lichess.org/cm18G39u#64,,
m8P8S,8/8/p1k5/1p5p/3B4/1R1n2P1/P2r1P1P/6K1 w - - 3 35,a2a4 d2d1 g1g2 d3e1 g2h3 d1d4 a4b5 a6b5,2010,80,90,148093,advantage discoveredAttack endgame veryLong,https://lichess.org/wrDSSj2f#68,,
DPbnY,rn3rk1/ppp3p1/7p/3Np1q1/4n3/4P2P/PPP1BP2/RN1Q1RK1 w - - 1 14,g1h2 f8f2 f1f2 g5g3 h2h1 e4f2,1831,75,95,14415,attraction fork intermezzo long mate mateIn3 opening sacrifice,https://lichess.org/2rweTPWP#26,Horwitz_Defense Horwitz_Defense_Other_variations,
csSfA,r1q1kb1r/1b3p1p/pp3n2/1N2Q3/3p4/3P3P/PPP2PP1/R3KB1R b KQkq - 0 15,f8e7 b5d6 e8f8 d6c8,1139,81,94,13008,crushing fork opening short,https://lichess.org/L5uiWOyM/black#29,Caro-Kann_Defense Caro-Kann_Defense_Other_variations,
sklXS,r3kb1r/pp1n1ppp/2p1p3/q2p1b2/2PPnB2/P1NBP3/1PQ1NPPP/R3K2R b KQkq - 2 9,d5c4 d3e4 f5e4 c2e4,1338,76,97,16887,advantage middlegame short,https://lichess.org/oOVRUYzT/black#17,Queens_Pawn_Game Queens_Pawn_Game_Other_variations,
enDRE,3r3r/p1kpnq1p/1p1b4/1P1PBp2/2N5/1n2PQP1/1P4BP/5RK1 b - - 7 26,d6e5 d5d6 e5d6 f3b7,1701,74,95,14616,clearance mate mateIn2 middlegame short,https://lichess.org/Jxn6pNRR/black#51,,
ZkJpz,8/2k4p/1R4p1/5pP1/2N1r2P/6K1/8/8 w - - 8 47,c4d6 e4g4 g3h3 c7b6,1729,77,95,14607,crushing endgame short,https://lichess.org/ngUjSe0l#92,,
OGD2E,5rk1/3Q1p1p/p5p1/6R1/P3b3/K1R5/1P5P/4q3 w - - 4 31,c3c8 e1e3 a3a2 e3g5 c8f8 g8f8,1666,77,96,14541,crushing endgame fork long,https://lichess.org/us3lWhjz#60,,
WPWqN,6k1/p6p/1p1p2p1/2pP3n/2Pb2q1/1P5N/P1Q1N1B1/6K1 w - - 3 34,g1h1 g4e2 c2e2 h5g3 h1h2 g3e2,1910,74,96,12881,advantage attraction exposedKing fork long middlegame sacrifice,https://lichess.org/NOKsnuYg#66,,
ehO2z,r1b1k2r/pppp1ppp/5q2/8/1bP2P2/4P3/PP1N1PBP/R2Q1K1R b kq - 0 12,d7d6 d1a4 c7c6 a4b4,1301,75,94,16605,advantage fork middlegame short,https://lichess.org/DLlVAmY9/black#23,Indian_Defense Indian_Defense_Budapest_Defense,
bHGBT,2k3rr/ppqn1p2/2p5/2b5/P5Q1/2NP2P1/1PPB1P2/R3R1K1 w - - 1 21,g4f3 g8g3 g1f1 g3f3,1652,75,95,13790,crushing kingsideAttack middlegame pin short,https://lichess.org/H8V4DAKi#40,,
Vo2u6,5bk1/2q2p1p/4pBp1/p1p1P1P1/3nR3/4N2Q/rr3P1P/4R1K1 b - - 0 35,b2f2 h3h7 g8h7 e4h4 f8h6 h4h6 h7g8 h6h8,1413,76,96,21836,attraction kingsideAttack mate mateIn4 middlegame sacrifice veryLong,https://lichess.org/iKveUkNY/black#69,,
4PYCh,r1bqkb1r/pp1p1pp1/2p1nn1p/4N3/2B1P3/2NP1Q2/PPP2PPP/R1B1K2R w KQkq - 0 8,c3e2 d8a5 c1d2 a5e5,1743,76,95,16050,advantage fork opening short,https://lichess.org/vhQx2r1F#14,Italian_Game Italian_Game_Blackburne-Kostic_Gambit,
v6os8,r3kb1r/5pp1/p3bq1p/2pQ4/5B2/8/PPP1BPPP/R3R1K1 b kq - 0 15,e6d5 e2b5 e8d8 e1e8,1608,77,96,12870,doubleCheck mate mateIn2 middlegame short,https://lichess.org/3wLnR8DW/black#29,Sicilian_Defense Sicilian_Defense_Taimanov_Variation,
auG1p,r2k1bnr/2N2ppp/p1p1p3/5b2/Q2P1B2/4P3/Pq3PPP/3RKB1R w K - 0 14,c7a8 f8b4 a4b4 b2b4,1244,78,94,16206,crushing middlegame short,https://lichess.org/vCP6btNU#26,Slav_Defense Slav_Defense_Exchange_Variation,
MoUoL,6k1/1p5r/p2p4/2pP3B/P1P2P2/1P4Nb/4R3/4KNq1 b - - 3 41,h3f1 e2e8 g8g7 g3f5 g7f6 e8f8 h7f7 f8f7,1541,75,95,15604,endgame exposedKing mate mateIn4 veryLong,https://lichess.org/oS07Kqll/black#81,,
43Q3U,K1R5/P4r2/1k6/8/6p1/8/7P/8 w - - 11 59,c8c4 f7f8 c4c8 f8c8,1305,77,97,13381,endgame mate mateIn2 rookEndgame short,https://lichess.org/rvQZPrbj#116,,
ZrgCo,8/p3P2R/1p1k4/2p2K1p/2P4r/1P6/P6p/8 b - - 0 52,h2h1q e7e8n d6c6 h7c7,1653,75,93,227719,advancedPawn endgame master mate mateIn2 promotion short underPromotion,https://lichess.org/wOOnQcXR/black#103,,
hVwkk,6k1/5pp1/7p/2BR4/p1P5/PK6/4q1PP/7R w - - 0 37,b3a4 e2c4 a4a5 c4d5,1293,78,95,17649,advantage endgame fork pin short,https://lichess.org/52edp2Ux#72,,
l6tLj,2Q5/r4bkp/1q1p1pp1/2p1p2P/2P1PP2/3P1BP1/4N1K1/8 b - - 0 36,b6c7 h5h6 g7h6 c8f8,1395,75,96,24623,attraction endgame mate mateIn2 short,https://lichess.org/sezcd4y9/black#71,,
YV1fl,r1bR4/pp2kp1p/2p1p3/4n3/8/2P5/PPP2PP1/3R2K1 b - - 3 18,e5d7 d1d7 c8d7 d8a8,1327,75,93,18043,crushing endgame short,https://lichess.org/8VIQPZCb/black#35,Scandinavian_Defense Scandinavian_Defense_Modern_Variation,
TrJUi,3k1r2/1p4p1/pN5p/3P4/1b2q3/4BP2/P6P/2R2Q1K b - - 0 27,e4e3 c1c8 d8e7 d5d6 b4d6 b6d5,1671,75,95,13321,crushing endgame exposedKing long,https://lichess.org/yqm6XkrB/black#53,,
jL1qf,5rk1/1p1BQ1pp/p7/3p2P1/1P1q1P2/P5B1/2r2R1P/6K1 b - - 1 32,c2f2 d7e6 g8h8 e7f8,1273,75,95,17889,deflection endgame mate mateIn2 short,https://lichess.org/0LY6axJa/black#63,,
WrBcM,2k4r/ppqbQ3/4p2p/2ppP3/5P2/2PBr3/PP1N2P1/R3K2R w KQ - 0 18,d3e2 e3e2 e1e2 d7b5,1488,77,94,17739,advantage attraction discoveredAttack middlegame sacrifice short,https://lichess.org/WJ3L8KIc#34,Indian_Defense Indian_Defense_London_System,
xQ1oo,r2qkb2/ppp2pp1/5np1/8/3P2Pr/5P2/PP4K1/RNBQ1R2 b q - 0 15,d8d6 d1e1 f8e7 e1h4,1788,73,95,13323,advantage fork middlegame short,https://lichess.org/ahBL7yEc/black#29,Ponziani_Opening Ponziani_Opening_Jaenisch_Counterattack,
683BQ,r5k1/p4p1p/2p1b1p1/b7/4r3/3RBN1P/P1P2PP1/6KR b - - 2 19,e6a2 d3a3 a2d5 a3a5,1511,75,94,17835,advantage fork middlegame short,https://lichess.org/GkABzKdv/black#37,Pirc_Defense Pirc_Defense_Classical_Variation,
DDPRJ,8/1bp2pk1/pp1p2p1/8/5P1Q/3Bq2P/PbP2NPK/8 b - - 2 28,b2f6 h4f6 g7f6 f2g4 f6g7 g4e3,1611,72,96,21945,advantage attraction endgame fork long sacrifice,https://lichess.org/rK6uqcH2/black#55,,
Qz0Fp,6rk/p4qpp/1p6/2p5/6R1/3Q2RP/PPP3PK/5r2 b - - 3 26,f7f2 d3h7 h8h7 g4h4,1443,76,96,24291,attraction endgame mate mateIn2 sacrifice short,https://lichess.org/AlO1GKhu/black#51,,
Oqi5H,r1b1qrk1/p3bpp1/1pN1pn1p/8/2Q2B2/P1N1P3/1P3PPP/R2R2K1 b - - 3 15,c8b7 c6e7 e8e7 f4d6,1499,75,95,16728,crushing kingsideAttack middlegame short,https://lichess.org/0nojIAnu/black#29,Queens_Gambit_Declined Queens_Gambit_Declined_Other_variations,
9hEbr,r3k2r/pp3pbp/2np3q/2p3p1/2P1PB2/2NP4/PP4B1/1R1Q1RK1 w kq - 0 18,f4h2 g7d4 g1h1 d4e5 g2h3 h6h3,1502,73,94,15476,crushing kingsideAttack long middlegame,https://lichess.org/FJUwuM1S#34,English_Opening English_Opening_Symmetrical_Variation,
wVNjF,rnb2rk1/ppp1b1p1/4pn1p/3pN3/q2P3B/1P1B4/P1P2PPP/RN1QK2R b KQ - 0 10,a4d4 d3h7 g8h7 d1d4,1364,77,94,19065,crushing discoveredAttack opening short,https://lichess.org/CNdrGQXZ/black#19,French_Defense French_Defense_Advance_Variation,
lxRu6,5k1r/1q4b1/5p1p/R1Q5/P2p4/8/1rP3PP/R5K1 b - - 3 26,f8f7 a5a7 b7a7 c5a7,1176,76,96,16217,advantage middlegame pin short,https://lichess.org/C9SNpK4O/black#51,,
CcoHk,r3Rrk1/pp4pp/2n4N/3B4/5p2/3P4/P1qb2PP/4BK1R b - - 5 23,g8h8 h6f7 h8g8 f7d8 g8h8 e8f8,1936,75,95,14298,backRankMate deflection discoveredAttack long mate mateIn3 middlegame,https://lichess.org/P0jK8Ovd/black#45,,
cmyC9,r1b1r1k1/1p3p1p/3p2p1/p3q3/2Pn4/PP4P1/1B3PBP/R1Q2RK1 w - - 5 19,c1d1 d4e2 g1h1 e5b2,1439,75,96,14675,crushing discoveredAttack master middlegame short,https://lichess.org/zuDlPjZZ#36,English_Opening English_Opening_Symmetrical_Variation,
eUPQt,b2r1k2/3P1pp1/p6p/8/r1p1R3/7P/5PP1/4RK2 b - - 5 34,a8c6 e4e8 d8e8 e1e8,1082,80,95,14058,endgame mate mateIn2 short,https://lichess.org/f9Xe4IHs/black#67,,
M2m6N,1r4k1/pp4p1/2pb3p/3R4/4nP2/1Q6/PPK5/R1B2q2 b - - 3 27,f1e2 d5d2 g8h8 d2e2,1554,78,97,27226,crushing discoveredAttack middlegame short,https://lichess.org/mqehBJYm/black#53,,
Fywhw,8/8/8/8/2rB2NP/5p1K/1P2k3/8 w - - 4 59,d4c3 c4g4 h3g4 f3f2,1409,75,95,22259,advancedPawn crushing endgame sacrifice short,https://lichess.org/UWtL93cI#116,,
YXeEx,2rq1rk1/1p2pp1p/p2p4/n6p/4P3/1BP1BQ1P/P1P2PP1/5RK1 b - - 0 17,c8c3 f3g3 g8h8 e3d4,1296,75,96,14258,crushing middlegame short,https://lichess.org/C4w9gb1w/black#33,Sicilian_Defense Sicilian_Defense_Dragon_Variation,
x3ARj,rnbqkbnr/pp3ppp/4p3/2Pp4/8/4B3/PPP1PPPP/RN1QKBNR b KQkq - 0 4,f8c5 e3c5 d8a5 b2b4,1290,75,94,23896,advantage hangingPiece opening short,https://lichess.org/8bJxL2cz/black#7,Mieses_Opening Mieses_Opening_Other_variations,
gj4wP,r4rk1/pp1nbppp/3p1n2/q2P4/2B1PPb1/2N2N2/PP1B2PP/R2Q1RK1 w - - 5 12,d1e1 a5c5 d2e3 c5c4,1474,74,96,20903,advantage fork middlegame short,https://lichess.org/L93Pc6s7#22,Benoni_Defense Benoni_Defense_Modern_Variation,
AZmaM,N7/5kbp/3p2p1/2pP1r2/3n4/3b1NPP/PP1B2B1/1R4K1 w - - 2 29,f3d4 g7d4 g1h1 d3b1,1740,75,94,18835,crushing middlegame short,https://lichess.org/kinjVEUr#56,,
9JpLi,r4r1k/5pqp/p1pnb3/8/2p1PR1Q/2P3R1/P1P3PP/6K1 b - - 5 21,g7e5 h4h7 h8h7 f4h4 e5h5 h4h5,1461,73,96,24346,attraction kingsideAttack long mate mateIn3 middlegame sacrifice,https://lichess.org/28Xw6C1G/black#41,,
SpT8p,6k1/q4p1p/4pbp1/r7/1pB2P2/1Pp1P2P/P1Q4P/1K1R2R1 w - - 3 25,e3e4 a5a2 c2a2 c3c2 b1c2 a7a2,1230,75,97,19785,advancedPawn advantage attraction deflection long middlegame queensideAttack sacrifice,https://lichess.org/Xy7gzvdh#48,,
FKWr4,8/5r1p/2Q5/4b1k1/4P3/5P1P/6P1/2RR1K1q w - - 3 34,f1e2 h1g2 e2d3 g2f3 d3c4 f7c7 c6c7 e5c7,1459,75,96,24524,advantage deflection endgame pin veryLong,https://lichess.org/r8RaZixN#66,,
S4IAd,6k1/5p2/p1p3p1/7p/P1R1P2P/5NP1/1r3PK1/3n4 w - - 5 41,f3e5 d1e3 g2f3 e3c4,1840,75,95,13665,crushing endgame pin short,https://lichess.org/ivOkh23e#80,,
5W6fw,2kN4/2p2p2/1p2p2p/1Bq1r3/P4p2/2P5/1P3P1P/3R3K b - - 2 30,c5f2 b5a6 c8b8 d8c6 b8a8 d1d8,1617,76,97,19954,endgame fork long mate mateIn3,https://lichess.org/WLdFfWFq/black#59,,
xFsKm,1k1r4/1pp5/p2p4/3Pp2p/4Q2P/1PN3p1/P1P4q/1KR5 w - - 3 38,c1h1 g3g2 h1h2 g2g1q b1b2 g1h2,1225,73,96,15509,advancedPawn crushing endgame fork long promotion,https://lichess.org/5FO5sOGJ#74,,
7TC8J,r3r2k/1bpB1pqp/p4Np1/1p2n3/6Q1/7P/PP3RP1/3R2K1 w - - 6 24,f6e8 e5g4 e8g7 g4f2 g1f2 h8g7,1450,76,96,12885,advantage long middlegame,https://lichess.org/0MRTlZlh#46,,
YUrII,2r4k/1p3p1p/p1n1pPr1/3p2PQ/3P2R1/P3q3/6PK/8 b - - 2 30,c8g8 h5h7 h8h7 g4h4 g6h6 h4h6,1245,78,95,21610,attraction endgame long mate mateIn3 sacrifice,https://lichess.org/F4WljmgI/black#59,,
MwXlv,4r2k/6p1/P5np/1RNp4/4p3/6K1/1P6/8 b - - 0 37,e4e3 a6a7 e3e2 c5d3 h8h7 b5b8 e8e3 g3f2,1845,73,95,13222,advancedPawn advantage defensiveMove endgame master quietMove veryLong,https://lichess.org/vVF14rHW/black#73,,
QBVJC,r5nr/1p1kb2p/1p2p3/1N1pP1p1/8/P3B3/1PP3PP/R1R3K1 w - - 0 19,e3b6 d7c6 b6f2 c6b5,1528,74,96,24392,advantage middlegame short,https://lichess.org/knn9Tfs9#36,Caro-Kann_Defense Caro-Kann_Defense_Exchange_Variation,
h23Xw,4rR2/6P1/2b1pK1k/8/5P2/p7/8/8 b - - 0 58,a3a2 f8h8 e8h8 g7h8q,1452,78,97,23745,advancedPawn endgame mate mateIn2 promotion short,https://lichess.org/h2cbIn3G/black#115,,
c8jTg,r7/pp2n1kp/8/3p1r1R/5q2/2P5/PP3NP1/R2Q1K2 w - - 0 23,d1d4 f4d4 c3d4 f5h5,1236,77,95,12994,crushing middlegame short,https://lichess.org/FBCE6K8u#44,,
f4Lfl,4R2R/ppkr2p1/8/2Pp4/P1nP4/r1P4P/6P1/6K1 b - - 6 32,b7b6 e8c8 c7b7 c5c6 b7a6 c6d7,1594,78,96,14379,advancedPawn crushing endgame fork long,https://lichess.org/WwQKg82c/black#63,,
Vxd4e,1r4nk/r5bp/2R1Q1p1/2P1p3/2B1P3/q7/5PPP/5RK1 b - - 1 28,a7b7 c6c8 b8c8 e6c8,1553,76,96,20216,crushing middlegame short,https://lichess.org/PariqMAF/black#55,,
Ip8o4,2k4r/ppp5/5p2/2Q2q2/1P1pN3/P2Pn1P1/4P1K1/2R5 w - - 6 28,g2g1 h8h1 g1h1 f5h3 h1g1 h3g2,1507,75,94,20674,attraction endgame exposedKing long mate mateIn3 sacrifice,https://lichess.org/SuRYiUNu#54,,
DaLu3,r2Q1k1r/p1P1bpp1/2B1b1q1/7p/8/2N5/PPP2PPP/1K1Rn3 b - - 3 19,a8d8 d1d8 e7d8 c7d8q,1459,77,96,15158,advancedPawn mate mateIn2 middlegame promotion short,https://lichess.org/KtvqAzc7/black#37,Kings_Pawn_Game Kings_Pawn_Game_McConnell_Defense,
NlQqg,r5q1/p1k2p2/1pppbBp1/8/Q1P1p2R/4K2P/PP6/8 b - - 3 33,g8e8 h4h8 e8h8 f6h8,1415,76,97,14161,advantage endgame master short,https://lichess.org/b4RuVtVE/black#65,,
nLzmr,8/8/3Pkp2/2p4P/P1P2p2/1P3K2/3b4/8 b - - 0 52,e6d6 h5h6 f6f5 h6h7 d2c3 f3f4,1300,77,96,18971,advancedPawn bishopEndgame crushing endgame long,https://lichess.org/TWNOYXtT/black#103,,
2u5a3,6k1/5p1p/6p1/8/8/Q2P2PP/4NP2/3qnK2 w - - 4 39,e2f4 e1c2 f1g2 c2a3,1562,76,95,18080,crushing discoveredAttack endgame short,https://lichess.org/TPtYXpcB#76,,
XZZbt,8/2q2rk1/3R1p1p/p4P2/5PP1/4p1KP/P2Q4/8 w - - 0 39,d2d1 e3e2 d1e2 c7d6,1257,75,95,18381,advancedPawn crushing deflection endgame short,https://lichess.org/GNAxzOLK#76,,
eonIo,6r1/pp1kb2Q/2p5/8/P3P2P/2P2P2/1P3qP1/R6K w - - 2 33,h7g8 f2h4 h1g1 e7c5 g1f1 h4f2,1367,77,94,19271,endgame long mate mateIn3,https://lichess.org/g95BL7vz#64,,
HflYW,r3r1k1/pp5p/n1q2N2/5QP1/2p5/7P/PP4B1/2K2n2 b - - 2 33,c6f6 g2d5 f6e6 d5e6 e8e6 f5e6,1567,79,94,19374,advantage long middlegame,https://lichess.org/m7jc2n4q/black#65,,
cfk0d,6k1/5p1p/4p1p1/R3P3/2q2n2/P3QN1P/5PP1/1r5K w - - 9 35,h1h2 b1h1 h2h1 c4f1 h1h2 f1g2,1510,79,96,16538,attraction endgame long mate mateIn3 sacrifice,https://lichess.org/nvYTdcfz#68,,
c8VhI,r2r2k1/p4p2/P1p3p1/3q3p/7Q/8/5PPP/R3R1K1 b - - 4 30,d5d4 e1e8 d8e8 h4d4,1536,76,94,23456,crushing deflection endgame short,https://lichess.org/EeYs3fGM/black#59,,
RKnpR,8/5R2/3pP1pp/2pPb2k/2b4P/p5PK/5P2/1r6 b - - 2 45,g6g5 g3g4 h5g6 h4h5,1441,79,96,15068,endgame mate mateIn2 short,https://lichess.org/YW8QaSVk/black#89,,
faFVi,1r1q1rk1/n2p1p1p/Bp4p1/3N4/P1P5/4R1P1/1P3P1P/R5K1 b - - 0 19,f8e8 e3e8 d8e8 d5f6 g8f8 f6e8,1357,73,96,25597,advantage attraction fork long middlegame,https://lichess.org/7OHdXwD0/black#37,English_Opening English_Opening_Symmetrical_Variation,
dpJqe,2rr4/pp6/4p3/3pk2p/PP1Rn3/3RP1PB/5P2/6K1 b - - 4 31,c8c2 f2f4 e5f6 d4e4 d5e4 d3d8,1774,77,95,14388,advantage deflection discoveredAttack endgame long master,https://lichess.org/a1YWisgy/black#61,,
1fuBh,r5nN/ppp5/1k1pB3/3P4/PP6/2P5/3N2q1/2Kn4 b - - 0 23,a8f8 d2c4 b6a6 b4b5,1401,76,97,13199,mate mateIn2 middlegame short,https://lichess.org/WX46Ea8W/black#45,,
23mTu,6k1/4rpp1/2p2r2/3p3p/1p1PbP1P/4P2B/1P3P2/R3R1K1 w - - 6 35,h3g2 f6g6 f2f3 e4f3,1240,75,95,13759,crushing endgame pin short,https://lichess.org/qeGn6yKI#68,,
oRrVp,2r2rk1/1p5p/4bqpP/pB2N3/1n6/4Q1R1/1PP2PP1/1K1R4 w - - 4 26,b5d7 e6a2 b1a1 b4c2 a1a2 c2e3,1593,79,95,12996,advantage deflection fork long middlegame,https://lichess.org/PZinSs2N#50,,
wLHcT,2r5/1p3k1p/4pp2/2B5/1P1K4/2R3P1/6PP/5b2 w - - 0 30,c5b6 e6e5 d4e3 c8c3,1401,76,95,24438,crushing deflection endgame short,https://lichess.org/aLlaKcST#58,,
uPqBY,r1b1kb1r/1p1p1pp1/p1nP1q1p/2p5/8/2N2N2/PPP1BPPP/R2QK2R b KQkq - 1 11,f8d6 c3e4 f6f4 e4d6,1949,74,94,13022,advantage opening short,https://lichess.org/J5zpT3kZ/black#21,Sicilian_Defense Sicilian_Defense_Drazic_Variation,
MQMOP,r2r4/p2n1pkp/1p4p1/2pN4/2PbPBP1/P2R3P/8/5R1K b - - 0 22,d7e5 d3d4 c5d4 f4e5,1645,76,94,13144,advantage capturingDefender middlegame short,https://lichess.org/UpTpnyWP/black#43,,
5Vbkf,1q3k2/8/pp3Q2/2p5/P4P2/6KP/3r4/8 b - - 4 44,f8e8 f6h8 e8d7 h8b8,1414,75,96,23910,crushing endgame short skewer,https://lichess.org/dE1jtu3y/black#87,,
M0Ao6,2rq1r2/p2nb1kB/b2pppP1/7P/2nP4/5N2/P1QN1P2/2KR3R b - - 0 21,c4d2 h5h6 g7h8 g6g7,1180,74,94,19245,advancedPawn mate mateIn2 middlegame short,https://lichess.org/XAxBHqUV/black#41,,
K1CN4,2r1k2r/1pq2p2/p1n1p1p1/3p2np/3P4/P1PB1P2/1P2NPKP/1R1Q1R2 w k - 4 23,d1d2 c7h2 g2h2 g5f3 h2h1 f3d2,1604,74,97,16790,attraction crushing deflection fork long middlegame sacrifice,https://lichess.org/BuhfCSLa#44,,
64teG,8/8/N1Pk4/6pp/4Bp1r/2K5/8/8 b - - 1 56,f4f3 c6c7 h4e4 c7c8q,1463,77,94,22458,advancedPawn crushing endgame promotion short,https://lichess.org/g74vauN5/black#111,,
2UlrC,2r4r/p2k1p1p/1q1Bp1p1/1n2P3/Q7/4P3/5PPP/R1R3K1 w - - 2 26,c1c7 c8c7 d6c7 d7c7,1591,74,97,13202,advantage middlegame short,https://lichess.org/TuCNOpz2#50,,
sie7C,2R5/p4kp1/4p2p/3n1p2/4N3/6P1/rr1B1PP1/3R2K1 w - - 2 30,e4c3 b2d2 d1d2 a2d2,1485,78,95,18430,advantage middlegame short,https://lichess.org/nDC1CQQU#58,,
1ZHJw,8/6pk/p5p1/1p1Qp3/4Pr2/1P5q/P1P4P/2K3R1 w - - 2 33,d5d6 h3e3 c1b2 e3g1,1483,76,94,18835,crushing endgame fork short,https://lichess.org/Ho2Gcao1#64,,
ZZPvs,6k1/p1B2pp1/7p/3P4/3P4/1r6/1r3PPP/5RK1 b - - 0 27,b2b1 d5d6 b1f1 g1f1 b3d3 d6d7,1281,75,94,17665,advancedPawn advantage endgame long,https://lichess.org/oVQkEP95/black#53,,
pCZUZ,8/6R1/4N1k1/3K3p/rp2P2r/8/8/8 b - - 3 46,g6f6 e4e5 f6f5 g7g5,1488,78,95,18799,endgame mate mateIn2 short,https://lichess.org/JWczZFIf/black#91,,
DBKIe,r2q1rk1/4bppp/2p1p3/1p2B3/3PP3/2P5/4QPPP/R2R2K1 b - - 0 21,e7d6 a1a8 d8a8 e5d6,1717,75,97,14867,crushing middlegame short,https://lichess.org/k3aTXgJ3/black#41,,
ZJKXL,4k2r/1p3pp1/2p1p2p/1r5P/p1nP4/P3QNN1/2q2PP1/KR5R w k - 2 25,e3c1 b5b1 c1b1 c2c3 a1a2 c3a3,1362,75,97,18181,exposedKing fork long mate mateIn3 middlegame,https://lichess.org/BqSLjKMd#48,,
Kgs2B,r3kbnr/pppb1p2/2n5/1B1QP1qp/8/2N1P3/PPP2PPP/R3K1NR b KQkq - 4 8,g5e5 b5c6 e5d5 c6d5,1415,76,92,13739,advantage opening short,https://lichess.org/CEGW26ei/black#15,Queens_Pawn_Game Queens_Pawn_Game_Accelerated_London_System,
Ky0X2,7k/6p1/7p/1Q2rq2/5r2/7P/P1R2RP1/7K w - - 0 48,f2f4 e5e1 f4f1 e1f1 b5f1 f5f1,1556,78,96,19486,advantage endgame long,https://lichess.org/Tw9ATDA6#94,,
mK5zx,1r1r4/4R2p/1pk2p1b/1pp1P3/8/2N2N2/PP3PPP/1K6 b - - 0 20,f6e5 e7e6 c6b7 e6h6,1803,75,96,13507,advantage endgame fork short,https://lichess.org/h9NRjNXw/black#39,,
wTU29,1r6/8/p1R1b1r1/1p3p2/3Pp2k/2P1P3/PR3P2/3B1K2 w - - 0 41,d1b3 e6c4 b3c4 g6c6,1614,73,95,16281,advantage discoveredAttack endgame short,https://lichess.org/cwNRrNjT#80,,
jVkZ2,6Q1/5r2/1p5k/p1p2qRn/P2p3P/8/1P2P3/K7 b - - 11 46,f5h7 g5h5 h6h5 g8g5,1468,75,96,24641,attraction endgame mate mateIn2 sacrifice short,https://lichess.org/AHr92ZSz/black#91,,
ra0yO,1br2rk1/1b1nqppp/2p2n2/1p2p3/1P1PN3/1Q1BPN2/5PPP/1RB2RK1 w - - 0 17,e4c5 d7c5 b4c5 e5e4,1573,73,95,15381,advantage master opening short,https://lichess.org/E4RqhZSZ#32,Semi-Slav_Defense Semi-Slav_Defense_Stoltz_Variation,
NXwsh,3r2k1/pp3ppp/2p1p3/2q5/3rP3/1P2QP2/P1P3P1/3R1RK1 b - - 4 22,e6e5 c2c3 d4d1 e3c5,1652,73,96,14740,advantage endgame short,https://lichess.org/mtqDCqun/black#43,,
u5fca,5B2/3k4/8/p1r3pP/6P1/1P6/5PK1/8 b - - 2 53,c5b5 h5h6 b5b8 f8g7,1270,74,96,18435,crushing defensiveMove endgame short,https://lichess.org/iWErgwei/black#105,,
5jwIF,3r2k1/p3qp1p/1n6/1p3Q2/5P2/P3r2P/B5P1/5R1K b - - 2 32,e7e4 f5f7 g8h8 f7f6,1351,74,96,16457,mate mateIn2 middlegame short,https://lichess.org/0LYzbB1b/black#63,,
iqTHE,4r2k/2Q3pp/8/P4p2/1P4n1/2P2bP1/B4P1P/5K2 w - - 1 27,a2f7 g4h2 f1g1 e8e1 g1h2 e1h1,1260,76,95,18427,endgame long mate mateIn3 sacrifice,https://lichess.org/bFBzVZKv#52,,
YiQdH,4rr2/ppp2qk1/3p2pp/2nP4/2P4N/8/P1Q1RPPP/2R3K1 w - - 7 22,c1e1 f7f2 e2f2 e8e1 f2f1 e1f1,1473,75,95,13970,deflection kingsideAttack long mate mateIn3 middlegame sacrifice,https://lichess.org/0cZ17oyi#42,,
HZ3rP,8/2p3Rk/5p2/2p2P2/1p6/pP1P4/r6r/3K2R1 b - - 1 41,h7h6 g1g6 h6h5 g7h7,1470,75,95,21069,endgame mate mateIn2 rookEndgame short,https://lichess.org/ASk2V4zS/black#81,,
B1T3h,1b4k1/1p2rpp1/2nq1rp1/1Q1p4/P2P4/4BNPP/5PK1/1R3R2 w - - 3 26,e3g5 f6f3 g2f3 c6d4 f3g2 d4b5,1595,76,97,14066,advantage attraction capturingDefender fork long middlegame,https://lichess.org/LrmFR8CX#50,,
BOt7Z,2rqk2r/1p1bnpp1/pb2p2p/3pP3/3P3B/P1NQ4/3N1PPP/2R2RK1 b k - 1 20,d8c7 h4e7 e8e7 c3d5 e6d5 c1c7,1936,79,91,130902,advantage attraction discoveredAttack long middlegame,https://lichess.org/lOhaNSGw/black#39,,
bUQVw,r4rk1/pp1nbppp/2p1pnb1/q7/3P1B1N/2N4P/PPPQBPP1/3RR1K1 b - - 8 13,g6e4 c3e4 a5d2 e4d2,1584,80,94,13125,advantage middlegame short,https://lichess.org/fBknPllE/black#25,Scandinavian_Defense Scandinavian_Defense_Main_Line,
pTBWd,5rk1/p3pp1p/6p1/3Nb3/1q6/5Q2/PP4PP/3R3K b - - 3 24,b4b7 d5f6 e7f6 f3b7,1323,74,95,25867,crushing discoveredAttack endgame short,https://lichess.org/wsg04lX4/black#47,,
Ru9Ws,2r4k/q1P2p1p/1p4p1/8/8/4R1PP/5PB1/4R1K1 b - - 3 34,c8c7 e3e8 h8g7 e8a8 a7a5 a8a5,1708,73,96,14314,advantage endgame long trappedPiece,https://lichess.org/4IUcG8Em/black#67,,
0lgWX,1r3n2/6bk/4q1pp/2p1N3/5P2/3Q2BP/1P4P1/4R2K b - - 8 38,b8b2 e5c4 e6f6 c4b2,1809,75,95,12986,advantage master masterVsMaster middlegame short,https://lichess.org/Gfo1N73D/black#75,,
RG55a,2rqk2r/pp3ppp/2nbpn2/3p2B1/Q5b1/2PB1N2/PP1N1PPP/R4RK1 b k - 3 12,e8g8 g5f6 d8f6 a4g4,1357,74,94,15975,advantage capturingDefender middlegame short,https://lichess.org/MZy2KYKT/black#23,Caro-Kann_Defense Caro-Kann_Defense_Exchange_Variation,
aLh2G,3r1rk1/p4ppp/2Q1p3/1pp5/5bn1/2PP1N1q/PP1NBP2/3RR1K1 w - - 2 20,e2f1 f4h2 g1h1 g4f2,1544,76,93,13425,deflection kingsideAttack mate mateIn2 middlegame short,https://lichess.org/jPrVflQn#38,,
8oh7h,1r4k1/p4p1p/2R1bp1Q/3p4/8/5NP1/P3qPBP/6K1 w - - 0 23,h6d2 b8b1 c6c1 e2d2 f3d2 b1c1,1460,73,95,23393,capturingDefender crushing long middlegame,https://lichess.org/rovkHPnt#44,,
o2UOI,3R4/2p2r1p/7k/1p1P4/4P1R1/6P1/2q3PK/8 b - - 3 38,b5b4 d8g8 c2d1 g4h4,1951,74,95,13116,advantage endgame queenRookEndgame quietMove short,https://lichess.org/TW629Zi4/black#75,,
xddrO,r2q1rk1/pb2bppp/1n2p3/1p2P1N1/2pPNP2/4B3/PPQ3PP/R4R1K b - - 5 17,h7h6 e4f6 e7f6 c2h7,1322,74,95,19137,clearance kingsideAttack mate mateIn2 middlegame sacrifice short,https://lichess.org/g3u4O37B/black#33,Owen_Defense Owen_Defense_Other_variations,
pzaQm,r7/pb1k3p/2p3p1/3P1p2/Q7/2PKR3/PP3q1P/8 b - - 0 26,f5f4 d5c6 b7c6 a4d4 d7c8 e3e8 c6e8 d4f2,1447,76,96,19213,advantage discoveredAttack endgame fork veryLong,https://lichess.org/nQl4XQ3x/black#51,,
8SSQX,6rk/p4p1p/5PpQ/1p4P1/3p1PK1/6R1/5q1P/8 b - - 6 40,d4d3 h6h7 h8h7 g3h3 f2h4 h3h4,1472,74,95,23622,attraction endgame long mate mateIn3 sacrifice,https://lichess.org/8Av93BEl/black#79,,
q9ozb,3r4/2r3k1/8/7p/1P2R2R/P2N2PP/2p3K1/8 w - - 4 48,e4e3 d8d3 e3d3 c2c1q,1294,75,96,16691,advancedPawn crushing endgame promotion short,https://lichess.org/E52Nrfz2#94,,
VYVOH,2r2r2/1b3pkR/p2qp1p1/1p4P1/3npPN1/2P1P3/PP5P/R4QK1 b - - 0 21,g7h7 f1h3 h7g7 h3h6 g7g8 g4f6,1373,75,96,18148,long mate mateIn3 middlegame,https://lichess.org/anrqiakQ/black#41,,
MFKPr,2r3k1/2p3pp/p2qp3/1pR5/3P1nn1/P4b1P/1P3PP1/3QRBK1 w - - 0 24,d1f3 f4e2 f1e2 d6h2 g1f1 h2h1,1591,77,94,20983,clearance kingsideAttack long mate mateIn3 middlegame sacrifice,https://lichess.org/khMcZtA4#46,,
nJPlZ,7r/p7/5R2/4Bk2/3P3p/3nP2P/r4PP1/6K1 b - - 5 32,f5g5 f2f4 g5h5 f6f5 h5g6 f5g5 g6h6 e5h8,1641,72,97,15940,advantage endgame veryLong,https://lichess.org/fKrOD5N0/black#63,,
9WuCL,2kn3r/pp6/2bR4/2Pp4/7P/6B1/P1r2PP1/4R1K1 b - - 1 27,h8e8 d6c6 b7c6 e1e8,1678,74,96,12924,advantage middlegame short,https://lichess.org/BpIzAUrJ/black#53,,
WW2yY,6R1/8/6P1/4k3/Pp6/2p5/P1K4r/8 w - - 2 49,c2b3 h2b2 b3c4 c3c2,1599,75,95,13548,advancedPawn crushing endgame master rookEndgame short,https://lichess.org/7RYRDdCQ#96,,
30839,r4rk1/1bq2pp1/p2bp2p/3pN3/3P1P2/2PB2P1/P1Q2KP1/R6R b - - 2 19,f7f6 d3h7 g8h8 e5g6 h8h7 g6f8,1260,76,96,15550,crushing doubleCheck fork long middlegame,https://lichess.org/trvC5yK8/black#37,Queens_Pawn_Game Queens_Pawn_Game_London_System,
GneJR,3r1k2/8/P2b4/5pqp/4p3/5Q1P/1P4P1/R3R1K1 w - - 0 32,f3e3 g5e3 e1e3 d6c5 g1f1 c5e3,1592,75,96,21049,advantage attraction endgame long pin,https://lichess.org/2vkY2AJS#62,,
4S9yM,r3k2r/pp2n1p1/1qp1Rb1p/7Q/2B5/3P3P/PPP2PP1/2K5 b kq - 2 18,e8f8 e6f6 g7f6 h5f7,1346,77,95,19878,mate mateIn2 middlegame sacrifice short,https://lichess.org/7cwXN2BN/black#35,Caro-Kann_Defense Caro-Kann_Defense_Two_Knights_Attack,
6DB9G,4B3/2r4p/1b4p1/4Rp2/1k6/5r1P/4RPK1/8 b - - 1 41,c7c3 e5b5 b4c4 b5b6,1576,79,95,15019,advantage endgame fork short,https://lichess.org/B0KFk5ho/black#81,,
GaAZy,6k1/5pb1/3N2pp/2P1p3/3nP1b1/3P2P1/1r1N1P1P/3R1BK1 w - - 11 32,f2f3 b2d2 d1d2 d4f3 g1g2 f3d2,1617,73,96,15797,advantage attraction capturingDefender fork long middlegame,https://lichess.org/127Jmkv4#62,,
RSmrb,5r1r/bp1k2p1/p3p2p/3n2B1/4N3/2P5/PP3PPP/R4RK1 w - - 0 20,g5h4 f8f4 a1e1 f4h4,1775,71,96,13440,advantage fork middlegame short,https://lichess.org/vf988510#38,,
wTKLa,5rk1/p1pR1ppp/1b6/1P5q/4B3/PQ2P1P1/2P2P2/4n1K1 b - - 5 28,h5g4 b3f7 f8f7 d7d8 f7f8 e4d5 g4e6 d5e6 g8h8 d8f8,1701,77,94,18606,backRankMate mate mateIn5 middlegame sacrifice veryLong,https://lichess.org/zEAJeuJK/black#55,,
sSAAN,3r2k1/4qpbp/p1rp2p1/2n5/1P2PP2/4B2P/P1Q3P1/2RR2K1 b - - 0 24,e7e4 c2e4 c5e4 c1c6,1320,79,95,20964,advantage capturingDefender discoveredAttack middlegame short,https://lichess.org/SRJOnKNX/black#47,,
bZhxE,5rk1/1pp3p1/p3p1rp/4p1n1/P3P2q/R3B2P/1PP1QPP1/4R1K1 w - - 2 22,e3c5 g5h3 a3h3 h4h3,1716,77,95,12844,crushing kingsideAttack middlegame pin short,https://lichess.org/gadiWjNr#42,,
Yapw6,8/2p3kp/1p4P1/3p4/1P1Pn3/1K1Q4/1P4r1/8 w - - 0 32,g6h7 g2g3 d3g3 e4g3 h7h8r g7h8,1461,74,97,13212,crushing endgame long pin,https://lichess.org/GwGsBocp#62,,
qKIju,r5k1/pp1R2pp/5r2/2p1Q3/8/P1P2P2/2q3PP/6K1 b - - 2 25,b7b6 e5d5 g8h8 d5a8 f6f8 a8f8,1601,76,97,13964,endgame fork long mate mateIn3,https://lichess.org/UJ5JWq65/black#49,,
TjXTT,5rk1/4Rpp1/Q6p/1p1q2r1/8/2P3R1/5P1P/6K1 b - - 2 32,g5f5 a6h6 d5d1 g1g2 f5f2 g2f2,1427,73,94,17504,advantage endgame long pin,https://lichess.org/RP2rpywd/black#63,,
HUscf,5k2/6p1/Q3p2p/8/5K2/1P2P1P1/5qP1/8 w - - 1 31,f4g4 f2f5 g4h4 f5g5 h4h3 g5h5,1614,79,97,19243,endgame long mate mateIn3 queenEndgame,https://lichess.org/1Y8hPCfm#60,,
KMgC1,r3r1k1/1b3pp1/p6p/1p1nP3/3q4/2p3BP/PPBNQ1P1/2KR3R w - - 0 23,d2b3 c3b2 c1b1 d5c3,1329,74,95,22817,advancedPawn crushing middlegame queensideAttack short,https://lichess.org/3LwdVLti#44,,
24DDQ,2kr4/pp1r4/2p1p2p/3nB3/P4PP1/1K5P/8/2RR4 b - - 0 23,d5f4 d1d7 c8d7 e5f4,1335,76,95,20582,advantage endgame intermezzo short,https://lichess.org/QgtlUwhp/black#45,,
9M3uj,2kr1b1r/1p3ppp/p7/3N2qb/2P5/3QPPP1/PP6/R1B2R1K b - - 0 20,g5g3 d3f5 c8b8 f5h5,1601,78,97,20567,advantage fork middlegame short,https://lichess.org/JqdAphXw/black#39,,
GcGJq,2kr1b2/1b1p1pp1/1p6/pNp3R1/P1P1P3/1N1K1P2/1P5q/R1B5 b - - 8 28,h2h1 b5a7 c8b8 c1f4 b8a7 a1h1,1390,77,96,25001,crushing discoveredAttack long middlegame,https://lichess.org/auDoJYSb/black#55,,
Il51r,5rk1/5p2/4p1p1/p2pP1P1/1prP4/2P4R/P5K1/7R b - - 1 32,f8c8 h3h8 g8g7 h1h7,1219,77,95,15325,endgame mate mateIn2 rookEndgame short,https://lichess.org/7r9eYVpX/black#63,,
Ti4rm,1R6/7p/8/4p3/2n2p2/2k2P2/Q2p2PP/4K3 w - - 0 55,e1d1 c4e3 d1e2 d2d1q e2f2 d1f1,1205,74,96,15185,advancedPawn endgame exposedKing long mate mateIn3 promotion,https://lichess.org/zJ8MJ3iY#108,,
trovx,r3k2r/pb3pp1/7p/2b5/3Pp3/8/PP2BPqP/R1BQKR2 b Qkq d3 0 14,a8d8 d1a4 e8e7 d4c5,1503,74,96,19342,crushing middlegame short,https://lichess.org/zauOiKiz/black#27,Scandinavian_Defense Scandinavian_Defense_Panov_Transfer,
acLR6,3r4/pb3pkp/1p1Np1p1/3qP3/2rP4/P4P2/3Q2PP/R2R2K1 b - - 4 25,c4d4 d2d4 d5d4 d1d4,1288,76,95,16215,crushing middlegame short,https://lichess.org/ZPhvbNu3/black#49,,
P4ZIo,r3k2r/pp3pp1/2p1pnp1/3p2N1/2n1q1P1/2PN4/PPK1B3/R1BQ3R b kq - 6 19,h8h1 g5e4 h1d1 e4f6,1898,74,95,13559,advantage middlegame short,https://lichess.org/rp9Cv6EX/black#37,Caro-Kann_Defense Caro-Kann_Defense_Advance_Variation,
oEMEK,r1b2r1k/1p1pNBbp/p5p1/8/5P2/1Q6/PP3qPP/R6K b - - 0 18,f2b2 e7g6 h7g6 b3h3 g7h6 h3h6,1256,74,96,17739,kingsideAttack long mate mateIn3 middlegame sacrifice,https://lichess.org/j5WzcGTQ/black#35,Sicilian_Defense Sicilian_Defense_Smith-Morra_Gambit,
z4AAB,r4rk1/1p3ppp/pq2pb2/3p4/3P4/P1NQ4/1PP2PPP/R3R1K1 b - - 1 17,b6b2 e1b1 b2a1 b1a1,1572,74,95,18480,advantage middlegame short trappedPiece,https://lichess.org/SqDdW58I/black#33,Queens_Pawn_Game Queens_Pawn_Game_Krause_Variation,
DB0kO,2k2r2/1pp4Q/p1b1q2b/7p/P1PB2pP/1P2P1P1/3P1P2/R4RK1 w - - 3 24,g1h2 c6e4 h7e4 e6e4,1662,75,95,14285,advantage middlegame short trappedPiece,https://lichess.org/7qEXuA9z#46,,
xB2Pq,r4r1k/1bp2pqN/p3p1n1/1p5Q/3P4/P6R/1PP2PPP/4R1K1 b - - 0 23,h8g8 h7f6 g7f6 h5h7,1280,75,96,18140,clearance kingsideAttack mate mateIn2 middlegame sacrifice short,https://lichess.org/q8yozdt2/black#45,,
w1Xok,2Q1R3/pp3rkp/1qpp1p1p/3P2r1/2B5/7K/P5PP/8 b - - 13 26,f6f5 e8g8 g7f6 c8e6,1412,75,97,14338,endgame mate mateIn2 short,https://lichess.org/vEGGR6k7/black#51,,
Hq2w4,krnr4/p6p/1p2p1pP/1bN1P3/3P2q1/4B3/R3pP1K/Q1R5 b - - 5 33,b5c6 a2a7 c8a7 a1a7 a8a7 c1a1 c6a4 a1a4,1522,77,96,22558,attraction mate mateIn4 middlegame queensideAttack sacrifice veryLong,https://lichess.org/28taxQYy/black#65,,
sMn5Y,1rb3k1/p6R/1q2p1p1/3p4/8/2Q5/PPP1BrP1/2KR4 b - - 0 21,g8h7 d1h1 h7g8 c3h8 g8f7 h1h7,1495,74,96,19088,long mate mateIn3 middlegame,https://lichess.org/dzlseKSB/black#41,,
Jqtx1,r1b2rk1/ppqn1p1p/1bpp1p2/3P1N2/2B1P3/1Q6/R4PPP/1N3RK1 b - - 2 17,d7c5 b3g3 g8h8 g3g7,1467,75,96,18207,mate mateIn2 middlegame short,https://lichess.org/idj4qDFW/black#33,Kings_Pawn_Game Kings_Pawn_Game_Busch-Gass_Gambit,
Ur7xM,r3r1k1/pp4bp/1q1p2p1/3P2N1/8/4p2P/PP3PP1/1R1Q1RK1 w - - 0 20,d1e2 e3f2 e2f2 g7d4 f2d4 b6d4,1316,73,96,23676,advancedPawn crushing kingsideAttack long middlegame pin,https://lichess.org/D3xESsOj#38,,
nVmDK,8/r5k1/3Q4/3q2p1/2pP4/Pp6/1P3r2/KR6 w - - 0 52,d6d5 a7a3 b2a3 f2a2,1149,75,96,14451,endgame mate mateIn2 queenRookEndgame sacrifice short,https://lichess.org/tqXWBjzW#102,,
DbKCe,5rk1/1p1R3p/p2p2p1/3Pp1b1/Pq6/8/4N1PP/2Q4K w - - 4 29,c1g5 f8f1 e2g1 f1g1 h1g1 b4e1,1687,74,97,14969,attraction endgame long mate mateIn3 sacrifice,https://lichess.org/49bep8ji#56,,
cM2ys,1qr2rk1/1p3pbp/3pp1p1/1b6/P2Nn3/7P/4BPP1/2RQBRK1 w - - 0 20,e2b5 c8c1 d1c1 g7d4,1513,75,94,17179,advantage opening short,https://lichess.org/CSCkZxmR#38,,
PMGTB,6k1/3r1pp1/1n2n2p/3p4/P2N3P/1Pp2BP1/5P2/3R2K1 w - - 3 34,f3g4 e6d4 d1d4 c3c2,1741,75,94,15777,advancedPawn crushing endgame short,https://lichess.org/sTBoo900#66,,
iZ8G7,r4rk1/p1qb1ppp/2pb4/3p4/8/P2BP1P1/1P3P1P/R1BQ1RK1 b - - 0 14,d7h3 d1h5 g7g6 h5h3,1635,77,95,14602,advantage middlegame short,https://lichess.org/wXVGpvBO/black#27,Queens_Gambit_Declined Queens_Gambit_Declined_Normal_Defense,
IZAY2,1Bbq1rk1/1p4b1/p2p1nn1/3Pp1pp/4Pp2/5P2/1P2B1PP/2RQNRK1 w - - 1 23,c1c8 d8b6 g1h1 f8c8 b8d6 b6d6,1477,77,96,18693,advantage discoveredAttack long middlegame trappedPiece,https://lichess.org/H8h88p7S#44,,
rsNlK,7r/2R1kpp1/p4q2/1p1p4/1P3Qb1/P2BP1P1/5KP1/8 b - - 8 37,e7e6 c7c6 e6e7 c6f6,1251,72,96,15221,crushing endgame short skewer,https://lichess.org/k7PS0eCK/black#73,,
vxjwF,rnbqkb1r/1p3ppp/p2ppn2/2p5/4P3/P1P2N2/1P1PBPPP/RNBQ1RK1 b kq - 0 6,f6e4 d1a4 b8c6 a4e4,1271,74,94,13405,advantage fork opening short,https://lichess.org/DDPpO3Iu/black#11,Sicilian_Defense Sicilian_Defense_OKelly_Variation,
oJDnE,3r1r2/p4pk1/5Rp1/2p1Q2p/4P1bP/1P6/P2q2P1/5R1K b - - 0 25,g7h7 f6f7 f8f7 f1f7 h7h6 e5g7,1556,76,97,18099,long mate mateIn3 middlegame,https://lichess.org/odoNOk41/black#49,,
JCs7Y,r1b2rk1/p1q2ppp/2p5/4N3/1pQ5/1B5P/PPP2bP1/2KR3R b - - 0 17,c7e5 c4f7 f8f7 d1d8 e5e8 d8e8,1581,75,97,14762,kingsideAttack long mate mateIn3 middlegame pin sacrifice,https://lichess.org/1gBzFkcn/black#33,Philidor_Defense Philidor_Defense_Hanham_Variation,
khJuz,2k5/R2rn3/4Q1p1/1p2p3/2p2q1P/8/5PPK/7R w - - 3 29,g2g3 f4f2 h2h3 f2a7,1742,79,95,13932,crushing endgame fork short,https://lichess.org/9uFp4vh3#56,,
e0HIY,6k1/5pp1/1pN1b2p/1PpnP3/q7/3Q3P/2P2PP1/6K1 b - - 2 27,d5f4 c6e7 g8h8 d3d8 h8h7 d8g8,1375,74,95,20540,endgame long mate mateIn3,https://lichess.org/gxFqOazr/black#53,,
kdr4a,5rk1/6p1/p2Rb1qp/1p2p3/1P2P3/2r5/4QPPK/4NR2 b - - 0 32,e6c4 e2c4 c3c4 d6g6,1441,74,93,14753,advantage middlegame short,https://lichess.org/L3rH1y3i/black#63,,
5rpMy,4r1k1/3R1pbp/8/3N1n2/2r1P3/6P1/7P/4R1K1 b - - 0 26,c4e4 e1e4 e8e4 d7d8 g7f8 d5f6 g8g7 f6e4,1294,75,96,15470,advantage fork middlegame veryLong,https://lichess.org/5nL1OdC7/black#51,,
gRmqH,r1b2rk1/1ppq2b1/n2p3p/pB1P1p1P/3P1Pp1/PQ2B3/1P4P1/2KR2NR b - - 2 19,c7c6 d5c6 d7f7 b5c4 b7c6 c4f7,1527,74,95,21156,crushing discoveredAttack long middlegame pin,https://lichess.org/vfg8mwJK/black#37,Modern_Defense Modern_Defense_Other_variations,
zEy5Y,4rkR1/5r1p/3p1P1P/pQ6/4PP2/1P2p3/1Bq5/R3K3 b Q - 1 34,f8g8 b5e8 f7f8 f6f7,1317,79,95,18630,advancedPawn endgame hangingPiece master mate mateIn2 short,https://lichess.org/5MRleiqk/black#67,,
WKHNW,r4nk1/pp2B3/2rp2pP/P3p3/b1P1P3/P2P4/6R1/5RK1 b - - 1 34,f8e6 g2g6 g8h7 g6e6,1357,76,95,17195,crushing fork middlegame short,https://lichess.org/iQsYmlsD/black#67,,
flSSA,6r1/1P5p/3bp3/8/3k4/2p2K2/2R4P/3N4 b - - 3 43,d4d3 c2c3 d3d4 c3c8,1275,76,95,13615,advantage endgame short,https://lichess.org/gUqpWA0j/black#85,,
1M8D7,3nkb1r/4pp1p/2b1p1p1/2p5/4P3/6Q1/1PP2PPP/r1B2RK1 b k - 0 18,c6e4 g3e5 f7f6 e5e4,1737,75,94,14552,advantage fork middlegame short,https://lichess.org/YM4f70wd/black#35,Sicilian_Defense Sicilian_Defense_Other_variations,
f9tv3,rnr3k1/p4ppp/bp6/1N1pN3/1b2n3/3BP2P/P4PP1/1RB2RK1 b - - 3 18,b4d2 d3e4 d5e4 c1d2 a6b5 b1b5,1467,76,96,13161,advantage capturingDefender long opening,https://lichess.org/M8oZ6eKs/black#35,Benoni_Defense Benoni_Defense_Benoni_Gambit_Accepted,
BbJcX,8/7p/6qk/2QB4/2P3p1/P6P/1P4PK/4r3 w - - 0 45,c5f2 g4g3 f2g3 e1h1 h2h1 g6g3,1529,74,95,16858,crushing deflection endgame fork long,https://lichess.org/FEqcaqBg#88,,
J0TxR,4r1k1/p2rb3/2b1pp1p/6p1/1pP2n2/3P1N2/1BP2PPP/R2B1RK1 w - - 0 32,g2g3 f4h3 g1g2 g5g4,1511,75,95,17566,advantage middlegame short,https://lichess.org/Lv8gggKF#62,,
AJAzK,1r4k1/6Rp/4P1pK/p7/8/8/1p3PP1/8 b - - 1 35,g8f8 e6e7 f8e8 g7g8 e8e7 g8b8,1559,76,95,20510,advancedPawn crushing endgame exposedKing long rookEndgame skewer,https://lichess.org/4BeOpCwK/black#69,,
eBBMW,r2q1rk1/p3bpp1/1pp2n2/3p2N1/5P2/3Q3R/PPP3PP/R1B3K1 b - - 1 17,f6e4 h3h8 g8h8 d3h3 h8g8 h3h7,1647,74,96,18353,attraction kingsideAttack long mate mateIn3 middlegame sacrifice,https://lichess.org/7CcE9ZdE/black#33,Rat_Defense Rat_Defense_Small_Center_Defense,
hJUup,6rk/7p/p2p1r1q/1ppPp3/4Qp2/P2P1P1b/1PP3PK/4R1R1 w - - 0 29,g2h3 h6h3 h2h3 f6h6,1412,72,94,26659,attraction endgame mate mateIn2 sacrifice short,https://lichess.org/ukts8Hdh#56,,
v9FmM,5bk1/3prp1p/1Q6/1pP2ppN/1q1P4/4P1P1/5P1P/R5K1 w - - 0 29,a1a8 b4b1 g1g2 b1e4,1718,74,96,14849,crushing endgame master short,https://lichess.org/m6ZTHtEK#56,,
SJPZL,1r3rk1/pb3pp1/2n1p2p/1p6/2P4P/q2BRN2/P1Q2PP1/3R2K1 b - - 0 21,c6b4 d3h7 g8h8 e3a3 b4c2 h7c2,1586,76,95,26440,advantage discoveredAttack long middlegame,https://lichess.org/mOHjHVpi/black#41,,
RgZuG,r6r/p3pp1p/1kp3p1/8/N1KR1B2/8/PPP3q1/R7 b - - 4 22,b6a5 f4c7 a5a4 c4c5,1886,75,96,12834,discoveredAttack mate mateIn2 middlegame sacrifice short,https://lichess.org/PpYcyZLF/black#43,,
fSRMO,r3k2r/ppp2ppp/2n1bq2/2bp2N1/2Bp4/8/PPP2PPP/RNBQR1K1 b kq - 3 9,d5c4 g5e6 f7e6 d1h5 f6f7 h5c5,1959,79,91,149162,advantage fork long middlegame,https://lichess.org/Os2W7Q4q/black#17,Italian_Game Italian_Game_Two_Knights_Defense,
xn8IO,r3r1k1/1p1b1pp1/p6p/3PP1q1/2PQ1n2/5P2/P1N1B1PP/3RR1K1 w - - 1 21,d4f2 f4h3 g1f1 h3f2,1255,79,93,18497,crushing fork kingsideAttack middlegame pin short,https://lichess.org/Ksgmrhpe#40,,
ODEgG,8/5k2/5p1p/p3q3/1p5p/1Q3P2/5KP1/8 b - - 1 44,f7g6 b3g8 g6f5 g8g4,1455,76,97,14077,endgame mate mateIn2 queenEndgame short,https://lichess.org/7oddF30z/black#87,,
WHOQX,1r4k1/4ppbp/3p2p1/3Pn3/Np6/1P5P/PB1r2P1/R2B1RK1 w - - 0 24,f1f2 d2f2 g1f2 e5d3 f2e3 d3b2,1404,74,96,16428,advantage attraction long middlegame,https://lichess.org/oWailp0k#46,,
eowa5,2r4k/6p1/p1p1R2p/1p1p1p1n/8/1P4Pb/PBP1NP1P/6K1 b - - 3 30,f5f4 e6h6 h8g8 h6h5,1354,74,96,16028,crushing endgame kingsideAttack pin short,https://lichess.org/uFV8kIGj/black#59,,
rkz3W,5rk1/2p3p1/p1Q4p/2Pp4/1P1q1p2/P5P1/3n1PP1/3RR1K1 w - - 0 30,e1e2 d2f3 g2f3 d4d1 g1g2 d1e2,1634,77,95,15041,crushing discoveredAttack endgame fork long,https://lichess.org/fL7xK6Nh#58,,
KJB5z,2r1k2r/pp5p/3p2pB/1R1Pp3/n7/2PK4/P5PP/4R3 w k - 2 23,b5b7 a4c5 d3c2 c5b7,1742,76,95,13183,crushing endgame fork short,https://lichess.org/YWEOIuWU#44,,
S5pDg,8/5p2/4p3/5kpp/3P4/4KPPP/8/8 b - - 0 40,g5g4 f3g4 h5g4 h3h4 f5g6 e3f4,1969,80,91,100550,crushing endgame long pawnEndgame quietMove,https://lichess.org/1RBsavuf/black#79,,
DBr3z,r1bq1rk1/1p4pp/4p3/p2pp3/3P1bPP/2PB1N2/PP2Q3/3RK2R w K - 0 20,f3e5 f4g3 e1d2 f8f2 e2f2 g3f2,1341,73,95,22796,advantage clearance long middlegame pin,https://lichess.org/U7Fb3ejE#38,,
ggI6y,7k/7p/4RP2/4p3/4n3/6P1/Nr4KP/8 w - - 3 36,g2f3 e4g5 f3g4 g5e6,1291,74,96,18243,crushing endgame fork short,https://lichess.org/DhUB7D0a#70,,
KCNzu,8/k2Q4/1p6/p6p/6p1/6P1/P1P1KP2/7q b - - 2 45,h1b7 d7b7 a7b7 e2e3 b7c6 e3f4 c6c5 f4g5,1327,75,95,16485,crushing endgame queenEndgame veryLong,https://lichess.org/Z1r8uSlB/black#89,,
jqsnl,8/8/P6p/7r/1k6/8/5R2/4K3 w - - 2 51,f2a2 h5h1 e1f2 h1h2 f2f3 h2a2,1390,78,94,17498,crushing endgame exposedKing long rookEndgame skewer,https://lichess.org/spoGh0AL#100,,
gmpbY,8/2Q5/3p1qkp/p2P4/1P1n2pK/6B1/1P3P1P/6R1 w - - 2 35,h4g4 f6f5 g4h4 d4f3,1743,75,96,13596,endgame mate mateIn2 short,https://lichess.org/QJuMJz8K#68,,
2Hxcn,4R1k1/5ppp/1p6/p1b5/2B5/1P5P/4QPPK/2qr4 b - - 5 30,c5f8 c4f7 g8f7 e2e6,1410,76,96,24291,attraction endgame mate mateIn2 sacrifice short,https://lichess.org/dWgXxlje/black#59,,
ve5kW,1r2r1k1/5p1p/1Q4p1/p2P4/2p1P1q1/2P5/1P4PP/R3R1K1 w - - 1 31,b6d4 b8b2 d4f2 b2f2,1269,74,95,13656,crushing endgame short,https://lichess.org/eyVmTMxp#60,,
MH4BD,8/p1pR1ppk/6p1/8/2P5/2q2P2/P5PP/3R3K b - - 3 25,c3c4 d7d4 c4b5 d4h4,1781,74,95,12841,crushing endgame master queenRookEndgame short,https://lichess.org/PoFBfXRr/black#49,,
FZnig,r1N2k2/1p2r1pp/p5n1/8/2Q5/4P2P/PPP2Pq1/2KR4 b - - 7 27,g2e4 d1d8 e7e8 c4e4,1580,77,95,18222,crushing middlegame pin short,https://lichess.org/7LRuNUVz/black#53,,
H88NX,5r1k/p3q1pp/5b2/3Bp3/3p2Q1/7R/PPr3PP/R6K b - - 1 22,f8c8 h3h7 h8h7 g4h5,1409,72,96,26202,attraction mate mateIn2 middlegame sacrifice short,https://lichess.org/yfMptzJK/black#43,,
oYb4V,2b1r3/q1P2ppp/p2Q4/Pp2P3/3R2Pk/1P6/7K/8 b - - 1 34,a7b7 d6d8 e8d8 c7d8q,1766,74,96,14156,advancedPawn crushing endgame promotion short,https://lichess.org/qUdiuFuS/black#67,,
b2X9d,6k1/5pp1/4p2p/4q3/2Qn4/BP5P/1P3PPK/8 w - - 2 34,h2h1 e5e1 h1h2 d4e2 c4e2 e1e2,1733,78,91,137525,crushing endgame long quietMove,https://lichess.org/CX3PIsrj#66,,
Mrv6R,8/kp6/p4Q2/2p5/2n1P3/1qB4P/8/1KR5 w - - 3 39,c3b2 c4d2 b1a1 b3a4 b2a3 a4a3,1459,77,97,21465,endgame exposedKing long mate mateIn3,https://lichess.org/wG7eAbAB#76,,
FCWwP,r1bk4/1pN4Q/p1p5/3pn3/2P5/2N1P3/PPK1B1q1/8 b - - 3 29,a8b8 h7h8 d8c7 h8e5,1870,77,96,15791,crushing fork middlegame short,https://lichess.org/iea8eGAX/black#57,,
1bjpQ,3rr1k1/pp4p1/3q2bp/8/3Bp1Q1/1PP5/P4RPP/5R1K b - - 2 28,d6e6 f2f8 g8h7 g4e6,1612,75,95,17496,crushing kingsideAttack middlegame short,https://lichess.org/VSGOTGfY/black#55,,
zSxLp,4r2k/2pq3p/p2P3p/1p6/4p3/PB2P2P/1P1B1Pp1/2R3K1 b - - 0 25,h8g7 c1c7 d7c7 d6c7,1545,73,95,17708,advancedPawn crushing endgame pin short,https://lichess.org/MOuRwpAz/black#49,,
YYLb2,r3k2r/pb2qppp/1p1p2n1/3Pp3/2RpP3/5NP1/PP3PBP/3Q1RK1 b kq - 1 15,b7a6 d1a4 b6b5 a4a6 b5c4 a6c6 e7d7 c6a8,1549,76,94,21970,advantage fork middlegame sacrifice veryLong,https://lichess.org/JhoyuSBS/black#29,English_Opening English_Opening_Symmetrical_Variation,
68FMg,8/2p3pp/p5k1/1nPKQ3/1P3B2/3q4/P4P2/8 w - - 7 39,d5e6 b5d4 e6d7 d4f3 d7c7 f3e5,1654,78,96,16838,crushing discoveredAttack endgame long,https://lichess.org/e2kePBmj#76,,
Dxw1r,1r6/3B2b1/3p2kp/4p3/4Pp1B/3P4/1r3PPK/2R5 b - - 3 36,g7f6 d7f5 g6f7 c1c7 f7e8 h4f6,1281,73,97,24291,advantage deflection endgame long,https://lichess.org/h6wr57Y3/black#71,,
18ZY3,q7/3p1ppk/2pP1rp1/1b6/1B1Q1P2/4R3/6PP/4R2K w - - 3 38,g2g4 c6c5 d4e4 b5c6 e4c6 a8c6,1831,77,95,12922,advantage clearance discoveredAttack long middlegame pin,https://lichess.org/IIjk58dE#74,,
w40bG,r7/2R1B1pp/pb1Pk3/1p2p3/1P6/5q2/P2Q1P1P/6K1 w - - 1 31,c7c3 b6f2 d2f2 f3c3,1483,75,95,21230,crushing deflection endgame short,https://lichess.org/FCmJsEm8#60,,
T4dzq,2rr4/5R1p/p4Npk/1p1P4/6P1/1P5P/P1p5/5R1K b - - 1 31,c2c1q f7h7 h6g5 h3h4,1362,74,95,19283,endgame mate mateIn2 short,https://lichess.org/JddarL7w/black#61,,
nM9S9,5rk1/1p4p1/p2p1q2/1b1PpPNp/3rP2P/5Q2/1P1B4/4K1R1 b - - 5 24,d4d3 f3h5 f6h6 h5h6 g7h6 g5e6,1330,74,96,17887,crushing discoveredAttack kingsideAttack long middlegame,https://lichess.org/cbYpH6Vs/black#47,,
OdvST,r5k1/pp2r1pp/2qb1p2/4B3/5P2/1P6/P1P1Q1PP/2KR3R w - - 0 20,d1d6 c6d6 e2c4 d6e6 c4e6 e7e6,1534,74,95,17600,advantage long middlegame,https://lichess.org/B8AG13jE#38,,
yvU5S,3r2k1/1p1rbppp/p3p3/1P6/PqB1Q3/4PN2/5PPP/2R1K2R w K - 1 21,e1f1 d7d1 c1d1 d8d1 f1e2 d1h1,1639,75,96,15010,advantage long middlegame skewer,https://lichess.org/bl6qaHS8#40,,
QaMAS,r1bq1rk1/pp1n1pbp/6p1/3Qp2n/2B5/1N2PNBP/PP3PP1/2R2RK1 w - - 10 18,g3e5 d7e5 f3e5 d8d5 c4d5 g7e5,1515,74,95,16003,advantage capturingDefender discoveredAttack long middlegame,https://lichess.org/4qftHRPv#34,Horwitz_Defense Horwitz_Defense_Other_variations,
5FRJb,r4rk1/5ppp/p2q4/1p1Nb3/8/5Q1P/PPP2PP1/3RR1K1 b - - 2 20,e5b2 d5e7 d6e7 e1e7,1224,77,94,14288,crushing kingsideAttack middlegame short,https://lichess.org/LjLJ12W2/black#39,,
wplz1,8/2k2r2/p1pR2p1/2Ppb1p1/PP4P1/2P2P1K/3B3P/8 w - - 1 39,d6g6 f7h7 h3g2 h7h2 g2f1 h2d2,1615,76,96,21304,advantage endgame long skewer,https://lichess.org/tIHMwWto#76,,
moAq6,r2qr2k/pp1n1Q1p/2p2bBB/3n4/8/2P4R/PP4PP/3R3K b - - 0 21,e8e7 h6g7 f6g7 h3h7,1277,74,96,19289,discoveredAttack kingsideAttack mate mateIn2 middlegame pin sacrifice short,https://lichess.org/mg6NyNpt/black#41,,
ofvdm,r2q3r/pp3kp1/4Rn2/8/2QP1B2/1P5P/P4P2/6K1 b - - 2 26,d8d5 e6f6 g7f6 c4d5,1463,74,95,25654,crushing middlegame short,https://lichess.org/N93AeAvE/black#51,,
ZXVLG,3r4/R1Bnkppp/2B2b2/2Pp4/3P4/2n2P2/6PP/5K2 b - - 8 27,d8c8 c7d6 e7e8 c6d7,1023,145,79,192346,crushing fork middlegame short,https://lichess.org/kzPKqk7D/black#53,,
f6WkG,7r/p1r2ppp/3R4/3Pp1k1/B2bPn2/B2P1P2/P4P1P/5RK1 w - - 1 22,a3c1 c7c1 f1c1 f4e2 g1f1 e2c1,1261,76,95,19889,advantage attraction fork long middlegame sacrifice,https://lichess.org/tFhHdczm#42,,
F5Qoc,2r2k2/p4prp/1p3p1Q/1q2pN2/3P2P1/Pb5P/2P1nP1K/5R2 b - - 3 24,e2d4 h6g7 f8e8 f5d6 e8e7 d6b5,1553,77,96,16252,crushing fork long middlegame,https://lichess.org/7k3SLRrP/black#47,,
3kvBZ,6rk/1pp1n1rp/p4Q1p/P3p3/1P2q3/2P2RRP/6P1/6K1 b - - 7 27,e7d5 f6g7 g8g7 f3f8 g7g8 g3g8,1558,76,97,22274,clearance kingsideAttack long mate mateIn3 middlegame sacrifice,https://lichess.org/p1UjobaP/black#53,,
m1dF3,rnb1k2r/pp3p1p/2p1pq2/3p2p1/2PPnN2/2B1P1P1/PP3P1P/R2QKB1R w KQkq - 0 10,f2f3 e4c3 b2c3 g5f4,1530,75,95,19769,advantage middlegame short,https://lichess.org/Mp0sFA4m#18,English_Opening English_Opening_Agincourt_Defense,
wQE3f,r2k1b2/pp2p3/7p/q2P4/2R5/1P2P2Q/PB1K1P2/3R2r1 w - - 5 30,c4c3 a5d5 c3d3 g1d1 d2d1 d5d3,1748,79,95,19947,attraction crushing long middlegame,https://lichess.org/011Vfs74#58,,
J699g,8/7R/1p6/4k2P/p3P3/5P2/5K2/7r w - - 0 34,h7b7 a4a3 b7b6 a3a2,1793,76,96,12950,advancedPawn crushing endgame rookEndgame short,https://lichess.org/qjoVUXDP#66,,
HjrJr,r5k1/2RR1pp1/p3r1qp/1p6/1P2p3/PQ2Pn1P/B4PP1/6K1 w - - 3 25,g1h1 g6g2 h1g2 e6g6 g2f1 g6g1 f1e2 g1e1,2066,81,91,129795,attraction hookMate kingsideAttack mate mateIn4 middlegame sacrifice veryLong,https://lichess.org/5iXKP9rA#48,,
MXFL2,8/8/8/8/3Kp1p1/5k2/4N3/8 w - - 4 50,e2c3 g4g3 c3e4 g3g2,1367,78,94,23508,advancedPawn crushing endgame knightEndgame short,https://lichess.org/1ijY6kwI#98,,
wGi5K,r1b2rk1/2b2p2/ppp2Ppp/2N5/8/2P5/PPB3PP/3R1R1K w - - 0 23,c5d7 f8d8 d7e5 d8d1 f1d1 c7e5,1655,74,96,15303,advantage long middlegame,https://lichess.org/ueW0TIqR#44,,
hSoYq,5rk1/5ppp/pN6/1pQ1b3/8/3B4/PqPn2PP/4R2K b - - 5 31,e5d4 c5f8 g8f8 b6d7 f8g8 e1e8,1568,76,95,17132,attraction long mate mateIn3 middlegame sacrifice,https://lichess.org/eKhYN2lK/black#61,,
HzFYq,rnb2rk1/ppq1nNpp/4Pp2/b2P4/8/2PB4/PP4PP/RN1QK2R b KQ - 4 16,e7d5 d3h7 g8h7 d1h5 h7g8 h5h8,1426,76,96,16176,attraction fork long mate mateIn3 opening sacrifice,https://lichess.org/IUiNTDAF/black#31,Kings_Gambit_Accepted Kings_Gambit_Accepted_MacLeod_Defense,
jUV8y,r2q1r2/pb1nbp1k/1p2p1N1/2p4p/2P2P2/3PPNQR/PB4PP/R5K1 b - - 0 19,f7g6 h3h5 g6h5 g3g7,1541,72,96,16819,mate mateIn2 middlegame sacrifice short,https://lichess.org/sM6N0sBV/black#37,Bird_Opening Bird_Opening_Other_variations,
7JOHv,5rk1/4p2p/p2p2p1/3Pq3/4P3/2N5/P1P1B1Q1/3K4 w - - 3 34,d1d2 e5d4 e2d3 f8f2 g2f2 d4f2,1301,79,96,15230,crushing endgame fork long pin,https://lichess.org/muWLLtwi#66,,
r8jAd,2Q1kb2/p1B2q2/1n2p2r/6p1/7p/P1N5/2P2PPP/3RR1K1 b - - 0 26,b6c8 d1d8 e8e7 c3d5,1267,78,96,15403,fork mate mateIn2 middlegame pin short,https://lichess.org/x30NRuti/black#51,,
S52PY,6k1/1p5p/8/5R2/r1pPp3/1rP1P3/1P5P/5RK1 b - - 0 32,b3b2 f5g5 g8h8 f1f8,1529,74,96,15143,endgame mate mateIn2 rookEndgame short,https://lichess.org/dklabBdr/black#63,,
zgXjA,8/5p1k/5pp1/p2q3p/3P3P/1P1Q2P1/5P2/5K2 w - - 1 38,d3c4 d5c4 b3c4 a5a4 f1e2 a4a3,1514,77,96,15191,crushing endgame long queenEndgame quietMove,https://lichess.org/R1k7cpxq#74,,
jG17C,2r1r1k1/1q3p2/p2p1Rp1/1p5N/2p1b1Q1/P1P4P/6P1/R6K b - - 1 31,b7d5 f6g6 f7g6 h5f6 g8g7 f6d5,1794,74,95,15311,advantage fork long middlegame sacrifice,https://lichess.org/jX2Vqanq/black#61,,
8ZdpE,rn3rk1/pp3p1p/2p2Qp1/4p3/2P5/3qP2P/PP3PP1/R1B1K2R w KQ - 1 13,f6e5 f8d8 f2f3 d3d1 e1f2 d1h1,1642,76,95,13133,crushing long middlegame quietMove skewer,https://lichess.org/M5lZGjZf#24,Modern_Defense Modern_Defense_Other_variations,
ndBrd,r3r1k1/p3bppp/2pppn2/4P1B1/1q3P2/2N5/P1P3PP/R3QR1K b - - 0 16,f6d5 c3d5 b4e1 d5e7,1557,74,95,21236,advantage kingsideAttack middlegame sacrifice short,https://lichess.org/MCJhGDEm/black#31,Sicilian_Defense Sicilian_Defense_Sozin_Attack,
uqpql,r2qk2r/1pp2pp1/pn2p1p1/3nP3/1b1P4/2N5/PP2BPPP/R1BQ1RK1 w kq - 1 13,c3e4 d8h4 h2h3 h4e4,1497,74,95,17242,advantage master opening short,https://lichess.org/X2jV8Y5b#24,Reti_Opening Reti_Opening_Reti_Accepted,
rZLSg,r3k2r/bb3pp1/p1p1p2p/1p1pq3/1P6/N2B1QP1/P4P1P/1R2R1K1 b kq - 1 22,e5c3 e1e6 f7e6 d3g6 e8d7 f3c3,1562,75,95,14926,crushing discoveredAttack long middlegame sacrifice,https://lichess.org/EHBslkRY/black#43,,
VwYO8,6k1/p2rnp1p/bbpNp1p1/4P1B1/B1p5/7P/PP4P1/3R3K b - - 3 22,g8g7 d6e8 g7f8 d1d7,1688,77,95,13749,crushing discoveredAttack middlegame short,https://lichess.org/iNgNSH1U/black#43,,
Fj6VV,6k1/1b3p2/pq1pp1pQ/6N1/8/1P3N1P/Pb3PP1/6K1 b - - 0 25,b6c7 h6h7 g8f8 g5e6 f7e6 h7c7,1506,73,96,16274,crushing endgame long,https://lichess.org/1uCZ1h7W/black#49,,
z6Bdi,8/2P5/1n2kP2/3pP3/8/2K5/8/8 b - - 0 64,e6d7 f6f7 d7e7 e5e6 b6c8 c3d4,1382,79,96,16066,advancedPawn crushing endgame knightEndgame long,https://lichess.org/tE4XjFTI/black#127,,
FgQ6g,2r3k1/4qpp1/4p2R/p2pP3/1p6/3B2Q1/P4PPP/2r3NK b - - 2 34,c8c3 h6h8 g8h8 g3h3 h8g8 h3h7 g8f8 h7h8,1629,75,95,15075,attraction kingsideAttack mate mateIn4 middlegame sacrifice veryLong,https://lichess.org/VBkOehDd/black#67,,
p1nEz,4r3/8/6p1/4k2p/P6P/1Pb3P1/3pBK2/5R2 w - - 6 47,e2d3 e8f8 f2e2 f8f1,1389,78,95,24044,crushing endgame short,https://lichess.org/KCaq5mlj#92,,
xsTth,4rr1k/p3Npnp/5Qp1/4R3/1pPq1Pb1/1P1B2R1/P1K4P/8 w - - 10 27,g3g4 d4c3 c2d1 c3d3,1262,75,97,20177,advantage deflection middlegame short,https://lichess.org/P12lfToh#52,,
xlfnP,rnbq3r/pp1pnkbp/2p3p1/4P1N1/3Q4/2P5/PP3PPP/RNB2RK1 b - - 1 10,f7f8 g5e6 d7e6 d4d8,1672,79,96,22159,crushing opening short,https://lichess.org/AsdCjMQ9/black#19,Danish_Gambit Danish_Gambit_Other_variations,
PMmSV,8/8/1R6/1n1P2pp/7k/5P1n/7K/8 b - - 0 47,b5d4 b6b4 g5g4 b4d4,1400,78,97,18822,crushing endgame pin short,https://lichess.org/9cWXYsBR/black#93,,
IBV2J,5rk1/1Q1nb1pp/p4n2/3p2B1/qp6/8/PP3PPP/2RR2K1 b - - 2 21,h7h6 g5f6 e7f6 b7d5 g8h8 d5d7 a4d7 d1d7,1761,76,96,14861,advantage capturingDefender kingsideAttack middlegame veryLong,https://lichess.org/Bs0RhIrV/black#41,,
Weziw,4r2k/5R1p/1b4p1/1p1N4/1P2n3/2Pq3P/5PPQ/5RK1 w - - 0 32,d5b6 d3f1 g1f1 e4d2 f1g1 e8e1,1623,76,96,21560,attraction backRankMate long mate mateIn3 middlegame sacrifice,https://lichess.org/QieGQCpc#62,,
DThD9,5rk1/1b1nqppp/pp6/3Pp3/NPr5/5N2/PQ3PPP/3RR1K1 b - - 1 21,c4b4 d5d6 e7f6 b2b4 b7f3 g2f3,1692,75,96,15148,crushing interference intermezzo long middlegame,https://lichess.org/7lLWSDHa/black#41,,
Zk9kf,rn1qk2r/p2bnpb1/1p4p1/1Bpp3p/3P3P/2N1BN2/PPP2PP1/R2QK2R w KQkq - 2 11,d4c5 g7c3 b2c3 d7b5,1719,76,97,13616,advantage master opening short,https://lichess.org/FcdXmm1o#20,Sicilian_Defense Sicilian_Defense_Closed,
zWbUu,r3k3/5p2/p3p1p1/3q4/8/2b1Q3/P3NP1P/R4K2 w q - 0 24,e2c3 d5h1 f1e2 h1a1,1282,77,96,24097,advantage endgame short skewer,https://lichess.org/XCuDQThp#46,,
zXXsx,2r2b2/1p1qrknp/p3p2Q/5p2/3p1P2/2P2N1R/PP3P1P/2K3R1 b - - 3 23,d4c3 f3e5 f7e8 e5d7,1549,76,94,19366,crushing fork middlegame short,https://lichess.org/vCdZ3y3q/black#45,,
BjHPb,2kr3r/ppp2p1p/8/6N1/4q3/P3P1p1/1PP1BK2/R3Q2R w - - 0 28,f2g1 e4e3 g1f1 e3g5,1433,74,95,24003,advantage fork middlegame short,https://lichess.org/4mgxNV8j#54,,
gxhKp,r2q1rk1/ppp2ppp/1bn5/3p3b/PP1Pn3/2N2N1P/2PBBPP1/R2QK2R b KQ - 0 13,b6d4 f3d4 c6d4 e2h5,1420,76,94,17843,advantage discoveredAttack opening short,https://lichess.org/F6wzzClr/black#25,French_Defense French_Defense_Exchange_Variation,
6FUiE,5k2/R7/5rp1/3Pp2p/4P2P/4K3/8/8 b - - 18 52,f6f4 d5d6 f8e8 a7e7 e8d8 e7e5 f4f6 e5d5 d8d7 e4e5,1806,72,94,13697,crushing endgame exposedKing rookEndgame veryLong,https://lichess.org/BHOkiibx/black#103,,
qHko2,r2qkb1r/ppp2ppp/2n5/3pN3/3P2n1/3pP3/PPP2PP1/RNBQ1RK1 w kq - 0 9,e5c6 d8h4 d1g4 h4g4,1306,76,95,18897,crushing opening short,https://lichess.org/fUHRAYHc#16,Queens_Pawn_Game Queens_Pawn_Game_Other_variations,
Nt74g,2r2r1k/1p3p1p/p3p1p1/3q2P1/3P1P2/P3P2R/5Q1P/6K1 b - - 2 28,f8g8 h3h7 h8h7 f2h4 h7g7 h4h6,1050,82,94,14418,attraction endgame long mate mateIn3 sacrifice,https://lichess.org/LT6zNDtB/black#55,,
FJsqi,r7/ppkb3p/6p1/2p3Q1/4PP1K/2P3R1/1BP1q2P/8 w - - 8 39,c3c4 e2h2 g3h3 h2h3,1180,75,98,16750,endgame mate mateIn2 short,https://lichess.org/LflDZX7f#76,,
WTHN1,2r3k1/p2b1pbp/4p1p1/q1ppP3/NrP2P2/1PQP4/PR4PP/2B2RK1 w - - 2 20,a2a3 b4a4 c3a5 a4a5,1684,76,95,15026,advantage middlegame short,https://lichess.org/MV2ihwEB#38,,
tVcO3,r1b1k2r/ppp1bpp1/2n1p2p/4P3/3P4/P1NB1NPq/1P3P1P/R2QK2R w KQkq - 3 13,c3e2 h3g2 h1f1 g2f3,1447,75,96,22880,advantage fork opening short,https://lichess.org/3Xm66WSB#24,Queens_Gambit_Accepted Queens_Gambit_Accepted_Central_Variation,
nSH1A,R7/2r3bk/6p1/2B4p/4p2P/P7/4r1P1/5RK1 w - - 6 36,a8a5 c7c5 a5c5 g7d4 g1h2 d4c5,1317,72,96,17682,attraction crushing endgame fork long sacrifice,https://lichess.org/wb34MXVE#70,,
4rjLq,7r/pp6/5P2/3P2qk/1P4p1/3Q4/P6p/1K5R b - - 1 46,g5g6 h1h2 h5g5 d3g6 g5g6 h2h8,1265,73,95,18288,crushing endgame long,https://lichess.org/zkuFI6Hd/black#91,,
xaIMq,6k1/3RP3/p6P/1p6/8/2p2K2/5P2/4r3 b - - 0 44,g8f7 h6h7 e1h1 d7d8,1982,79,90,163765,advancedPawn crushing defensiveMove endgame rookEndgame short,https://lichess.org/OEXcCQz6/black#87,,
VB6NU,1k1r3r/ppp1b1p1/5n1p/q7/2B1p2P/PP2B1Q1/4KPP1/R6R b - - 1 22,a5c3 e3a7 b8a7 g3c3,1299,75,94,19570,crushing discoveredAttack middlegame short,https://lichess.org/zsjRAn0K/black#43,,
7vjpA,8/5n1p/p3pk2/5pp1/1P5P/P2NQPPK/2q5/8 w - - 0 42,d3c5 g5g4 f3g4 f5g4 h3g4 c2f5,1316,77,95,19998,attraction endgame long mate mateIn3,https://lichess.org/BuIf98Tu#82,,
Xp8H1,4r1k1/pb4b1/1p2q1Bp/3p4/3p3P/6Q1/PP3PP1/2R3K1 b - - 0 27,e6e5 g6e8 e5g3 f2g3,1553,77,94,16070,advantage master middlegame short,https://lichess.org/2q3iMWs0/black#53,,
1Jzcy,r2q1k1r/1bp1p1b1/pnnp2Q1/1p4N1/3P3p/2P1P2P/PP1N1PPB/R4RK1 b - - 2 15,d8e8 g5e6 f8g8 g6g7,1240,75,96,18123,mate mateIn2 middlegame short,https://lichess.org/Jat6xSRF/black#29,Indian_Defense Indian_Defense_Other_variations,
MFNpG,rn1qk1nr/5p2/p2p2p1/1ppQ4/3bP3/1P6/1PP1B1PP/RNB2RK1 w kq - 2 13,g1h1 h8h2 h1h2 d8h4,1571,76,95,19668,attraction kingsideAttack mate mateIn2 middlegame sacrifice short,https://lichess.org/yxCUFBZO#24,Philidor_Defense Philidor_Defense_Exchange_Variation,
0DC0x,r4b1r/pp1Nkp2/4bp1p/1np5/8/6N1/PPP2PPP/2KRR3 b - - 1 14,a8d8 g3f5 e7e8 d7f6,1482,74,95,19895,deflection mate mateIn2 middlegame pin short,https://lichess.org/5tyFEY4u/black#27,Scandinavian_Defense Scandinavian_Defense_Other_variations,
XiPwG,2rq1rk1/p5pp/3pbb2/8/2N1QP2/1P5P/P3B1P1/R4RK1 b - - 0 22,f6a1 e4e6 g8h8 f1a1,1431,77,95,19950,advantage hangingPiece intermezzo middlegame short,https://lichess.org/LF7fwt1C/black#43,,
9ZJYT,1k5r/2p1R3/Q3R2p/1PK5/2P4p/q2r4/5PP1/8 w - - 0 50,c5c6 d3d6 e6d6 a3d6,1486,75,96,18959,endgame mate mateIn2 short,https://lichess.org/F1tj9kDB#98,,
GfxEP,rn3r2/ppq2Nk1/2pNp1pp/8/2B5/8/PPP2PPP/3RR1K1 b - - 0 18,f8f7 d6e8 g7h7 e8c7,1642,77,95,17930,crushing fork master middlegame short,https://lichess.org/IfaS6Fae/black#35,Pirc_Defense Pirc_Defense_Other_variations,
524JC,r5rk/pp3p1p/5PpQ/4P3/5R2/2pB3P/P2q2P1/5R1K b - - 0 29,d2d3 h6h7 h8h7 f4h4,1522,76,98,15473,attraction endgame mate mateIn2 sacrifice short,https://lichess.org/cEzfjefs/black#57,,
rlS4a,3r4/ppq3k1/2pr1p1p/3B1Pp1/1P6/6Q1/P2RP2P/3R2K1 w - - 0 29,d5b3 c7b6 g1h1 d6d2 d1d2 d8d2,1426,75,95,15751,crushing long middlegame,https://lichess.org/AklhN3LA#56,,
mXJnY,r2qk2r/ppp3pp/4p3/3pPp2/4nPP1/3B3P/PPP2P2/R2QK2R w KQkq - 0 13,f2f3 d8h4 e1f1 h4f2,1363,74,96,17947,mate mateIn2 middlegame short,https://lichess.org/uGontNgM#24,Queens_Pawn_Game Queens_Pawn_Game_Accelerated_London_System,
FsbiQ,6rk/p6p/2P5/3p3b/3N4/2PqNP2/PP3Q1P/7K w - - 3 37,d4f5 d3b1 e3f1 b1f5,1592,74,96,18565,crushing deflection endgame master short,https://lichess.org/expqB5NC#72,,
bDnbO,r4k2/3q1p1R/p1n1p3/3pP1r1/P1pP2P1/2P4P/2Q3K1/5R2 b - - 1 33,g5g7 h7h8 f8e7 h8a8 d7b7 a8h8,1449,73,95,26323,crushing defensiveMove long middlegame skewer,https://lichess.org/y74WBW9G/black#65,,
pjRsE,3rr1k1/ppp1qppp/3b4/n7/Pn1P4/3QPN1P/1B3PP1/RN3RK1 w - - 1 18,d3d2 a5b3 d2c3 b3a1,1611,75,96,12682,advantage fork master middlegame short,https://lichess.org/0dN82NJ8#34,Polish_Opening Polish_Opening_Other_variations,
ItSTV,1r3rk1/2b2ppp/p2qpn2/1pp1n3/P4B2/N1PP1BP1/1P3P1P/R2Q1RK1 b - - 4 19,d6d3 d1d3 e5d3 f4c7,1646,75,96,12859,crushing middlegame short,https://lichess.org/dbbGrrCj/black#37,Sicilian_Defense Sicilian_Defense_Delayed_Alapin,
8VWhi,rnbq1rk1/ppp1ppb1/3p1n1B/6Q1/2PPP2P/2N5/PP3pP1/R3KBNR w KQ - 0 11,e1f2 f6g4 f2e1 g4h6,1759,74,96,15148,advantage opening short,https://lichess.org/Fa63GVPm#20,Kings_Indian_Defense Kings_Indian_Defense_Samisch_Variation,
eN1Ve,r1b2rk1/ppp2p1p/2np1p2/2b1p3/4P1P1/2PP1N2/PP3P1P/RN2KB1R b KQ - 1 9,c8g4 h1g1 g8h8 g1g4,1179,77,93,13910,advantage middlegame pin short,https://lichess.org/HtkaEddP/black#17,Kings_Pawn_Game Kings_Pawn_Game_Other_variations,
qfbAZ,8/5pk1/1P3q1p/2Q3p1/r7/6P1/5PBP/r4RK1 b - - 0 30,f6d4 c5d4 a4d4 f1a1,1331,77,96,25200,crushing endgame short,https://lichess.org/4PvxjL3E/black#59,,
AxobF,r3k2r/pp3Bpp/1qp2b2/4p2b/4P3/3P1N1P/PPP3P1/R2Q1R1K b kq - 0 14,e8f7 f3e5 f7e7 d1h5,1384,79,95,21468,advantage discoveredAttack middlegame pin short,https://lichess.org/5SL65NaG/black#27,Kings_Gambit Kings_Gambit_Other_variations,
5Q6Pb,1k1q1bnr/pp4pp/2p2pn1/4P3/5PQ1/2N1B3/PPP3PP/3R2K1 b - - 1 19,d8c8 e3a7 b8a7 g4c8,1292,74,96,24254,crushing deflection middlegame queensideAttack short,https://lichess.org/mZMwmVLj/black#37,Four_Knights_Game Four_Knights_Game_Halloween_Gambit,
X2e51,r4rBk/2p1q1b1/1p1p1n1p/3P1PN1/bp1BP2R/2P4Q/6PP/4R1K1 b - - 0 26,f6g8 h4h6 g8h6 h3h6 h8g8 h6h7,1752,76,96,13441,exposedKing kingsideAttack long mate mateIn3 middlegame pin,https://lichess.org/iWmKVDCY/black#51,,
aM7a8,r7/3N2kp/pqp1r1p1/5b2/3P4/1PP5/PB5P/R4QK1 b - - 4 29,b6b5 c3c4 b5b4 d4d5 g7g8 d5e6,1498,75,95,20984,crushing discoveredAttack long middlegame,https://lichess.org/rqdehirM/black#57,,
f0qcA,3q4/k1N1b3/pn2p2r/4B1p1/4b1P1/1PQ5/1K5P/R7 b - - 1 45,d8d3 c7b5 a7b7 c3c7 b7a8 a1a6,1458,79,95,17886,deflection fork long mate mateIn3 middlegame pin,https://lichess.org/fImhOFsr/black#89,,
LaBjG,4r1k1/2q3p1/p2R4/2p5/2P1p3/1P4QP/P2R2PK/5r2 w - - 9 40,d6d7 f1h1 h2h1 c7g3,1265,75,97,20963,crushing deflection endgame short,https://lichess.org/W5pFxdqb#78,,
bYXcx,2rqkb1r/pp2ppp1/2n2n2/1B4pP/8/6N1/PP1P1PP1/R1BQK2R w KQk - 2 13,d2d4 d8a5 c1d2 a5b5,1228,75,97,19943,crushing fork opening short,https://lichess.org/AQTtyLKa#24,Caro-Kann_Defense Caro-Kann_Defense_Two_Knights_Attack,
sr0Yy,2Rr3k/p2Q2pp/8/q4p2/Nb2p3/1P6/P4PPP/6K1 b - - 2 25,b4e7 d7e8 e7f8 e8f8 d8f8 c8f8,1813,74,96,16848,backRankMate endgame long mate mateIn3 xRayAttack,https://lichess.org/nE2dwXud/black#49,,
Ck0RB,1r3rk1/6p1/3p1q1p/3P4/2Q2p2/2n2N1P/5PP1/R4RK1 w - - 0 27,f3d4 f6d4 c4d4 c3e2 g1h2 e2d4,1428,74,96,15498,attraction crushing fork long middlegame sacrifice,https://lichess.org/HcIv7uJX#52,,
wGqHn,1r1qk2r/p1p1bppp/2p5/4p2b/4n1P1/1P1P1N1P/P1P2P2/1RBQ1RK1 w k - 0 13,g4h5 e4c3 d1e1 c3b1,1428,75,96,16660,advantage fork middlegame short,https://lichess.org/qOYgpo2g#24,Three_Knights_Opening Three_Knights_Opening_Other_variations,
JP4rT,5rk1/pp1n3p/2p1p1p1/3p3P/B2P3q/5Q2/PPP2PK1/R5R1 w - - 3 24,f3h3 f8f2 g2h1 h4h3,1450,76,94,14238,deflection mate mateIn2 middlegame short,https://lichess.org/s0aGRBsH#46,,
hHMpa,8/3n4/3P4/5pk1/3N3p/2p1K2P/8/8 b - - 1 54,d7e5 d4f3 g5f6 f3e5,1619,77,95,20737,crushing endgame knightEndgame short,https://lichess.org/OVnRAgUG/black#107,,
ZF2Zs,3r3k/ppR3R1/5r1p/P4q2/3P4/6P1/1P1Q1P1P/6K1 w - - 1 35,d2c2 f5c2 c7c2 h8g7,1407,74,97,19826,crushing endgame short,https://lichess.org/5lcQJsZ9#68,,
rMRGZ,7r/pp1rkppp/2n5/1q2P3/Q1b5/5N2/PP3PPP/R1R3K1 w - - 0 21,a4c4 d7d1 c1d1 b5c4,1366,76,95,14736,advantage deflection master middlegame short,https://lichess.org/ae8JTUBF#40,,
kbnN6,6k1/R7/3B4/3p4/3p1rp1/1P1B4/P1PP1r1b/7K b - - 3 33,f2d2 d3h7 g8h8 d6e5 f4f6 e5f6,1433,77,96,19493,endgame exposedKing fork long mate mateIn3,https://lichess.org/OfKKNlx7/black#65,,
X4p1Y,8/8/6p1/6R1/2pk4/3r4/2K5/8 b - - 9 52,c4c3 g5g4 d4e3 g4g3 e3e4 g3d3,1540,77,96,15693,crushing endgame long rookEndgame,https://lichess.org/2BrkN7pC/black#103,,
uvyeJ,3r1rk1/1p4pp/p1p1qp2/2Bb4/P7/1PQ1P1PP/5PBK/1R6 w - - 2 28,c5f8 d5g2 h2g2 e6e4 g2h2 e4b1,1767,76,96,13811,attraction crushing fork long middlegame,https://lichess.org/Yb8xkKXm#54,,
MZ6Pc,2r4k/p2n2pp/1p4p1/2pPq3/4NrPb/1Q5P/PP3PB1/4RRK1 w - - 5 26,e4c5 h4f2 g1h1 f2e1,1754,80,95,18942,crushing fork middlegame short,https://lichess.org/08DKvAzc#50,,
gLXCp,r1b2rk1/ppq3b1/2pp4/4pP2/3P2p1/2PB2Pn/PP1N2K1/R2Q2BR b - - 0 24,c8f5 d3f5 f8f5 d1g4 h3f4 g3f4,1214,76,95,16374,advantage capturingDefender fork long middlegame,https://lichess.org/K9hxHz6m/black#47,,
xDiuA,2r1qrk1/p4p2/1p3b1p/2nRN1p1/P1Q1P3/6B1/5PPP/4R1K1 b - - 0 22,e8a4 d5c5 a4c4 c5c4,1531,76,96,21568,advantage middlegame short,https://lichess.org/AdxNinKl/black#43,,
8AL2h,r6r/pp2k3/2ppb3/B3p3/3bPp2/8/PPP3PP/R2Q1R1K w - - 2 18,c2c3 h8h2 h1h2 a8h8 d1h5 h8h5,1302,75,96,14297,attraction kingsideAttack long mate mateIn3 middlegame sacrifice,https://lichess.org/U6Gmhgfb#34,Four_Knights_Game Four_Knights_Game_Italian_Variation,
ZvlIm,1r4k1/5ppp/3p4/3Pb1P1/Q6P/2qp1P2/PP4R1/1K1R4 w - - 0 26,d1d2 b8b2 d2b2 c3e1 a4d1 e1d1,1681,76,97,14209,endgame long mate mateIn3 queensideAttack sacrifice,https://lichess.org/HWU5T351#50,,
ejsoo,r3r1k1/p1q2p1p/1p3bp1/2pP4/2PnB3/3QR3/PB3PPP/4R1K1 b - - 5 21,e8e7 d5d6 c7d6 e4a8,1535,75,96,19927,crushing discoveredAttack middlegame short,https://lichess.org/U5MsF4Ho/black#41,,
yhitj,r4r2/3n2kn/1pppp1pB/p3p3/P3P3/3P1N2/2P2K2/6RR b - - 3 22,g7g8 g1g6 g8f7 g6g7 f7e8 g7h7,1494,75,96,24245,crushing exposedKing fork long middlegame,https://lichess.org/Zonm55Qg/black#43,,
kAfi7,r4rk1/ppp2ppp/2n5/6q1/P2p1R2/BBnP4/2PQ2PP/R5K1 w - - 3 15,a3f8 g5f4 d2f4 c3e2 g1h1 e2f4,1757,76,95,12952,advantage attraction fork long middlegame sacrifice,https://lichess.org/vIyM97Hi#28,Kings_Gambit_Accepted Kings_Gambit_Accepted_Schallopp_Defense,
1zoHz,rn1q1r1k/pbpp1pp1/1p2p3/4Q3/3P4/P1nB1N2/2P2PPP/R1B1K2R b KQ - 2 11,d8f6 e5h5 f6h6 c1h6,1203,76,95,17778,crushing kingsideAttack middlegame short,https://lichess.org/hE1Slmqu/black#21,English_Defense English_Defense_Other_variations,
eUQLi,3k4/6R1/3P4/p7/3nNppr/P7/1P3PK1/8 w - - 3 51,d6d7 f4f3 g2g3 d4f5 g3f4 f5g7,1615,76,96,18385,advantage endgame fork long,https://lichess.org/L0xsk1u5#100,,
CuIPN,3r1rk1/p1p2p1p/2pb4/4q1p1/3Nb3/1P2P2P/PB2QPP1/3RR1K1 w - - 2 20,d4f3 e4f3 b2e5 f3e2 d1d6 c7d6,1552,74,95,19962,advantage long middlegame,https://lichess.org/RhLPgmy1#38,,
dDhjF,4r1k1/3qrpp1/p6p/3p4/1P6/PQ4P1/5P1P/2RR2K1 w - - 0 29,b3d5 e7e1 d1e1 e8e1 c1e1 d7d5,1601,75,95,16685,advantage endgame long,https://lichess.org/1EijpBOp#56,,
IRXyk,5rk1/1bp2pp1/p2r3p/1p1qp3/3P4/3QPN2/PP3PPP/2R1R1K1 w - - 0 20,c1c5 d5c5 d4c5 d6d3,1564,75,96,18926,crushing discoveredAttack middlegame short,https://lichess.org/BhiFmwvT#38,,
u3Wc0,r3k1nr/1p3ppp/p1pb1q2/4P3/3p4/7P/PP2QPP1/RNB2RK1 b kq - 0 12,f6e5 e2e5 d6e5 f1e1 f7f6 f2f4 e8d7 f4e5,1538,74,97,12692,advantage middlegame pin veryLong,https://lichess.org/FIVvnWtr/black#23,Sicilian_Defense Sicilian_Defense_Nyezhmetdinov-Rossolimo_Attack,
u6nfv,6k1/6bp/6p1/5p2/RB2p3/4P3/Pr2KPPP/8 w - - 1 36,e2e1 b2b4 a4b4 g7c3 e1d1 c3b4,1504,75,95,19052,advantage attraction endgame fork long master sacrifice,https://lichess.org/gbJMmO2O#70,,
of1Pq,r3k2r/1b2ppbp/pp4p1/8/6Q1/2N5/PPPq1PPP/R2R2K1 b kq - 1 16,d2h6 g4d7 e8f8 d7d8 a8d8 d1d8,1244,76,96,12723,backRankMate fork long mate mateIn3 middlegame sacrifice,https://lichess.org/z3kzxlHZ/black#31,Sicilian_Defense Sicilian_Defense_Smith-Morra_Gambit,
85MxF,8/7p/1pk2p2/p2n1P2/1P1KN2P/P7/8/8 b - - 0 44,h7h6 b4b5 c6b5 d4d5,1490,76,95,13799,crushing deflection endgame knightEndgame master short,https://lichess.org/XeomiRx6/black#87,,
fCegu,4kr2/4n2R/R7/3pPp2/3P4/2rP1P2/P2K4/8 b - - 6 39,c3c6 h7e7 e8e7 a6c6,1719,76,95,14140,crushing endgame short,https://lichess.org/cn08Ze5j/black#77,,
Wnt6R,5r1k/p1R3p1/7p/5rq1/4p3/2Q2P2/P5PP/4R1K1 w - - 0 31,e1e4 f5f3 c3e1 f3f1 e1f1 f8f1 g1f1 g5f5 f1g1 f5e4,1428,75,95,25398,attraction crushing endgame fork pin veryLong,https://lichess.org/Gway5U5U#60,,
rXjIK,4rrk1/3q4/b3p2Q/p1pnP3/3pR2P/1P4P1/P4PB1/6RK b - - 2 33,e8e7 e4g4 e7g7 g4g7 d7g7 h6e6,1374,75,95,18352,crushing exposedKing fork long middlegame,https://lichess.org/Q5Iu3ELW/black#65,,
rD1Cj,r3k1r1/1bpn4/p3p3/1p1pP3/1P1P1p1q/3B1Pp1/P1PNN1QB/R4R1K w q - 2 23,h1g1 g3h2 g1h1 g8g2,1213,77,95,17585,advancedPawn advantage discoveredAttack kingsideAttack middlegame pin short,https://lichess.org/wQQviHBS#44,,
6aG2u,1k2r3/pp4pp/8/2Q5/8/2P1P3/PP5q/2KR4 b - - 0 26,h2e5 d1d8 e8d8 c5e5,1410,77,96,24302,advantage deflection endgame short,https://lichess.org/D6Fp1aH0/black#51,,
5UfUJ,rnb1k2r/ppp2pbp/3p2p1/3Pp3/2P1N2q/3B3P/PP3PP1/R1BQK2R b KQkq - 1 10,e8g8 c1g5 h4g5 e4g5,1569,75,94,15119,crushing opening short,https://lichess.org/TYrLyUwt/black#19,Kings_Indian_Defense Kings_Indian_Defense_Normal_Variation,
ojEoO,1r2kr2/p3b1pp/4Q3/1qpNP3/1P4P1/2P2RKP/8/3n4 b - - 0 32,b5d7 f3f8 e8f8 e6d7,1300,74,96,14342,crushing middlegame pin short,https://lichess.org/cvE4X6lc/black#63,,
tAo02,8/p2k1pr1/1pbqp3/8/7Q/2PB1P2/P1P3P1/3R2K1 b - - 1 31,c6f3 d3b5 d7c7 d1d6 g7g2 g1f1,1240,75,95,16956,crushing discoveredAttack endgame long pin,https://lichess.org/rXnVKdlR/black#61,,
mgpdr,8/2k5/P5p1/7p/2p5/2P2P2/1P3KPP/8 w - - 1 36,b2b4 c4b3 a6a7 c7b7 f2e3 b3b2,1722,75,95,19774,advancedPawn crushing enPassant endgame long pawnEndgame,https://lichess.org/yFA2XX7g#70,,
wjc2T,6k1/2p1bppp/3p4/3B4/n5P1/7P/1rKRPP2/7R w - - 0 24,c2d3 a4c5 d3e3 e7g5 f2f4 g5f4 e3f4 b2d2,1407,74,95,13631,crushing deflection endgame exposedKing veryLong,https://lichess.org/4bA7okzB#46,,
gVVrG,r1b2rk1/pp4pp/2p4n/4p3/2BpP2N/Pn4P1/1P1QNqP1/R2K3R b - - 3 19,g8h8 h4g6 h7g6 h1h6 g7h6 d2h6,1432,79,95,18590,discoveredAttack kingsideAttack long mate mateIn3 middlegame sacrifice,https://lichess.org/d5AqMsLc/black#37,Semi-Slav_Defense Semi-Slav_Defense_Accelerated_Move_Order,
Kfzvj,r5k1/ppp2p2/3b2rp/3pnq2/7Q/3PB3/PPPN1PPP/R4RK1 w - - 7 18,h2h3 e5f3 d2f3 f5f3,1332,73,95,15908,advantage kingsideAttack middlegame pin short,https://lichess.org/9SGsTXjv#34,French_Defense French_Defense_Knight_Variation,
YHsPJ,5rk1/5pp1/p6p/1p1r4/3PRR2/P2n1N1P/1P3PP1/6K1 w - - 1 27,f4g4 f7f5 g4g7 g8g7,1336,73,95,22603,crushing endgame fork short,https://lichess.org/0wcx9gid#52,,
hq29X,5r1k/2p5/1p1b1r1p/3Q4/p1P1Rp2/P1B2P2/1PK5/5q2 b - - 7 36,f1f3 c3f6 f8f6 e4e8 f6f8 e8f8 d6f8 d5f3,1926,79,96,14732,crushing exposedKing middlegame veryLong,https://lichess.org/TQ6M6uKZ/black#71,,
Q4vjF,3Q4/8/1kp1r2r/1p6/8/P6p/1PPK4/8 b - - 3 57,b6c5 b2b4 c5c4 d8d3,1332,76,94,14787,endgame mate mateIn2 queenRookEndgame short,https://lichess.org/87cJUzhp/black#113,,
yJaZy,r4rk1/1pp2pbp/p1npqnp1/P7/3PP3/3BB1N1/1PQ2PPP/R4RK1 b - - 4 17,f6g4 d4d5 g4e3 f2e3,1505,74,96,21918,advantage fork middlegame short,https://lichess.org/gp2jl6oq/black#33,Kings_Pawn_Game Kings_Pawn_Game_Alapin_Opening,
En2NL,rn1qkbnr/1pp2ppp/3p4/p3N3/2B1P1b1/2N5/PPPP1PPP/R1BQK2R b KQkq - 0 5,g4d1 c4f7 e8e7 c3d5,1352,75,94,19896,attackingF2F7 mate mateIn2 opening short,https://lichess.org/sFTCwkcN/black#9,Philidor_Defense Philidor_Defense_Other_variations,
vpiVh,rn2kbnr/p4ppp/b7/R2Pq3/2p5/2N5/1P2BPPP/2BQK2R b Kkq - 3 12,f8b4 d1a4 b8d7 a4b4,1412,77,96,24279,crushing fork opening short,https://lichess.org/IanCXBE8/black#23,Queens_Gambit_Accepted Queens_Gambit_Accepted_Central_Variation,
eQFpC,8/6p1/2P1pk1p/2R2p2/1K5P/8/8/2r5 b - - 2 45,c1c5 b4c5 f6e7 c5b6,1370,75,95,18382,crushing defensiveMove endgame short,https://lichess.org/WIsi2tv7/black#89,,
er7RA,1r3n2/q3p1bk/n2p2pp/prpP4/4PPPN/1PPQ4/3N1B2/1R3RK1 w - - 2 27,f2g3 c5c4 g3f2 a7f2 g1f2 c4d3,1611,74,97,16074,crushing discoveredAttack exposedKing kingsideAttack long middlegame,https://lichess.org/mPxRXYTm#52,,
IZg8e,rnbqk2r/p3bppp/1p2pn2/3p4/3P1P2/2PB1N2/PP4PP/RNBQ1RK1 b kq - 1 8,c8a6 d3a6 b8a6 d1a4 d8d7 a4a6,1613,77,94,13204,advantage fork long opening,https://lichess.org/7PbJ8GdG/black#15,Indian_Defense Indian_Defense_Other_variations,
7Lx1z,7k/6p1/1rq2p1p/1QpRb3/2P1P3/5P1P/6P1/5NK1 w - - 0 35,b5c5 c6c5 d5c5 e5d4 g1h2 d4c5,1166,74,95,21060,advantage attraction endgame fork long,https://lichess.org/96M1o31E#68,,
DWtXh,R3Q3/6pk/5p1p/4p3/6PK/8/2P2q1P/8 w - - 3 53,h4h3 f2f3 h3h4 g7g5 h4h5 f3h3,1318,75,96,19326,endgame long mate mateIn3,https://lichess.org/aVc9uoZo#104,,
l93Xv,r2q1rk1/ppp2ppp/5n2/3Pn1B1/8/2b2B2/PP3PPP/R2Q1RK1 w - - 0 14,g5f6 e5f3 d1f3 c3f6,1645,74,95,17699,advantage discoveredAttack middlegame short,https://lichess.org/Pp5WdsvH#26,French_Defense French_Defense_Exchange_Variation,
mDlAP,4Rbk1/p4ppp/8/8/N2R4/6PP/PPq2P1K/8 w - - 1 30,h2g2 c2c6 e8e4 f7f5,1511,72,94,13133,advantage endgame fork short,https://lichess.org/TTFc8Yg5#58,,
6mmdQ,6k1/1b3pp1/5n1p/1q6/4PQ2/2B3PP/6BK/8 b - - 0 40,f6e4 f4b8 g8h7 g2e4,1465,79,97,13874,crushing endgame intermezzo master short,https://lichess.org/Z5iSoYoO/black#79,,
DrAoL,8/2p1rpk1/p7/b3P3/7q/P4QP1/7P/5R1K b - - 0 33,h4g5 f3f6 g5f6 e5f6 g7f8 f6e7,1463,76,95,16386,advancedPawn crushing endgame fork long,https://lichess.org/lJjNEmcv/black#65,,
97ufK,3k4/ppRrR2p/3P1P2/6p1/8/5r2/PP6/6K1 b - - 4 38,d7c7 d6c7 d8c8 f6f7,1685,75,96,16060,advancedPawn advantage endgame rookEndgame short,https://lichess.org/0v9pgmiY/black#75,,
U33C9,6k1/5pp1/8/8/p6R/7K/B1p5/2Nr4 w - - 7 49,h4a4 d1c1 a4a8 g8h7 a8c8 c1h1,1266,78,94,13729,advantage endgame hangingPiece long,https://lichess.org/jx5kieyv#96,,
wgjvd,5r2/2R3pk/pQ5p/3p1p1q/8/1P3pK1/P4P2/6R1 w - - 3 39,g3f4 h5h2 f4f3 h2g1,1611,78,94,14137,crushing endgame fork short,https://lichess.org/AXoDmbYt#76,,
DrIZb,8/8/2k2P2/7K/2p4P/8/8/5b2 b - - 0 54,c6d6 h5g6 f1d3 g6g7 c4c3 f6f7,1335,76,96,23441,advancedPawn bishopEndgame crushing defensiveMove endgame long,https://lichess.org/zXZTL5SI/black#107,,
snpPh,5R2/1r3p2/p3pPp1/P2pP1N1/1k4P1/2p3K1/8/8 w - - 0 48,f8f7 b7f7 g5f7 c3c2 f7g5 c2c1q,1098,76,96,14610,advancedPawn crushing endgame long promotion,https://lichess.org/I4e6wWTb#94,,
arQA9,r2qk2r/1p3pp1/p1b2b1p/3p4/8/1PN1P3/PBP1QPPP/2KR3R w kq - 0 15,c3d5 f6b2 c1b2 c6d5 e3e4 d8f6,1469,75,95,19948,advantage intermezzo long middlegame queensideAttack,https://lichess.org/Gu499xWi#28,Nimzo-Larsen_Attack Nimzo-Larsen_Attack_English_Variation,
Q9FvX,8/1R1n1p2/3kp2p/2p5/8/r3N3/2P2KPP/8 b - - 3 31,f7f5 e3c4 d6c6 b7d7,1530,73,95,22807,advantage endgame fork short,https://lichess.org/gJNAqFrI/black#61,,
5EARa,8/6p1/5pp1/8/3K1P1P/1k6/8/8 b - - 3 51,b3b4 d4d5 f6f5 d5e6 g6g5 h4g5,1552,74,95,15443,crushing endgame long pawnEndgame,https://lichess.org/cdY9XxaI/black#101,,
6Lptr,r1bq4/5k2/2p5/3pQ2N/p1pP2p1/2P5/PP1K2P1/8 b - - 0 37,c8e6 e5g7 f7e8 h5f6 d8f6 g7f6,1228,75,94,14325,advantage endgame exposedKing long,https://lichess.org/tBY5sIKS/black#73,,
u7Jds,2r3k1/1p1nbp2/p2p1n1Q/3Pp1N1/1P6/q6P/5PP1/1B1R2K1 b - - 2 25,c8c1 b1h7 f6h7 h6h7 g8f8 h7f7,1197,73,96,17118,kingsideAttack long master mate mateIn3 middlegame,https://lichess.org/fNyb7Qr7/black#49,,
2ciHU,r2q1bnr/ppp1k1pp/8/4p3/6b1/1B3R2/PPPP2PP/RNB1Q1K1 b - - 0 11,g4f3 e1e5 e7d7 e5e6,1672,77,95,14179,dovetailMate mate mateIn2 opening short,https://lichess.org/mhavSjeB/black#21,Kings_Gambit_Declined Kings_Gambit_Declined_Queens_Knight_Defense,
V7qj2,rn3rk1/b5pb/p7/1p2Qp2/4p2q/PP5P/2P3B1/1KBR3R b - - 0 25,h4f6 e5d5 g8h8 d5a8 b8c6 a8b7,1651,74,95,16150,advantage fork long opening,https://lichess.org/FSz8WYHW/black#49,,
vR2so,2k1rr2/pp1nb1pp/2p1Bn2/4p1B1/4P3/2NP3P/PPP3P1/R3K2R w KQ - 3 14,e1g1 e7c5 g1h2 e8e6,1735,76,95,20783,advantage discoveredAttack middlegame short,https://lichess.org/vT0vJdwL#26,Philidor_Defense Philidor_Defense_Other_variations,
ERntX,r1b2rk1/2q2pp1/p4n2/1pn4p/4P1PP/P1BB1P2/1PPQ4/2KR3R w - - 1 18,c3f6 c5b3 c1b1 b3d2,1106,77,94,16849,crushing middlegame pin queensideAttack short,https://lichess.org/l7PAjz7s#34,Sicilian_Defense Sicilian_Defense_Kan_Variation,
us5Qb,r5k1/5p2/6pp/1b1pPp2/PP1B1P2/1r5P/5RP1/R5K1 b - - 0 33,b3b4 a4b5 a8a1 d4a1,1683,76,95,14502,advantage endgame short,https://lichess.org/UuZ1jsFE/black#65,,
yUSYr,r4rk1/pb1qn2p/5p2/1p2n2B/3BP3/3P2Pp/PPP2Q1P/R4RK1 b - - 0 21,a8c8 d4e5 f6e5 h5f7 f8f7 f2f7,1756,76,96,12698,advantage kingsideAttack long master middlegame,https://lichess.org/0eDLahEQ/black#41,,
Ggwdo,r4r1k/4Npbp/p3pNp1/P7/5B2/Qp1n2P1/1P2qPKP/2RR4 w - - 1 23,d1d2 d3f4 g3f4 e2d2,1516,76,95,23752,crushing master middlegame short,https://lichess.org/HEP96NqQ#44,,
JBgHp,r3r1k1/1pp2p2/p5p1/4Pn2/3qNQ2/8/PP4PP/R3R2K b - - 5 26,d4e5 f4e5 e8e5 e4f6,1507,74,95,13889,advantage middlegame short,https://lichess.org/J4lKMAVp/black#51,,
2O7HZ,r1b2rk1/ppp2ppp/3q4/7Q/2P5/3B4/P1P3PP/4RR1K b - - 3 17,d6h6 h5f7 f8f7 e1e8 f7f8 f1f8,1561,73,97,15126,kingsideAttack long mate mateIn3 middlegame sacrifice,https://lichess.org/xC286h6k/black#33,Russian_Game Russian_Game_Three_Knights_Game,
8xQML,5rk1/5p1p/1pb1nBpQ/4P3/6P1/3p1PR1/rq5P/5R1K b - - 1 28,d3d2 h6h7 g8h7 g3h3 h7g8 h3h8,1416,75,95,23326,attraction kingsideAttack long mate mateIn3 middlegame sacrifice,https://lichess.org/HooqvavH/black#55,,
sgPV5,R4r2/Q1k1bp2/2p4p/1p2p1p1/1P2Pn2/2PqB2P/5PP1/6K1 b - - 3 30,c7d6 e3c5 d6e6 a7e7,1606,76,96,14950,mate mateIn2 middlegame short,https://lichess.org/8PfmPFzf/black#59,,
6xsOt,3qk2r/1prbppbp/p2p1np1/8/P2NP3/1PN1BP2/2PQ2PP/R4RK1 w k - 1 15,e3h6 g7h6 d2h6 c7c3,1461,77,95,16091,advantage middlegame short,https://lichess.org/jXgTygBI#28,Sicilian_Defense Sicilian_Defense_Other_variations,
1oq7y,6k1/1p2q1p1/p3brBp/8/4Q3/P1P4P/1P4P1/4R1K1 w - - 5 29,g6h5 e7c5 e4d4 c5h5 d4f6 g7f6,1344,74,94,18285,advantage endgame fork long,https://lichess.org/6JH4Z3ZO#56,,
hrNVr,k6r/1p3p2/p1pqp1p1/6Qn/3P1P2/1BP3P1/PP2R3/2K5 w - - 0 30,e2e5 f7f6 g5g6 f6e5,1342,74,96,22979,advantage endgame fork short,https://lichess.org/VPv51iO3#58,,
INFt0,5rk1/6p1/1pn1q2p/p1p1nP2/2Pp2p1/PP1P2P1/3Q2BP/1N3RK1 b - - 0 31,f8f5 g2d5 e5f3 f1f3 f5d5 c4d5,1401,76,95,25831,advantage long middlegame pin,https://lichess.org/vQm9q70v/black#61,,
TMqgL,8/7p/1p1k4/P4pp1/2KP4/7P/5PP1/8 w - - 0 42,c4b5 b6a5 b5a5 d6d5,1533,73,94,21090,crushing endgame pawnEndgame short,https://lichess.org/aoVi742c#82,,
mEo1N,3r2k1/pp1r1ppp/2b1p3/3n2q1/P1B5/1P2P1B1/4QPPP/2RR2K1 w - - 7 20,h2h3 d5c3 c1c3 d7d1,1649,78,95,16930,crushing deflection discoveredAttack middlegame short,https://lichess.org/6tKGvP46#38,,
kAK9k,r2q1k1Q/2p3p1/p2p1r1p/1p1P4/5p2/5N1b/PPB2P2/2R3K1 b - - 5 32,f8e7 h8g7 f6f7 c1e1,1568,77,96,18715,crushing middlegame short,https://lichess.org/xyeL4PZZ/black#63,,
7IBYl,rnb1kb1r/2q2ppp/p2n4/1p1Np3/8/4B3/PPP1QPPP/2KR1B1R b kq - 3 11,c7c4 e2c4 b5c4 d5c7,1427,73,96,25995,advantage opening short,https://lichess.org/sQwheUVm/black#21,Sicilian_Defense Sicilian_Defense_Najdorf_Variation,
CY6FM,3r4/7p/pp1kp1p1/3n1p2/8/6P1/PP2R2P/1K1R4 b - - 3 36,e6e5 d1d5 d6d5 e2d2 d5e4 d2d8,1777,79,97,14250,advantage attraction endgame long sacrifice skewer,https://lichess.org/dXLADD06/black#71,,
xdyDA,5rk1/1pp1nqpp/p1n1b3/3r1p2/3P4/P1Q1PNP1/1B4BP/2R1R1K1 b - - 0 23,d5d8 f3g5 f7f6 g5e6 f6e6 d4d5,1751,74,96,13149,crushing long middlegame,https://lichess.org/mKORr3gf/black#45,,
zVpIc,r1b2nk1/2q1bR1Q/p3n1B1/1p1pP3/6N1/P6P/1P4P1/R5K1 b - - 25 38,f8h7 g4h6 g8h8 f7h7,1447,74,97,15777,kingsideAttack mate mateIn2 middlegame short,https://lichess.org/6KdyWOES/black#75,,
0vt8c,r4rk1/1Qp2pp1/p4q1p/8/8/1B1P4/1PP2PPP/R5K1 b - - 2 23,f6b2 b3f7 f8f7 b7b2,1370,76,96,23383,crushing discoveredAttack endgame short,https://lichess.org/8Q43pPe3/black#45,,
WPxsy,rn2rqk1/pp3p2/2p2p1p/7Q/4P3/3B3N/PPP3PP/5RK1 b - - 5 21,b8d7 h5g4 g8h8 g4d7,1390,76,95,16711,advantage fork middlegame short,https://lichess.org/5b8oZs0i/black#41,,
V9l3F,rnb1k2r/ppp2ppp/4qn2/1B6/1b3p2/2N2N2/PPPP2PP/R1BQ1RK1 b kq - 7 8,c8d7 f1e1 e8g8 e1e6,1515,75,94,16940,advantage opening pin short,https://lichess.org/JTNSkYlM/black#15,Kings_Gambit_Accepted Kings_Gambit_Accepted_Modern_Defense,
78bjb,8/7Q/4p1r1/3bq1k1/P3p3/7P/6P1/4R1K1 b - - 0 43,e4e3 h3h4 g5f6 e1f1,1597,75,95,13541,advantage endgame short,https://lichess.org/e41w5jHp/black#85,,
HV929,1k1r3r/p1q2pp1/1p1b4/2pp2B1/Q3n1P1/2P5/PP2PPB1/R3R1K1 w - - 1 20,g5d8 d6h2 g1f1 e4d2,1780,77,95,17037,kingsideAttack mate mateIn2 middlegame short,https://lichess.org/JDtE1ybS#38,,
1im3k,8/8/8/5kpp/p1K5/2B3P1/5P2/8 w - - 2 49,c4b4 h5h4 b4a4 h4h3,1593,76,96,17299,bishopEndgame crushing endgame short,https://lichess.org/Tg7vBwxV#96,,
25zbt,2k3r1/ppp5/4R3/1Q3N2/4p3/2q5/P3R1P1/3r1K2 w - - 1 30,f1f2 g8g2 f2g2 c3f3 g2h2 d1h1,1830,74,96,13648,attraction long mate mateIn3 middlegame sacrifice,https://lichess.org/UPdYLDP0#58,,
2eM9s,r1bqkb1r/1p2pppp/p2p1n2/4P3/2BQ4/8/PPP2PPP/RNB2RK1 b kq - 0 8,d6e5 c4f7 e8f7 d4d8,1412,75,96,28393,attackingF2F7 crushing deflection opening short,https://lichess.org/7kBQPWJd/black#15,Sicilian_Defense Sicilian_Defense_Open,
zkSj7,5r2/p5pk/2p5/n7/4r3/6bP/PPPB1PK1/R4R2 w - - 0 28,f2g3 e4e2 g2g1 f8f1 a1f1 e2d2,1359,76,96,26073,advantage endgame fork long,https://lichess.org/CLUn7O5D#54,,
uXb57,rnbq1rk1/ppp2pbp/3p2p1/4p2n/2PPP3/2NBBP2/PP4PP/R2QK1NR w KQ - 2 8,d1d2 e5d4 e3d4 g7d4,1718,77,95,15204,advantage fork opening short,https://lichess.org/qpolU8bp#14,Kings_Indian_Defense Kings_Indian_Defense_Samisch_Variation,
O5nET,3r4/3n3Q/1k6/2R1np2/1P4q1/P3P3/3B1Pb1/4KB1R w K - 0 34,f1g2 e5d3 e1f1 g4d1 d2e1 d1e1,1625,75,96,14641,fork long mate mateIn3 middlegame,https://lichess.org/9UWRMTN3#66,,
Soq0s,2r4k/3q2p1/3pR1Qp/3P4/8/2p3PP/6PK/8 w - - 0 35,e6d6 d7d6 g6d6 c3c2 d6e7 c2c1q,1439,75,95,16834,advancedPawn crushing endgame long master promotion sacrifice,https://lichess.org/2SK80zWI#68,,
rnGbb,2r1kb1r/1Q1b1ppp/p1n1p3/q2pPn2/3P4/P1N2N1P/1P2BPP1/1RB2RK1 w k - 1 15,e2a6 c8b8 b7b8 c6b8,1344,74,94,25889,advantage opening short trappedPiece,https://lichess.org/krSefL1f#28,French_Defense French_Defense_Advance_Variation,
FzgI2,7k/pp1Q2p1/2pb4/3p2B1/3P2n1/P1N2rq1/1P4P1/5RK1 w - - 0 27,f1f3 g3e1 f3f1 d6h2 g1h1 e1f1,1733,75,95,13034,clearance deflection long mate mateIn3 middlegame,https://lichess.org/AUtyxcEs#52,,
rvjDt,1r3rk1/5ppb/3qp2p/3n4/3P4/1PN1PP2/PB4P1/R2R1Q1K w - - 1 26,c3e4 h7e4 f3e4 d5e3 f1f3 e3d1,1394,75,95,19494,advantage fork long middlegame,https://lichess.org/Ogx7qGKk#50,,
sdi1c,2r2rk1/8/p2R1p1P/1p4p1/8/1KPQ4/PP3q2/8 b - - 3 31,f2f4 d3g6 g8h8 g6g7,1442,78,96,17853,endgame mate mateIn2 short,https://lichess.org/Sov1MuKb/black#61,,
F9s2K,r1b2rk1/pp1p1p1p/4p2B/2p1nP2/2P1P3/1P4R1/P5PP/7K b - - 3 20,g8h8 h6g7 h8g8 g7e5,1461,80,97,16039,discoveredAttack endgame fork mate mateIn2 short,https://lichess.org/JlXyfAQv/black#39,,
2Jfm0,2r3k1/1p1b1rbR/p2p2QB/3Pq3/2P1B3/1P3P2/6K1/8 b - - 7 33,c8f8 h7h8 g8h8 g6h7,1663,72,96,15936,attraction mate mateIn2 middlegame pin sacrifice short,https://lichess.org/E84q4mx4/black#65,,
MEXVp,5rk1/5p2/p3p1p1/3pP2R/3P4/4Q1P1/P4P1P/qrR3K1 w - - 3 33,c1b1 a1b1 g1g2 g6h5,1548,75,94,13349,crushing endgame short,https://lichess.org/jJFSQkft#64,,
6VV22,8/5pp1/pR3r1p/PP6/4k3/7P/6PK/8 b - - 0 42,a6b5 b6f6 g7f6 a5a6 e4d5 a6a7,1291,74,97,21452,advancedPawn crushing endgame long rookEndgame,https://lichess.org/rV5YFHnI/black#83,,
L6yl0,1k6/5R2/pp3p2/8/P2KP3/2N5/8/5r2 w - - 0 48,e4e5 f6e5 d4e5 f1f7,1299,77,96,19337,crushing discoveredAttack endgame short,https://lichess.org/TSw1iTFi#94,,
6pOGL,r5k1/pp2qp1p/n1pb4/8/3P3P/PB3Q2/1PP1rPP1/2KR3R b - - 2 21,e7e4 f3f7 g8h8 f7f6,1326,74,97,19970,kingsideAttack mate mateIn2 middlegame short,https://lichess.org/WQIT7cMQ/black#41,,
zmBzz,2r5/p1B2pp1/2R2n1p/3R4/1k6/6P1/PP2PPKP/3r4 b - - 0 24,f6d5 c7d6 b4b5 c6c8,1208,76,95,13575,advantage discoveredAttack endgame short,https://lichess.org/w9HbHCsA/black#47,,
ICKXh,rnbqr1k1/4nppp/2p5/b2p4/P2P4/B2B1N2/3N1PPP/R2Q1RK1 b - - 3 14,c8f5 a3e7 e8e7 d3f5,1482,73,97,17481,capturingDefender crushing master opening short,https://lichess.org/wRtWDBLz/black#27,French_Defense French_Defense_Exchange_Variation,
Uod3R,5qk1/2p2p2/1b2b1B1/p7/1p1r4/8/PP1Q1PP1/R3R1K1 w - - 0 29,d2g5 d4g4 g6f7 g8f7,1622,77,95,16836,advantage middlegame short,https://lichess.org/PUfuRpdS#56,,
CQJ2a,8/5Qpk/2p1Np2/q7/7P/KP6/2Pb4/8 w - - 0 48,a3b2 d2c3 b2b1 a5a1,1625,72,96,14174,endgame mate mateIn2 short,https://lichess.org/EOY2ON5x#94,,
HKadb,rnbq1rk1/1p1n1pbp/p2p2p1/2pP4/P3P3/2N1BP2/1P1Q2PP/R3KBNR w KQ - 3 11,e3h6 d8h4 g2g3 h4h6 d2h6 g7h6,1290,75,94,15924,advantage long middlegame,https://lichess.org/d0XCrWJJ#20,Benoni_Defense Benoni_Defense_Old_Benoni,
48R1S,6r1/p4pbk/n2p4/2pPpNQp/2q1B2N/P7/5K2/1R6 b - - 1 35,c4e4 g5h5 g7h6 h5h6,1313,74,92,13558,mate mateIn2 middlegame short,https://lichess.org/NT79MFHx/black#69,,
FAm0D,3rr1k1/1R3ppp/p1n5/3N4/8/5Q2/q4PPP/3R2K1 b - - 0 23,d8d5 f3f7 g8h8 f7e8,1134,75,97,12906,fork mate mateIn2 middlegame short,https://lichess.org/8Nkhh5Kg/black#45,,
UjRPw,2rqr1k1/1b3ppp/pn1Bpn2/1pP5/1P6/P7/2Q1NPPP/1BR2RK1 w - - 5 24,d6e5 d8d5 f2f3 d5e5,1795,75,95,14825,advantage opening short,https://lichess.org/OFsOpOoA#46,,
883xq,r4r1k/pppnp1b1/3p2q1/5b2/3PN3/2N1PPB1/PPP3P1/R2Q1RK1 w - - 1 17,g1f2 f5e4 f1h1 h8g8 c3e4 g6e4,1574,74,95,19697,advantage long middlegame pin,https://lichess.org/NQt7FSV5#32,Torre_Attack Torre_Attack_Fianchetto_Defense,
O6Y6N,2r2rk1/p2q2pp/1pN2n2/2pPQp2/8/1P6/P4PPP/R4RK1 b - - 4 22,f6d5 e5d5 d7d5 c6e7 g8f7 e7d5,1514,73,95,19322,advantage attraction fork long middlegame sacrifice,https://lichess.org/Zv3PSvmU/black#43,,
CKroh,4Q3/p1r2ppk/1q3b1p/3p4/2pNb3/2P4P/PP2RPP1/4R1K1 w - - 3 26,e8b5 f6d4 b5b6 d4b6,1464,72,95,19922,advantage middlegame short,https://lichess.org/a5NwOc2F#50,,
spgAt,8/2p5/1p1p4/p2Pk3/PbP1N1p1/1P2K1P1/8/8 w - - 14 53,e4f2 b4c5 e3e2 c5f2 e2f2 e5d4,1846,77,97,14094,crushing endgame long master,https://lichess.org/cxZpCAWL#104,,
x451S,r1b2rk1/pp3p1p/1q2nBpQ/1B2p3/4P3/P1n2R2/2P3PP/R6K b - - 5 19,c3e4 h6h7 g8h7 f3h3 h7g8 h3h8,1628,76,96,14450,attraction kingsideAttack long mate mateIn3 middlegame sacrifice,https://lichess.org/tUwzALHY/black#37,Sicilian_Defense Sicilian_Defense_Four_Knights_Variation,
TGvPe,r5qk/2R1Q1pp/1p6/4N3/p1P1b3/P7/1PP4P/2K4n b - - 2 24,a8e8 e5f7 g8f7 e7f7,1204,76,96,15668,crushing middlegame short,https://lichess.org/eIuPIGDu/black#47,,
ucYbq,r2qkb1r/ppp2ppp/2n1p3/3p1b2/3Pn3/PP2PN2/2PN1PPP/R1BQKB1R w KQkq - 1 7,f1e2 e4c3 c1b2 c3d1,1363,74,93,15336,crushing opening short trappedPiece,https://lichess.org/nZtVzU6A#12,Queens_Pawn_Game Queens_Pawn_Game_Chigorin_Variation,
Fic8A,2kr3r/ppp2p2/7p/3Np3/2P5/5q2/PPPQ1P1P/3RK3 b - - 1 18,h8g8 d5e7 c8b8 d2d8 g8d8 d1d8,1483,73,93,15598,backRankMate discoveredAttack endgame long mate mateIn3,https://lichess.org/uLwNWJsz/black#35,Italian_Game Italian_Game_Two_Knights_Defense,
i4nhW,3r2k1/p1p2pp1/2Qb1q1p/2B5/8/2NP2P1/Pr3P1P/2R1R1K1 w - - 0 24,c5d6 f6f2 g1h1 f2h2,1506,74,96,17968,kingsideAttack mate mateIn2 middlegame short,https://lichess.org/LBagmAhd#46,,
4kcky,4r1k1/pp4pp/4p1PP/3pN1q1/3n4/P5R1/1P3PK1/1Q6 b - - 2 32,g5f5 g6h7 f5h7 g3g7 h7g7 h6g7,1400,75,96,23162,advancedPawn crushing discoveredAttack endgame fork long pin,https://lichess.org/f9umdM57/black#63,,
xNYqm,r4r1k/pb5p/2pQ1p2/3p1B2/6q1/2P2R2/P5PP/3N3K b - - 0 27,a8e8 d6f8 e8f8 f5g4,1558,73,96,14240,advantage middlegame short,https://lichess.org/MQ8TBsMA/black#53,,
60wjc,8/1kpKP3/p7/2p1R3/7p/7r/6p1/8 w - - 0 60,e7e8q h3d3 d7e7 g2g1q,1332,76,94,15510,advancedPawn crushing endgame promotion queenRookEndgame short,https://lichess.org/tkWmaAGu#118,,
R1rPd,r1b2rk1/pppp2pp/4p3/4N3/2PQ4/P7/1Pq1KPPP/R4B1R w - - 1 15,d4d2 f8f2 e2f2 c2d2,1426,76,96,16688,attraction crushing deflection master middlegame short,https://lichess.org/TKy628wk#28,English_Opening English_Opening_Agincourt_Defense,
iDq2c,r3k1nr/pp1b1ppp/3bp3/3pq3/8/1Q1BB1P1/PP3P1P/RN3RK1 b kq - 0 12,d7c6 e3f4 e5f6 f4d6,1519,74,95,20547,advantage opening short skewer,https://lichess.org/FAF5omhh/black#23,French_Defense French_Defense_Advance_Variation,
hKltG,r1b1k1nr/ppp2ppp/2np1q2/2bQ1NB1/4P3/8/PPP2PPP/RN2KB1R b KQkq - 1 7,f6g5 f5d6 c5d6 d5g5,1607,76,95,27084,advantage discoveredAttack opening short,https://lichess.org/YA55pSK6/black#13,Scotch_Game Scotch_Game_Classical_Variation,
aNO0W,1k5r/pq4pp/4p3/4P3/3Q4/8/Pp4PP/1R4K1 b - - 0 22,h8c8 b1b2 b7b2 d4b2,1481,76,97,14514,crushing endgame pin short,https://lichess.org/xsNR0WJ6/black#43,,
rNxee,r3r1k1/pp3p1p/1np5/6Q1/2qP4/P7/1P3P1P/1K2R3 b - - 5 27,g8f8 g5h6 f8g8 e1g1 g8h8 h6f6,1613,76,97,13341,endgame long mate mateIn3,https://lichess.org/Hge8fsmk/black#53,,
95XoT,8/1p2kp1p/8/rN1R4/2P4P/4rb2/PK4R1/8 w - - 6 32,g2g3 e3e2 b2b3 f3d5,1375,76,95,16610,crushing endgame short,https://lichess.org/yFUaQ7fg#62,,
HLLyj,5r2/1pq3pk/2p1Q2p/p3b2P/P2p4/2PP1N2/1P4P1/R6K b - - 2 28,f8f6 e6e5 c7e5 f3e5,1482,73,95,22069,advantage endgame short,https://lichess.org/xgPlkZSh/black#55,,
STjEv,r5k1/2p2ppp/1p1q4/1Pn1p3/1pPpP3/1N4P1/3Q1PBP/5RK1 w - - 2 23,d2b4 a8a4 b4d2 c5b3,1579,76,95,18917,advantage middlegame short,https://lichess.org/spfYAHK3#44,,
HKIFI,1k6/p1b5/1p5p/1Np5/3p4/3B2P1/PPPq3P/5R1K b - - 8 39,a7a6 f1f8 c7d8 f8d8 b8b7 d3e4,1231,74,95,14239,endgame exposedKing long mate mateIn3,https://lichess.org/IJrJImUF/black#77,,
F4jYs,2rr4/1p4k1/1q2n2p/6p1/1P1bR3/1Q4PN/5P1P/3R2K1 b - - 0 31,e6c5 e4e7 g7h8 b3f7 d4f2 h3f2,1596,74,98,17179,crushing long middlegame quietMove,https://lichess.org/2CKr86r5/black#61,,
TPMPe,2k1r2r/pb1p1p1p/1p1P1p2/2p4B/8/2P2P2/PP4PP/2KRR3 b - - 0 20,b7d5 e1e8 h8e8 d1d5,1422,74,95,14195,crushing endgame queensideAttack short,https://lichess.org/q5HlR9n9/black#39,,
vTjCP,3rr1k1/1p1q4/p4Q1p/6p1/2Pn4/6PP/PP4PK/2RR4 w - - 6 28,f6h6 d4f3 g2f3 e8e2 h2g1 d7d1 c1d1 d8d1,1556,76,96,15445,mate mateIn4 middlegame sacrifice veryLong,https://lichess.org/RQj2IUGx#54,,
nqz3O,2r5/p2k1ppp/1prp4/3Qnq2/4N3/1PP5/PK2RPPP/4R3 w - - 9 25,e4g3 e5d3 d5d3 f5d3 e2e7 d7d8 e7e8 d8c7,1328,76,96,13409,crushing fork middlegame veryLong,https://lichess.org/HxDeXqGH#48,,
eGbVK,3r3k/p4Q2/1p5p/8/8/1Pb3P1/P3K1BP/3r4 w - - 2 31,g2f3 d1e1 e2f2 d8d2 f2e1 d2d7 e1e2 d7f7,1816,75,96,13690,crushing discoveredAttack endgame exposedKing sacrifice veryLong,https://lichess.org/tKdQLLjf#60,,
tBwHJ,2rr2k1/p3Q1p1/1p3p1p/1q5P/2n4R/8/PP3PP1/2R3K1 b - - 1 31,c4e5 c1c8 d8c8 e7e6,1550,78,96,20663,advantage middlegame short,https://lichess.org/b6Sa0Rfr/black#61,,
FKCwI,8/7p/2k3pP/p2p1p2/P2K1P2/1P6/5P2/8 w - - 1 46,d4e5 c6c5 e5f6 d5d4 f6g7 d4d3 g7h7 d3d2,1261,75,94,14726,advancedPawn crushing endgame master pawnEndgame quietMove veryLong,https://lichess.org/MkIAZsiU#90,,
OiMRA,rn2r1k1/ppp2Np1/8/5b1Q/1b1q1B2/8/PPP3PP/R4R1K b - - 1 15,d4f6 f7h6 g7h6 h5e8,1767,73,95,13572,advantage discoveredAttack kingsideAttack middlegame short,https://lichess.org/yHsDbcu3/black#29,Kings_Gambit_Accepted Kings_Gambit_Accepted_Schallopp_Defense,
8fYPx,8/2r2pkp/2P1P1p1/p3q3/1pQ5/8/P2R2PP/3K4 b - - 4 38,e5e6 c4e6 f7e6 d2d7 c7d7 c6d7,1693,75,96,13285,advancedPawn crushing endgame long,https://lichess.org/2qWQ2yV4/black#75,,
q31Ct,4r3/p4pkp/3bq3/1p3p1Q/2pP4/2P4P/PPB2PP1/R4K2 w - - 1 26,h5f5 e6e2 f1g1 e2e1 a1e1 e8e1,1270,74,96,15193,endgame long mate mateIn3 sacrifice,https://lichess.org/ql5764dP#50,,
OTEpS,8/1p6/4p3/p1k1B1P1/2b5/4KP2/8/8 b - - 2 52,c5d5 g5g6 d5e5 g6g7,1595,80,96,17911,advancedPawn bishopEndgame crushing endgame sacrifice short,https://lichess.org/NiPQzKJ2/black#103,,
FYIRr,8/pR6/1b5p/4k1p1/2B3K1/1P3PP1/5r2/8 b - - 2 32,b6e3 b7e7 e5d4 e7e4 d4c3 e4e3,1460,74,96,23839,crushing deflection endgame long,https://lichess.org/Yj97klmA/black#63,,
H7AkR,r3kb1r/ppq2ppp/2n1pn2/3p4/6P1/1P2pN2/PBPNBPP1/R2QK2R w KQkq - 0 10,f2e3 c7g3 e1f1 f6g4 d1e1 g4e3 f1g1 g3g2,1634,74,96,13259,exposedKing mate mateIn4 opening veryLong,https://lichess.org/QVYbSegJ#18,Queens_Pawn_Game Queens_Pawn_Game_Colle_System,
5Dtxt,r1Qq1rk1/p3p1bp/2p3p1/6p1/3Q4/8/PPP2PPP/RN1R2K1 b - - 0 15,d8d4 c8e6 g8h8 d1d4,1541,81,94,19221,advantage intermezzo middlegame short,https://lichess.org/bslymxQf/black#29,Sicilian_Defense Sicilian_Defense_Hyperaccelerated_Fianchetto,
tHxyJ,8/5pk1/PR6/6p1/2P5/1P2K2p/1r3P2/8 w - - 0 52,e3f3 h3h2 f3g2 b2f2 g2f2 h2h1q,1304,76,95,19490,advancedPawn crushing deflection endgame exposedKing long promotion rookEndgame,https://lichess.org/3jFUGXUU#102,,
TMBwD,4kb1r/1p1b1ppp/1p2p3/3nP3/1P6/P1r2N2/4BPPP/R1B2RK1 w k - 6 16,c1b2 c3c2 f3d4 c2b2,1274,73,95,20688,advantage fork master middlegame short,https://lichess.org/wX5BEpNg#30,French_Defense French_Defense_Advance_Variation,
LHBno,5r1k/3n1Bpp/b2r2q1/Q3p3/P7/2P1B3/5RPP/4R1K1 b - - 0 26,f8f7 a5d8 d7f8 d8f8 f7f8 f2f8,1539,76,95,22194,backRankMate long master mate mateIn3 middlegame xRayAttack,https://lichess.org/St5FTdRw/black#51,,
KjSRn,4r1k1/p3r2p/6p1/1q1p4/3B4/5N1Q/P4PPP/5RK1 w - - 7 26,f3g5 b5f1 g1f1 e7e1,1341,75,95,20949,attraction mate mateIn2 middlegame sacrifice short,https://lichess.org/Fljhd1Xc#50,,
2Z3g6,2b1k2r/p1pnqB1p/6pb/2N1P3/3P4/2P5/PP4PP/RN3RK1 b k - 0 18,e8d8 c5e6 e7e6 f7e6,1289,77,95,17793,crushing middlegame short,https://lichess.org/sgqe0OFm/black#35,Queens_Pawn_Game Queens_Pawn_Game_Other_variations,
zQP8U,8/1b2kppp/p2r4/3P4/1K1R1P2/PN6/2r3PP/3R4 w - - 5 27,b3c5 d6b6 b4a4 c2c5,1700,76,95,15590,crushing deflection endgame short,https://lichess.org/wZDZp9v6#52,,
XNGco,rr4k1/5pp1/7p/p1pN4/8/1P2P3/P4PPP/2R3K1 b - - 1 22,b8b5 d5c7 a8b8 c7b5,1416,73,93,13255,advantage endgame fork short,https://lichess.org/c5vLPGLs/black#43,,
M824L,4r1k1/5ppp/8/8/P5n1/2q1B1P1/1r2nPBP/R2QR2K w - - 8 27,e1e2 b2e2 d1e2 c3a1,1527,78,97,21896,advantage discoveredAttack middlegame short,https://lichess.org/ek1KhbaO#52,,
Gq9Cy,r3r3/pp3b1R/2p2kp1/5p2/4pB1P/1P6/P3N1P1/6K1 b - - 0 28,e8h8 f4g5 f6e5 h7f7,1371,74,94,21833,advantage deflection endgame short,https://lichess.org/APslZAcm/black#55,,
v2o3P,r1b1k1Q1/1p3pp1/p2qp3/2nN4/8/8/PPP2PPP/R3n1K1 b q - 1 17,d6f8 d5c7 e8e7 g8f8 e7f8 c7a8,1299,73,96,20309,advantage fork long middlegame,https://lichess.org/MeXPIDbR/black#33,French_Defense French_Defense_Classical_Variation,
Yyt6X,r2q1r1k/6pp/2p2p2/pp2pP1Q/3pP3/P1PPn1R1/BP4PP/R5K1 b - - 1 20,d8e8 h5h7 h8h7 g3h3 e8h5 h3h5,1425,74,95,25531,attraction kingsideAttack long mate mateIn3 middlegame sacrifice,https://lichess.org/OoqQCvsD/black#39,,
Lkh9D,4r1k1/1pR2p1p/p7/1q1b2Nr/5Q2/P3P1P1/1P3PP1/5RK1 w - - 3 26,f4g4 h5h1 g1h1 b5f1 h1h2 f1g2,1503,76,95,19164,attraction deflection kingsideAttack long mate mateIn3 middlegame,https://lichess.org/FffWQpcX#50,,
BOGRP,8/5kpp/4p3/5p2/1B1p1P2/p2P4/P1r3PP/1R5K w - - 0 32,g2g3 c2b2 b1c1 b2b4,1702,76,96,13377,advantage endgame interference short,https://lichess.org/KvEeGSnD#62,,
npBdA,2r3k1/5pp1/p6p/4Pn2/6q1/1P1QP3/PB3PPP/6RK w - - 9 27,d3d7 f5g3 h2g3 g4d7,1465,75,95,17963,crushing discoveredAttack endgame short,https://lichess.org/dKYQpwR5#52,,
a0kzR,8/8/p2k4/7p/RP2p1p1/4PnP1/4NPK1/3r4 b - - 0 45,d6d5 e2c3 d5c4 c3d1,1296,74,96,12767,crushing endgame fork short,https://lichess.org/YA2u0vJ4/black#89,,
VkCTO,1r2q2k/2p1n1p1/3bQr1p/pp2N3/4n3/P1P1B2P/1P2NPP1/R2R2K1 w - - 1 23,e6d7 d6e5 d7e8 b8e8,1327,74,93,13384,advantage hangingPiece middlegame short,https://lichess.org/SniXGJ06#44,,
21Xb9,1k4r1/1p1q3p/p2b2r1/8/3P1P2/1PP1B2p/P4Q1K/RN4R1 w - - 4 36,b1d2 g6g2 g1g2 g8g2 f2g2 h3g2,1560,74,96,14602,advancedPawn advantage exposedKing fork long middlegame,https://lichess.org/UZvGvFV6#70,,
O7E8N,5br1/Q4p1p/3ppk2/1B3p2/3P4/5Pq1/PPP5/1K1R4 w - - 1 25,b5c6 g3g1 d1c1 f8h6,1693,75,96,15338,crushing endgame short,https://lichess.org/v3oRwACH#48,,
gNKly,r5k1/3nRp1p/3p2p1/2pq4/1r6/PPQ4P/3N2P1/R2K4 b - - 1 27,b4b3 c3b3 d5b3 d2b3,1184,76,94,13842,advantage middlegame short,https://lichess.org/eWYes8Nv/black#53,,
t0snD,6k1/R5P1/5K2/1p6/8/8/6r1/8 b - - 6 56,b5b4 a7a8 g8h7 a8h8,1240,76,95,15368,endgame mate mateIn2 rookEndgame short,https://lichess.org/E8jLIoGR/black#111,,
jPpp9,8/2Br4/1P6/3k4/1P3P2/3K4/8/8 w - - 7 59,b6b7 d5c6 d3e4 c6c7,1530,77,96,23731,crushing discoveredAttack endgame master masterVsMaster short superGM,https://lichess.org/SpiB8CQg#116,,
D3B5h,r4rn1/7k/4pP1p/p3P3/3P1Q2/R4R1P/1qP5/6K1 b - - 0 30,f8f7 f4e4 h7h8 e4a8,1391,76,96,16724,crushing fork middlegame short,https://lichess.org/yiaOwJUB/black#59,,
k4N71,5r2/2p1k3/5n2/7p/2N2Rp1/2P1q3/PP4PP/5R1K b - - 1 28,e3d3 f1e1 e7d8 f4d4 d3d4 c3d4,1304,74,95,15219,advantage endgame exposedKing fork long,https://lichess.org/LEyKYmpr/black#55,,
mB6RY,6k1/p1p2ppp/2Np1b2/1P3b2/P1PP4/2Q3P1/3Nqn1P/2K3R1 w - - 0 23,c3f3 f2d3 c1c2 d3e1,1909,77,95,13112,crushing doubleCheck middlegame queensideAttack short,https://lichess.org/WXuIwNo6#44,,
82eSs,2k3r1/1p5p/p1np1pr1/3Np3/PP2P3/5PPq/2P4P/R2Q1RK1 w - - 1 21,f1f2 g6g3 g1h1 g3g2 d1g1 g2g1,1680,73,95,13886,crushing kingsideAttack long middlegame,https://lichess.org/YpYVpHmp#40,,
GC60H,1k5r/ppp2p1p/2b5/4q3/6P1/P4P2/1P2P3/1K1Q1B1R w - - 0 23,h1h7 c6e4 f3e4 e5e4 b1a1 e4h7,1565,75,94,14964,advantage endgame fork long sacrifice,https://lichess.org/Ea0FZAPK#44,,
bXl7K,r1bq1r2/pppp1p1k/3b1p1p/8/3p1PPB/3P3P/PPP1Q3/4RRK1 b - - 4 17,b7b6 e2e4 h7g7 e4a8,1305,76,97,15156,advantage fork middlegame short,https://lichess.org/ynUGYLsD/black#33,Ruy_Lopez Ruy_Lopez_Other_variations,
qcAS5,r2k1b1r/pp1b1Qn1/1qn1p2p/4P3/2p1N1P1/1P2p3/P1P1B2P/R3NRK1 b - - 4 19,c6e5 f7f6 d8c8 f6e5,1706,77,96,16208,advantage fork middlegame short,https://lichess.org/rsRrGYLP/black#37,Nimzowitsch_Defense Nimzowitsch_Defense_Scandinavian_Variation,
1yx4w,3R4/7P/8/2p2p2/6nr/1p6/4k2P/2R4K w - - 5 48,h7h8q g4f2 h1g1 h4g4,1413,74,96,20873,endgame mate mateIn2 short,https://lichess.org/2sb9jHn7#94,,
P5YIE,2k5/p7/7p/1p1N4/1Pp1nP1K/P5P1/7P/8 w - - 4 40,h4h5 e4f6 d5f6 c4c3 f4f5 c3c2,1834,75,96,14231,advancedPawn advantage endgame knightEndgame long sacrifice,https://lichess.org/JiDu1qZq#78,,
AAT0j,rn3rk1/2p3pp/pp2p3/5p2/1P1P1P2/P1NBP1q1/2QN2b1/R4RK1 w - - 1 18,f1f2 g2h3 g1h1 g3f2,1666,74,96,18187,advantage deflection discoveredAttack kingsideAttack master middlegame short,https://lichess.org/odBaYcub#34,Nimzo-Indian_Defense Nimzo-Indian_Defense_Three_Knights_Variation,
0uW7P,r3k1r1/1pp2p2/p1np4/3B3p/3NPp1q/2PP1R1b/P1P4K/R2Q4 w q - 4 20,f3h3 h4f2 h2h1 f2g2,1296,73,95,15423,mate mateIn2 middlegame short,https://lichess.org/VkNKvD9M#38,,
qrhMa,r2qkb1r/pp3p2/3p2p1/2pNp2p/3nP2P/3PQ3/PPP1N1B1/2KR3R w kq - 2 16,e2c3 f8h6 e3h6 h8h6,1310,73,94,15850,crushing middlegame pin short,https://lichess.org/C9gIkora#30,Sicilian_Defense Sicilian_Defense_Closed,
7Da16,2r3rk/p4p1p/5R2/3p1Q2/Pp2q3/8/P1P3PP/5R1K w - - 4 28,f5f2 c8c2 f2c2 e4c2,1373,75,95,20319,crushing endgame short,https://lichess.org/zRlwvRaG#54,,
AnbmI,2k4r/3r4/R1b4p/2P1PppN/3n1P1P/8/6P1/1R5K b - - 3 42,d7b7 a6a8 c8c7 b1b7 c6b7 a8h8,1843,74,96,13697,crushing exposedKing long middlegame,https://lichess.org/sXomqZ4V/black#83,,
quPFB,r7/1bpqpkb1/p3Rn2/1p1P1n2/5B2/2N5/PPP3Q1/2K3R1 b - - 3 25,a8g8 g2g6 f7f8 g6f5,1601,76,97,15942,crushing fork middlegame short,https://lichess.org/xXM6ImtT/black#49,,
YylQr,r5k1/pRp3p1/5q1p/8/5b2/5QP1/P4P1P/7K w - - 0 29,f3f4 f6c6 f2f3 c6b7,1497,73,96,23186,crushing endgame fork short,https://lichess.org/l570eB4e#56,,
pshuO,3r3k/p1q2N2/1p3p1p/3p3Q/1P1Pp3/4n2P/P4K2/8 b - - 1 36,h8g7 h5h6 g7g8 h6h8 g8f7 h8h7 f7e8 h7c7,1851,76,95,13786,advantage endgame fork master sacrifice skewer veryLong,https://lichess.org/ayrZKCvn/black#71,,
YayTn,3r2k1/2q2pb1/pp2b1p1/4p2p/2P1B3/1P3Q2/P2B1PPP/2R3K1 w - - 1 21,c1d1 e6g4 f3e3 g4d1,1305,76,94,15722,crushing middlegame short skewer,https://lichess.org/hJMyqnb4#40,,
YJEsd,8/6pk/2p4p/7P/1K1PN3/2P2P2/6r1/8 b - - 1 37,g2b2 b4c5 b2a2 c5c6,1655,80,95,22871,advantage defensiveMove endgame short,https://lichess.org/zzXBmNMF/black#73,,
3jXjU,8/3bk1r1/1p2pp2/4q3/3NP3/2PB2r1/PP3Q2/2KR3R w - - 5 36,d1g1 e5g5 c1c2 g3g1 h1g1 g5g1 f2g1 g7g1,1740,72,96,14870,advantage middlegame veryLong,https://lichess.org/fL9M3nXl#70,,
JPsfR,6r1/1R3p1k/3Nnp1p/2p1p2Q/4P3/3P3P/q4PPK/8 w - - 5 33,d6f5 g8g2 h2h1 a2a1 h1g2 e6f4 g2h2 f4h5,1915,72,95,13914,crushing endgame fork sacrifice veryLong,https://lichess.org/31IqkXSQ#64,,
0sh9d,8/2Rb3p/1p3pp1/1k2p3/2P5/3rNP1P/6PK/8 b - - 0 37,b5b4 e3d5 b4b3 c7d7,1738,75,96,16371,advantage endgame interference short,https://lichess.org/zcPfWMT1/black#73,,
s5ejg,1k1r3r/1p3p2/p1p3P1/q2p3p/3P2B1/b1P1PQP1/1P3P2/2KR3R w - - 0 22,g4h5 a5c3 c1b1 c3b2,1496,73,95,19899,mate mateIn2 middlegame pin queensideAttack short,https://lichess.org/pmKj13CT#42,,
UV4V2,r1bqrk2/1pp5/p1n1p2Q/3p4/2PP4/P1P1P3/5PPP/R3K2R b KQ - 2 16,f8e7 h6g7 e7d6 c4c5,1461,73,96,19154,mate mateIn2 middlegame short,https://lichess.org/RHsbFxFw/black#31,Queens_Gambit_Declined Queens_Gambit_Declined_Ragozin_Defense,
FZxJ2,6k1/P5p1/2Bp3p/2pP4/6qb/5p2/5P2/R2Q2K1 w - - 3 33,g1f1 g4g2 f1e1 g2f2,1492,76,96,25205,attackingF2F7 endgame mate mateIn2 short,https://lichess.org/hxvZGegK#64,,
EFtpn,8/8/5k1p/2n2p1P/2B1pP2/4P3/1pK5/8 b - - 1 43,c5d3 c4d3 e4d3 c2b2,1256,73,95,14601,crushing endgame short,https://lichess.org/QhxQKyFS/black#85,,
yu2zs,6k1/1pr2r1p/2n1Q1p1/3R4/p3P3/P4P2/1PP3q1/1K1R4 b - - 1 27,c6e7 d5d8 g8g7 e6e5 g7h6 e5c7,1360,74,95,19215,crushing fork long middlegame pin,https://lichess.org/n1rjZrBT/black#53,,
70YI3,6rk/3R2pp/p7/2q1P3/6QB/2p4P/1r3PP1/6K1 b - - 10 36,c3c2 g4g7 g8g7 d7d8 c5f8 d8f8 g7g8 h4f6,1657,74,96,17536,endgame mate mateIn4 sacrifice veryLong,https://lichess.org/e5EmRvtq/black#71,,
G0tiu,r3r1k1/ppqn1pbp/2p2np1/8/3BN3/1P1BPQ1P/P1P3P1/R4RK1 b - - 4 15,f6e4 f3f7 g8h8 f7g7,1633,76,96,15974,kingsideAttack mate mateIn2 middlegame short,https://lichess.org/a0muQYsH/black#29,Queens_Pawn_Game Queens_Pawn_Game_Other_variations,
ZC0uK,5k2/2p2r1p/b3pNpP/p2pQ1P1/3P4/2P2P2/q7/3RK3 w - - 6 32,e5e6 f7e7 f6h7 f8e8,1392,74,95,15781,crushing endgame pin short,https://lichess.org/CS3ETMMB#62,,
fTNyA,1rr4k/p6p/1p3QP1/2p5/8/2P3Pq/P4n1P/5RK1 b - - 2 28,h8g8 f6f7 g8h8 g6g7,1506,74,97,20928,advancedPawn endgame fork mate mateIn2 short,https://lichess.org/k3Gy1zQO/black#55,,
0XKJS,7q/pp3Q1P/2p5/2kp4/2n5/4p3/N6R/1K6 w - - 0 44,f7g8 c4a3 b1c1 h8a1,1862,74,95,13361,endgame mate mateIn2 short,https://lichess.org/8SDWTW2h#86,,
GgNxt,8/6p1/p1p3kp/P7/2PP4/7P/6P1/7K w - - 1 40,h1g1 g6f5 d4d5 c6d5 c4d5 f5e5,1442,73,95,22421,crushing endgame long pawnEndgame,https://lichess.org/Mi8jat8R#78,,
aAi6V,8/7p/1k4p1/1Brppp2/pK6/2N1P1P1/5PP1/8 b - - 0 38,a4a3 c3a4 b6c7 a4c5 a3a2 c5b3,1372,74,95,23781,crushing defensiveMove endgame fork long,https://lichess.org/i1moqEuR/black#75,,
5wuC2,8/k2P3p/5Rp1/5p2/p1Pn1P2/3n4/BP2r2P/5K2 w - - 1 41,d7d8q e2f2 f1g1 d4f3 g1h1 f2h2,1700,77,95,20391,arabianMate endgame exposedKing long mate mateIn3,https://lichess.org/egx4Bnol#80,,
vKfx2,r2qk2r/1b3pp1/p2bpnp1/1p1pB3/2pPP3/2P2Q2/PPBN1PPP/2KR3R b kq - 2 15,e8g8 e5d6 d8d6 e4e5,1567,74,96,16912,advantage middlegame short,https://lichess.org/JYFMCkp4/black#29,Queens_Pawn_Game Queens_Pawn_Game_Accelerated_London_System,
kixYj,6k1/2Nb2p1/3p2pp/p7/3q1P1P/1P2r3/P1P2QPK/5R2 w - - 0 31,f1e1 e3h3 h2g1 h3h1 g1h1 d4f2,1491,73,96,24356,crushing deflection endgame long,https://lichess.org/eCPHi6fe#60,,
7oApw,5Q2/1q5k/4p1pp/pp6/3P4/P3P3/5PP1/6K1 w - - 1 34,g2g3 b5b4 a3b4 a5b4,1432,77,96,19735,crushing endgame queenEndgame short,https://lichess.org/jemVEN4H#66,,
qyziG,r2q1rk1/1pp2ppp/1p1p1n2/1B6/1P1Q1P2/6R1/PBb3PP/R5K1 b - - 1 16,c7c6 d4f6 d8f6 b2f6,1339,75,95,23255,advantage middlegame pin short,https://lichess.org/7mTg8qlZ/black#31,Italian_Game Italian_Game_Giuoco_Piano,
qDOKU,5q2/2p4k/2Pb2p1/4Nb1p/3P4/2Q2pP1/5P1P/1r1BR1K1 w - - 8 35,e5f3 d6b4 c3e3 b4e1,1357,76,95,17903,advantage middlegame short skewer,https://lichess.org/U8XvdDqb#68,,
ymcYc,3qr1n1/1pp2ppk/p2p3p/6P1/3B1P1Q/P6P/1PP5/2KR4 b - - 0 23,e8e4 g5g6 f7g6 h4d8,1370,78,95,22005,crushing discoveredAttack endgame short,https://lichess.org/L2DjS2Bt/black#45,,
A3MsM,k4nrr/1pBq4/pPp1pb2/P1Pp1p2/3P2P1/2N1P3/KR2Q1P1/7R b - - 0 34,h8h1 e2a6 b7a6 b6b7 a8a7 b7b8q,1626,77,95,16808,advancedPawn long mate mateIn3 middlegame promotion queensideAttack sacrifice,https://lichess.org/9213k501/black#67,,
dNylP,2r2k2/1q3p2/3p4/3Pp1Qp/r3P2P/KP3P2/2P5/3R2R1 w - - 0 45,b3a4 c8c3 a3a2 c3c2 a2a1 b7b2,1234,74,96,14321,endgame long mate mateIn3,https://lichess.org/pMwnvumE#88,,
0erAU,6k1/p4Npp/2n5/2q5/PR3bP1/KQ1p3P/4rP2/8 b - - 1 32,c6b4 f7h6 g8f8 b3f7,1555,77,93,13514,doubleCheck endgame mate mateIn2 short,https://lichess.org/XM6QzcKj/black#63,,
ylKIK,2k5/pp5R/5P2/8/7B/2pbb3/6P1/3K4 w - - 7 36,f6f7 c3c2 d1e1 c2c1q,1328,74,96,21509,advancedPawn deflection endgame mate mateIn2 promotion short,https://lichess.org/ykRL4emm#70,,
pITZ3,r4rk1/2p2p1p/p1pbp3/7b/5q2/P1B2N1P/2PP1PP1/R2Q1RK1 w - - 7 18,g2g3 f4f3 d1f3 h5f3,1504,76,94,13279,crushing middlegame short,https://lichess.org/LW6rJngS#34,Scandinavian_Defense Scandinavian_Defense_Main_Line,
bdsYA,r4rk1/2p1bppp/p7/1p6/5B2/6Q1/Pq3PPP/R2R2K1 b - - 1 20,a8d8 f4e5 b2e5 g3e5,1699,74,96,16053,advantage middlegame short,https://lichess.org/Lu6bETpd/black#39,,
ca8Hw,rnbq1rk1/pp2ppbp/3p1np1/8/3NP3/2N5/PPP1BPPP/R1BQ1RK1 w - - 4 8,c1f4 e7e5 f4g3 e5d4,1485,74,94,13126,advantage fork opening short,https://lichess.org/lN7cgQo6#14,Sicilian_Defense Sicilian_Defense_Dragon_Variation,
vmqJM,1k1r4/pppr1p2/8/1P1P3p/Q6P/P1q1B1P1/5P2/3R1K2 b - - 0 33,d7d5 a4a7 b8c8 a7a8 c8d7 d1d5,1238,76,93,13165,crushing endgame interference long queensideAttack,https://lichess.org/BobiAPUO/black#65,,
xI8CQ,8/1p1r4/pR1p1P2/P1pPbk1p/4N3/2P1P3/1P2K3/8 w - - 3 41,e2d3 c5c4 d3c4 f5e4,1689,76,96,13877,crushing deflection endgame short,https://lichess.org/kyT45hNE#80,,
eulIJ,4rrk1/2pnnpp1/p2p3p/1p2P3/5q1P/2B2B2/P2N1P2/R2QK2R w KQ - 1 21,e5d6 e7d5 e1f1 d5c3,1282,73,96,18288,crushing discoveredAttack middlegame short,https://lichess.org/UgkWUV3G#40,,
eaokh,3r3r/pppk2p1/2p2pn1/2b1p3/4P3/1PP3P1/P2P2PN/RNB2R1K w - - 0 16,c1a3 h8h2 h1h2 d8h8,1325,75,97,22077,attraction kingsideAttack mate mateIn2 middlegame sacrifice short,https://lichess.org/dXRhUdka#30,Ruy_Lopez Ruy_Lopez_Nurnberg_Variation,
I5eYK,1r2r1k1/5pp1/p6Q/2p1q3/4p3/1P4R1/P1P2PPP/R5K1 w - - 1 30,a1e1 e5g3 h2g3 g7h6,1523,75,95,21029,crushing endgame short,https://lichess.org/F3jhMBxB#58,,
siGCQ,2k4r/pp3p2/2pppq2/8/2PQ4/3PPbP1/PP3P2/R4KRr w - - 7 28,d4f6 h1g1 f1g1 h8h1,986,81,95,13917,attraction endgame mate mateIn2 short,https://lichess.org/FykJBnYp#54,,
q80fo,1R1B2k1/5p2/p7/P2pP2p/5PbP/r2n1BK1/8/8 b - - 3 34,d3e5 d8e7 g8h7 e7a3,1423,79,95,17794,advantage discoveredAttack endgame short,https://lichess.org/ZBAKQI79/black#67,,
sXdCc,2rqk2r/pp2nppp/1b2pn2/3p1b2/1P1P4/P1N1PNP1/1B3PBP/R2Q1RK1 w k - 5 13,c3a4 f5c2 d1e2 c2a4,1495,75,96,20986,advantage interference middlegame short,https://lichess.org/5lXKicx3#24,Queens_Gambit_Declined Queens_Gambit_Declined_Baltic_Defense,
WTgo5,2kr1b1r/pp3pp1/4pn1p/P1BPq3/1nB1P3/2N2P2/1P4PP/R2QK2R w KQ - 0 15,c5d4 e5d4 d1d4 b4c2 e1f2 c2d4,1537,73,95,20846,advantage attraction exposedKing fork long middlegame sacrifice,https://lichess.org/IsFOYbco#28,Queens_Gambit_Accepted Queens_Gambit_Accepted_Normal_Variation,
uYUoU,4r3/1p3Qbk/p1q1p1p1/2p5/4P3/1P4RP/5PP1/6K1 b - - 2 29,e6e5 g3g4 g6g5 g4g5 c6h6 g5h5,1837,72,95,13034,advantage endgame long pin,https://lichess.org/l4tPi1EL/black#57,,
drICR,3r2k1/2b1r3/pp1q2p1/3p1pQp/3B3P/2P2pP1/PP5N/3RR1K1 w - - 0 33,g5e7 d6g3 g1f1 g3g2,1231,75,97,13733,kingsideAttack mate mateIn2 middlegame short,https://lichess.org/DaKLgW2P#64,,
mTGx4,rn2k2r/pp3ppp/2p5/q2bb3/B2Pn3/2N1Q3/PPP2PPP/R1B1K2R w KQkq - 0 17,d4e5 e4c3 e3c3 a5a4,1295,74,95,20759,advantage capturingDefender opening short,https://lichess.org/gTXXPMKC#32,Russian_Game Russian_Game_Other_variations,
cIyF2,r3kb1r/p4ppp/2p1p3/2pp4/4nP1q/1PN1PQ1P/PBPP2P1/R3K2R w KQkq - 2 11,e1e2 e4g3 e2f2 g3h1,1330,75,95,13669,crushing doubleCheck fork middlegame short,https://lichess.org/M2HfM9dm#20,Nimzo-Larsen_Attack Nimzo-Larsen_Attack_Classical_Variation,
566nh,4r1k1/pp3ppn/4p3/1Pr5/5n2/PR3N1P/5PP1/1Q4K1 w - - 0 31,b3b4 c5c1 b1c1 f4e2 g1h2 e2c1,1591,75,96,16898,advantage attraction fork long middlegame sacrifice,https://lichess.org/1pNzuumK#60,,
kT4iG,r1bq1k1r/1p1nnpbp/p2Np1p1/2Pp4/2P5/1P3N2/PB2PPPP/1R1QKB1R b K - 0 10,d7c5 b2g7 f8g7 d1d4 e6e5 d4c5,1640,75,95,15639,advantage attraction fork long opening,https://lichess.org/9rUvMnSU/black#19,English_Opening English_Opening_Symmetrical_Variation,
eWm8a,8/6nk/7p/6p1/Q7/P2K3P/rp3PP1/8 w - - 0 44,a4b3 a2a3 b3a3 b2b1q,1184,74,95,13515,advancedPawn advantage deflection endgame pin promotion short,https://lichess.org/qXqpo1uO#86,,
1ymmt,1r3rk1/p4pp1/3Np2p/2Pq4/3P2Q1/1P1n2P1/P4P1P/R4RK1 w - - 8 25,d6e4 f7f5 e4c3 f5g4 c3d5 e6d5,1488,74,94,16697,advantage fork long middlegame,https://lichess.org/QwdVcKiv#48,,
Oqw6T,Qn2k2r/p4ppp/3bp3/3p4/2q5/2N5/PPK1R2P/R1B5 w k - 1 21,a8d5 c4e2 c3e2 e6d5,1636,76,96,12771,advantage middlegame short,https://lichess.org/KNRLB4lX#40,,
IIaid,3rn1k1/p5pp/1q2pp2/8/1P1p4/P6Q/2r2PPP/2N1RRK1 b - - 0 27,e6e5 h3b3 g8h8 b3c2,1546,73,96,23121,advantage fork middlegame short,https://lichess.org/6EaMAG9Q/black#53,,
x198C,rr1q2k1/6p1/4p2R/1pppN1P1/p2P4/P1P5/1P2QP2/1K6 b - - 0 26,d8g5 h6h8 g8h8 e5f7 h8h7 f7g5,1483,76,96,23826,attraction crushing endgame fork long sacrifice,https://lichess.org/TM2I71Dn/black#51,,
r0Pfk,r3kb1r/1p2ppp1/p1n2n2/q5B1/6b1/2NP1NPp/PPP1BP1P/R2Q1RK1 w kq - 1 12,a2a3 g4f3 e2f3 a5g5,1262,77,95,13240,advantage capturingDefender opening short,https://lichess.org/4Q07191l#22,Scandinavian_Defense Scandinavian_Defense_Blackburne_Gambit,
oOO4H,RQ6/5p2/4pqk1/1p4p1/1bp1B3/8/1P1r1PP1/5K2 b - - 10 29,g6h6 b8h2 h6g7 h2h8,1631,76,96,16512,endgame mate mateIn2 short,https://lichess.org/hDeAEzUS/black#57,,
4FRJG,q3k2r/3n1pp1/4p2p/1p2P3/1npP3B/5B2/1Q3PPP/5RK1 b k - 0 19,a8a4 f1a1 a4a1 b2a1,1391,73,95,20170,crushing middlegame short,https://lichess.org/XqdNFjJN/black#37,Queens_Gambit_Declined Queens_Gambit_Declined_Marshall_Defense,
PeMod,r1b3r1/1pp4k/p2p3p/3P1p2/1PPNn1qP/P1B1P3/2QN1p1R/2R4K w - - 7 33,d2e4 g4g1 c1g1 f2g1q,1281,78,96,24124,advancedPawn kingsideAttack mate mateIn2 middlegame promotion short,https://lichess.org/rjnECn0C#64,,
I1gYJ,2R2bk1/7p/3p4/3Pp1p1/3pPp2/1r3P2/2R1K1PP/8 w - - 6 42,c8d8 d4d3 e2d2 d3c2,1679,74,96,16170,advancedPawn crushing endgame fork master short,https://lichess.org/MuPVjkR6#82,,
zDgqy,r1bqk2r/pp2p1b1/2p2n1p/3pNpp1/3P4/2PBP3/PP1N1PPP/R2QK2R b KQkq - 0 11,f6e4 d1h5 e8f8 h5f7,1498,74,96,18589,mate mateIn2 opening short,https://lichess.org/GUybL2CK/black#21,Queens_Pawn_Game Queens_Pawn_Game_Other_variations,
b1m6c,2k3r1/ppp1b2p/8/2q2p1p/5Pn1/1P1P1n2/P1PB2P1/2RQ1R1K w - - 0 24,f1f3 g4f2 f3f2 c5f2 d1f3 f2d2,1484,76,97,14958,crushing fork long middlegame,https://lichess.org/4TBfWKfy#46,,
wduxv,2kr2r1/ppp2p1p/6q1/8/8/P1B1PB1P/4QK2/RN6 w - - 2 24,b1d2 g6g3 f2f1 g3g1,1344,75,96,15452,mate mateIn2 middlegame short,https://lichess.org/y6ZeN7I4#46,,
GfpaH,2kr3r/ppq1bppp/4p3/4n3/QP1P4/P7/1B3PPP/RN3RK1 b - - 1 17,e5g4 f1c1 c7c1 b2c1,1363,77,96,20120,crushing middlegame pin short,https://lichess.org/C38CJ58d/black#33,Caro-Kann_Defense Caro-Kann_Defense_Other_variations,
ls340,8/8/p4pk1/1p1P1p2/2p5/2P2P2/P4KP1/8 b - - 2 43,g6f7 f2e3 f7e7 e3d4 e7d7 d4c5,1463,76,96,15391,crushing endgame long master pawnEndgame,https://lichess.org/2kxAmnLm/black#85,,
VBUnZ,r5k1/p6p/3p2p1/2p1b2P/1PP1p2q/P2P3b/3B4/1R1Q1RNK w - - 0 28,d2e1 h3g2 h1g2 h4h2,1806,75,95,14516,attraction doubleCheck kingsideAttack mate mateIn2 middlegame sacrifice short,https://lichess.org/IENWfuZh#54,,
GDy9X,2n2rk1/pp3rb1/3p2q1/3p2pp/1B1Pp3/PP2P2Q/1KPN1P1R/4R3 b - - 0 26,f7f2 h2f2 f8f2 h3c8,1377,78,95,19879,advantage middlegame short,https://lichess.org/VpSKsATY/black#51,,
orjzh,r3kb1r/ppp1ppp1/2n2n2/3p4/3P1BqN/2P3P1/PP1NPPKP/R2Q1R2 w kq - 1 11,e2e3 h8h4 d1g4 h4g4,1335,74,95,18231,advantage master middlegame pin short,https://lichess.org/Wslyy6cv#20,Queens_Pawn_Game Queens_Pawn_Game_Symmetrical_Variation,
Q8LRE,r1b2nk1/1pq3p1/p1n5/3pp1NQ/3P4/2P1B3/P5PP/5RK1 b - - 3 20,c8e6 f1f8 g8f8 g5e6,1969,78,95,13348,attraction crushing kingsideAttack middlegame short,https://lichess.org/MOrJdaXp/black#39,,
S4M0J,2r3k1/8/p3prp1/3p2q1/bPpQ2Bp/P6P/5PP1/R1R3K1 b - - 1 32,f6f4 g4e6 g8h7 d4a7 h7h6 e6c8,1742,75,95,13154,crushing exposedKing fork long middlegame,https://lichess.org/FFby6kls/black#63,,
cYPbK,rn1r2k1/ppp2ppp/8/3BP3/4P3/4Kn2/PP3P1P/R2N3R b - - 1 15,f3e5 d5b7 b8c6 b7a8,1209,74,97,13339,advantage middlegame short trappedPiece,https://lichess.org/P4NokbVo/black#29,Queens_Gambit_Accepted Queens_Gambit_Accepted_Other_variations,
ULwK5,6B1/p1k2p2/4p2P/2p5/6P1/P7/n1p2r2/4R2K b - - 0 32,c2c1q e1c1 a2c1 h6h7,1395,74,96,24089,advancedPawn advantage endgame short,https://lichess.org/uGv6Dx8k/black#63,,
LarSA,2b2rk1/5ppp/2pp2q1/2p5/1P2Pn2/r1N5/5PPP/2RQRBK1 w - - 0 19,b4c5 f4h3 g1h1 h3f2,1973,75,95,13574,crushing deflection kingsideAttack middlegame pin short,https://lichess.org/3ngBHTED#36,Scotch_Game Scotch_Game_Classical_Variation,
ceGZk,4Q3/1R3ppk/p6p/3p4/3q4/5P2/P3RKPP/2r5 w - - 5 30,e8e3 d4h4 g2g3 h4h2,1501,75,96,14764,endgame mate mateIn2 short,https://lichess.org/w1W8tf4C#58,,
7mQ5N,r2q1rk1/p1pnb1pp/2ppb3/5p2/2P1PB2/2N5/PPQ1BPPP/R4RK1 w - - 0 12,f4g3 f5f4 g3f4 f8f4,1529,75,94,14683,advantage middlegame short trappedPiece,https://lichess.org/NgLOJ56f#22,Philidor_Defense Philidor_Defense_Exchange_Variation,
NJKQB,5rk1/5qp1/2p1p2p/3b4/R2P4/P3Q1RP/5PP1/6K1 w - - 1 39,e3h6 f7f2 g1h2 f2g3 h2g3 g7h6,1471,74,96,18560,advantage endgame fork long,https://lichess.org/teFsAAme#76,,
57vx0,4r1k1/p2n1ppp/bpp2q2/3p4/3P1BP1/2PN1P2/PP2N2P/2KR1B1R w - - 1 20,d3e5 a6e2 f1e2 f6f4,1708,75,97,17998,advantage capturingDefender middlegame short,https://lichess.org/JAzGjHn2#38,,
xFGVl,7k/pp1q1p1p/3b1p2/2pQ1N2/3P2P1/7P/PPP2PK1/4r3 b - - 0 22,e1e6 d4c5 d7b5 f5d6,1642,72,96,17208,advantage endgame short,https://lichess.org/zgQHRX4J/black#43,,
BrA7Z,8/P1p2Q1p/1B1p3r/1P2p1k1/2B1Pp2/5P1q/R6b/5R1K w - - 5 40,a2g2 h2g3 h1g1 h3h1,1509,74,92,14078,discoveredAttack mate mateIn2 middlegame short,https://lichess.org/vmGSkTfQ#78,,
go8LF,rn1q1rk1/pp4p1/2p2npp/2b5/4p3/2N3P1/PPP1Q1BP/R1B2R1K b - - 1 14,f8e8 e2c4 g8h7 c4c5,1323,77,97,13524,advantage fork master opening short,https://lichess.org/wZEHSck9/black#27,Hungarian_Opening Hungarian_Opening_Slav_Formation,
lvwgd,3r2k1/1p3p1p/pq3PRP/n7/P7/8/BP4Q1/5K2 b - - 0 34,h7g6 g2g6 g8h8 g6g7,1550,76,96,18797,endgame mate mateIn2 pin short,https://lichess.org/D81dAoda/black#67,,
uV53U,2r5/1p1k1p2/4q3/3Np3/p3P3/P3PQ2/1P6/1K6 b - - 3 38,e6c6 f3f7 d7d6 f7e7,1497,75,95,17122,endgame mate mateIn2 short,https://lichess.org/rr5OLiXE/black#75,,
fBBYt,8/1p2p3/p4k2/P2PN1p1/1P1K3p/6nP/6P1/1b3B2 w - - 1 50,f1c4 g3f5 d4c5 f6e5,1540,75,94,18010,crushing deflection endgame master short,https://lichess.org/HGd6VOe7#98,,
BS2fp,7r/8/2p1p1k1/2b2p2/R3n3/5RPP/P3QP1K/q7 w - - 0 42,a4e4 h8h3 h2h3 a1h1,1365,77,97,14744,attraction endgame mate mateIn2 sacrifice short,https://lichess.org/o4UBHOIK#82,,
jAGRV,8/1p1R1p1p/1b3pk1/p6r/P3KP1r/1NP5/1P6/4R3 w - - 8 31,d7b7 h5e5 e4f3 e5e1,1609,76,96,15894,advantage endgame master pin short skewer,https://lichess.org/8LaQb3iN#60,,
pVwyE,2r5/1p2pkb1/p6p/1n3p2/3P1N2/BP2P2P/P5P1/R5K1 w - - 3 26,a3c5 c8c5 d4c5 g7a1,1518,74,96,21413,advantage endgame short,https://lichess.org/jdlTDwkQ#50,,
U7IuZ,8/5k2/R6P/5bK1/1P1r4/5p2/5P2/8 b - - 3 59,d4d5 a6f6 f7g8 f6f5,1253,76,97,16289,crushing endgame short,https://lichess.org/hGi5UApV/black#117,,
NZOqV,r4rk1/2p1qpp1/p1pbp1n1/7Q/1P1PN3/2P5/PB3P2/2K4R b - - 3 30,f8b8 h5h7 g8f8 h7h8 g6h8 h1h8,1229,74,95,20076,backRankMate long mate mateIn3 middlegame sacrifice,https://lichess.org/lh4f77t8/black#59,,
B3wSt,2rr2k1/5ppp/p7/1pn1qP2/1Q6/1P1p1BP1/P4P1P/2RR2K1 b - - 3 26,e5f5 f3g4 f5d5 g4c8,1690,74,96,14721,advantage middlegame short skewer,https://lichess.org/PeWWgnKF/black#51,,
6o7W8,8/2p3k1/pp1p1brp/3PqB2/3pP2P/3P4/PP1Q3K/5R2 w - - 1 29,d2f4 e5f4 f1f4 f6e5 h2h3 e5f4 f5g6 g7g6,1196,75,94,16684,attraction clearance crushing endgame pin veryLong,https://lichess.org/tsGWrP8J#56,,
IKRui,r4rk1/p2n1ppp/2Q1b3/q7/1p2P1P1/2NB3P/PPP5/2KR1R2 w - - 0 20,c6a4 a5g5 c1b1 b4c3,1629,73,95,14365,crushing middlegame short,https://lichess.org/LSCmmtcY#38,,
B0ZNe,8/p2bkp2/4pr2/2pR4/5r2/2PB4/P2KR1PP/8 b - - 0 29,f4a4 d5d7 e7d7 d3b5 d7d6 b5a4,1285,75,96,23975,advantage attraction endgame fork long master masterVsMaster sacrifice,https://lichess.org/HmGz0562/black#57,,
MsTqt,6r1/2kp4/p1q1pp2/1pb4p/5pPQ/2R4P/PPP2P2/4R1K1 w - - 4 26,b2b4 c5f2 h4f2 c6c3,1296,76,95,18185,advantage discoveredAttack endgame pin short,https://lichess.org/WURB2T5Q#50,,
8szH0,1r4k1/2p2p1p/3p1Qp1/p2B1b2/2P5/8/q5PP/4R1K1 b - - 1 27,b8f8 d5f7 f8f7 e1e8 f7f8 f6f8,1712,77,97,14498,endgame long mate mateIn3 sacrifice,https://lichess.org/zIPjmwMm/black#53,,
Db5Fv,r5rk/5p1p/p2p1PpQ/1p6/3qB3/5R2/PP4PP/2R4K b - - 0 29,d4e4 h6h7 h8h7 f3h3 e4h4 h3h4,1439,76,97,19156,attraction endgame long mate mateIn3 sacrifice,https://lichess.org/fhZb48IT/black#57,,
h06AQ,1R6/1Pr2ppk/7p/8/1r2R3/7P/1P3PPK/8 b - - 2 42,b4e4 b8h8 h7h8 b7b8q h8h7 b8c7,1455,74,95,13802,advancedPawn attraction crushing endgame fork long promotion rookEndgame,https://lichess.org/w6MjUPO6/black#83,,
PEPiN,2r3k1/q4pp1/4pb1p/3p4/3P4/1PPQ3P/3N1PP1/1R4K1 w - - 5 23,f2f4 c8c3 d3c3 f6d4 g1h1 d4c3,1438,74,96,12739,attraction crushing endgame fork long sacrifice,https://lichess.org/X9vQYuMY#44,,
ugpuB,3r2k1/p3bppp/1pp1q3/3rP3/8/P1B3Q1/1PP3PP/4RR1K b - - 4 24,d8d7 f1f6 e7f6 e5f6,1837,75,95,14001,advantage middlegame pin sacrifice short,https://lichess.org/LIH6CFAP/black#47,,
3lvEQ,r2qrk2/1bpnn1pB/p3Q2p/8/p1PP4/B3P3/5PPP/R4RK1 b - - 0 19,d7f6 h7g6 b7d5 c4d5,1738,71,94,13137,crushing middlegame pin short,https://lichess.org/xOji1ICc/black#37,Queens_Pawn_Game Queens_Pawn_Game_Other_variations,
DrN12,6k1/5pp1/1Q5p/p4q2/3P4/5P1r/P5P1/4R1K1 b - - 0 36,h3g3 b6b8 g8h7 b8g3,1693,73,94,13387,crushing endgame fork short,https://lichess.org/qbeJAH1y/black#71,,
YpAV5,8/8/R2K1kp1/3P1p1p/5P2/6P1/8/4r3 b - - 5 49,e1g1 d6c7 f6f7 d5d6,2035,78,91,33768,crushing discoveredAttack endgame rookEndgame short,https://lichess.org/1vzPPbjS/black#97,,
wB17X,R7/8/P7/2Kn4/1r2k3/8/8/8 b - - 0 74,b4b1 a8e8 e4f5 c5d5,1617,78,95,14652,crushing deflection endgame short,https://lichess.org/FjGxr3Rb/black#147,,
LSwHr,8/6k1/pR5p/6p1/PPbp2P1/6KP/1r3B2/8 b - - 1 50,d4d3 f2d4 g7f7 d4b2 d3d2 b6d6,1337,74,96,22285,crushing endgame fork long,https://lichess.org/MfwCbljn/black#99,,
Z49s8,4rrk1/1ppb2pp/p7/P7/1P6/2PB2K1/3N3P/R1R5 w - - 5 26,c1f1 e8e3 f1f3 f8f3 d2f3 e3d3,1545,78,97,24597,advantage exposedKing fork long middlegame,https://lichess.org/WD2mHX9i#50,,
cPZur,5rk1/1b1Q1ppp/pbp5/3p4/1q3B2/2N4P/PPP2PP1/1R4K1 w - - 2 20,d7b7 b6f2 g1f2 b4b7,1265,74,96,20593,crushing discoveredAttack middlegame short,https://lichess.org/l4aLLav4#38,,
7td2b,6rk/1ppR4/1p2p2p/4p1r1/4Pp1q/P1P2P2/1P1Q2PP/6RK w - - 9 31,d7d8 h4h2 h1h2 g5h5,1445,74,95,19706,attraction endgame kingsideAttack mate mateIn2 sacrifice short,https://lichess.org/ijUQtjAo#60,,
iWkT1,N5k1/1p3p1p/p2p2pB/4p2n/4Pn1b/P2P3P/BPr3P1/R4R1K w - - 0 20,a8b6 h5g3 h1g1 c2g2,1718,75,96,13393,fork mate mateIn2 middlegame short,https://lichess.org/w8MQ6m5E#38,,
V2APw,8/4R3/p4P2/1p6/3K1k2/P2P4/r1r5/8 b - - 2 40,a2a3 f6f7 a3a4 d4d5 c2c8 e7e8 c8e8 f7e8q,1521,73,97,22317,advancedPawn crushing endgame promotion rookEndgame veryLong,https://lichess.org/drSEY3XW/black#79,,
H20LF,5k2/7R/b7/p7/P1p5/3B1R1P/1r1rp3/6K1 b - - 8 37,f8e8 d3g6 e8d8 f3f8,1398,74,97,20220,endgame mate mateIn2 short,https://lichess.org/pwjB4kGn/black#73,,
ZTb4O,2k3nr/pp2pr2/2b5/3pR3/6p1/1N4B1/PPP2PP1/R5K1 w - - 3 23,b3d4 f7h7 f2f3 h7h1 g1f2 h1a1,1581,74,95,15644,advantage long master middlegame quietMove skewer,https://lichess.org/PoE3hj28#44,,
3pwaP,r1bqk2r/pp1ppp1p/2n3p1/8/2P1n3/PP2P3/R2N1PPP/3QKBNR b Kkq - 0 10,e4c3 d1a1,1583,73,94,20234,advantage oneMove opening,https://lichess.org/fpTuLtBN/black#19,Modern_Defense Modern_Defense_Other_variations,
EkwHy,8/6p1/R2N1pkp/P2K4/5P2/3pr1PP/8/8 w - - 0 53,a6b6 d3d2 b6b1 e3e1 b1e1 d2e1q,1313,78,96,17586,advancedPawn crushing endgame long promotion,https://lichess.org/pwQywvOZ#104,,
sJqDT,r1bqk1nr/pppp2pp/2n5/2b1p3/2B1P3/5N2/PPPP2PP/RNBQK2R w KQkq - 2 6,f3e5 d8h4 g2g3 h4e4,1248,78,94,18674,crushing opening short,https://lichess.org/j2QpaYlT#10,Kings_Gambit_Declined Kings_Gambit_Declined_Queens_Knight_Defense,
KDVb6,2b1r3/pk4pp/1p2p3/4RN2/8/1P5r/P7/1KR5 b - - 0 36,h3h5 f5d6 b7b8 e5h5,1456,74,95,20850,crushing discoveredAttack endgame fork short,https://lichess.org/JGzbINTp/black#71,,
XP4yM,2r4k/2q3p1/2N2pPp/2bPpP2/n1P4P/p7/K1PQB3/1R6 w - - 11 45,d2a5 c7a5 c6a5 a4c3,1382,76,95,17499,crushing master middlegame short,https://lichess.org/qFbuWy4W#88,,
HfQCe,3r3k/pp2q1pp/2b1P3/8/6Q1/P7/1PP1BbPP/5R1K b - - 2 25,f2b6 f1f7 e7f7 e6f7,1353,74,95,17624,advancedPawn crushing master middlegame short,https://lichess.org/KPKGbxk2/black#49,,
E4zgr,r3r1k1/1pq2ppp/2p2n2/4b3/1PR1P3/2N2BPP/2Q2P2/5RK1 b - - 2 21,a8a3 c3b5 c7d7 b5a3,1552,78,96,19924,advantage middlegame short,https://lichess.org/Z16VLElK/black#41,,
ijtDo,1q3rk1/2p2pp1/2Bpbn1p/4p3/1P2P3/2PP1N1P/3N1KP1/r1BQR3 w - - 1 16,d1e2 b8b6 d3d4 b6c6,1225,74,96,15187,advantage fork middlegame short,https://lichess.org/pfjOfsQp#30,Italian_Game Italian_Game_Giuoco_Pianissimo,
ClIp7,8/pp1nQpk1/6p1/3PP2r/q7/3B1NK1/PP6/8 b - - 2 34,d7e5 f3e5 a4h4 e7h4 h5h4 g3h4,1377,75,95,19762,crushing endgame long,https://lichess.org/GuBxaVLl/black#67,,
BO61r,1r2r1k1/1p3p1p/p7/2p2pB1/2qb4/6QP/P4PP1/5RK1 b - - 1 31,b8c8 g5f6 g8f8 g3g7,1572,79,96,21709,discoveredAttack mate mateIn2 middlegame short,https://lichess.org/jcEKoJzg/black#61,,
S3eOe,rnb2rk1/ppppb1pp/4p1q1/8/3PN3/2P2N2/PP3PPP/R2QKB1R w KQ - 1 9,f1d3 g6g2 h1g1 g2f3,1272,75,95,20829,crushing opening short,https://lichess.org/F3RMwIhA#16,Dutch_Defense Dutch_Defense_Other_variations,
8UVc2,r1r5/4ppk1/p2pqnp1/1p3N1p/3PP2P/1P3P2/1P1Q1P2/R3K1R1 b Q - 4 20,g7f8 d2h6 f8e8 f5g7 e8d7 g7e6,1505,75,97,13366,crushing fork long master middlegame,https://lichess.org/oZzPHvlr/black#39,,
LyMxr,8/pp6/6p1/3pnkN1/2r4P/8/PP3PP1/4R1K1 b - - 1 30,c4h4 e1e5 f5e5 g5f3 e5f6 f3h4,1392,74,95,14257,attraction crushing endgame fork long sacrifice,https://lichess.org/42A03vyc/black#59,,
fcaiq,8/p2Q2pk/7p/5p2/2Bp4/4P3/P5q1/3K4 b - - 0 45,d4e3 d7f5 g2g6 c4g8 h7g8 f5g6,1484,77,96,19709,crushing deflection endgame long,https://lichess.org/vJl5OYhj/black#89,,
glvd4,8/2knQ3/r2p1p2/1qpP3P/4PB1P/1p6/PP1N4/2K3R1 w - - 0 31,c1b1 b5d3 b1a1 a6a2,1609,76,96,14033,mate mateIn2 middlegame queensideAttack short,https://lichess.org/lYj5ft1t#60,,
GtaTe,8/5R2/4pN1k/p1b2rPp/P7/8/6PK/8 b - - 0 38,h6g5 f6e4 g5g4 f7f5 g4f5 e4c5,1538,72,96,17107,capturingDefender crushing discoveredAttack endgame long,https://lichess.org/BSqyu8fU/black#75,,
60wgf,r1b1kb1r/5ppp/pqNp1n2/8/4P3/8/PP3PPP/RNBQ1RK1 w kq - 1 11,d1a4 c8d7 a4d4 b6c6,1494,73,97,26149,advantage opening short,https://lichess.org/PWXg73HE#20,Sicilian_Defense Sicilian_Defense_Nyezhmetdinov-Rossolimo_Attack,
yAP2L,r2qkb1r/ppp4p/5pb1/7Q/3np2N/2N5/PPP2PPP/R3KB1R w KQkq - 4 12,h4g6 d4c2 e1e2 d8d3,1613,74,96,14106,fork mate mateIn2 opening short,https://lichess.org/gJe9VtR2#22,Three_Knights_Opening Three_Knights_Opening_Winawer_Defense,
GYVae,6rk/p2n1p1p/1r2pPpQ/q1ppP3/8/3P1R2/PB4PP/R5K1 b - - 5 24,b6b2 h6h7 h8h7 f3h3,1441,75,96,25180,attraction kingsideAttack mate mateIn2 middlegame sacrifice short,https://lichess.org/GJG9eqQ4/black#47,,
X9lia,8/4N3/p3b3/2P1p1k1/5p2/P4P2/5KP1/8 w - - 6 53,c5c6 g5f6 e7g6 f6g6,1249,74,95,14026,crushing endgame short trappedPiece,https://lichess.org/mPPGOpEq#104,,
fXz1V,1R1N4/2r1b3/5kp1/p1r2p1p/1pP1p3/1P4P1/P2R1PK1/8 b - - 2 43,h5h4 b8b6 f6g5 d8e6,1558,75,95,13164,advantage endgame master short,https://lichess.org/2zllboNW/black#85,,
VT6HX,6k1/6p1/3p1pPp/2p2P1P/q2pQ3/8/3P4/4K3 b - - 1 34,a4d7 e4a8 d7e8 a8e8,1653,77,96,13691,endgame mate mateIn2 queenEndgame short,https://lichess.org/AF0kgjwb/black#67,,
NS3WK,3r2k1/ppr2p2/q5pp/4B3/6PP/bP3P2/K7/1B1QR2R w - - 3 32,d1d8 a3f8 a2b2 a6a3,1550,75,96,20985,discoveredAttack mate mateIn2 middlegame short,https://lichess.org/ew2zl8NJ#62,,
Y3Ech,3r3k/nQ5p/p5p1/4qp2/P7/3B4/1P4P1/2R2K2 w - - 1 35,b7a7 e5f4 f1g1 f4c1,1403,75,96,22918,crushing endgame fork short,https://lichess.org/K05uIBS2#68,,
OXFtR,r4rk1/ppp2ppp/2n2n2/2p1p3/2P1P3/PP3PP1/1B1qNRKP/RQ6 b - - 1 18,d2e3 b2c1 e3f2 g2f2,1481,74,95,14621,advantage middlegame short trappedPiece,https://lichess.org/eDlTqYZ2/black#35,English_Opening English_Opening_Kings_English_Variation,
EHFmO,r4rk1/3n1p2/pq1Np1p1/1B1nP2p/3N1Pbb/1Q2B3/PP4P1/2R2RK1 w - - 0 22,b5c4 b6b3 c4b3 d5e3,1695,75,95,17847,capturingDefender crushing middlegame short,https://lichess.org/Dx1gsX10#42,,
79lBE,8/8/p7/1p4p1/1P5p/5PkP/6P1/5K2 b - - 3 45,g3h2 f1f2 a6a5 b4a5,1316,74,94,14891,crushing endgame pawnEndgame short zugzwang,https://lichess.org/6FW6kmTL/black#89,,
Pe6G5,r5k1/p6p/1pp1p1p1/3pBr2/3P1Pbq/2P1P1Q1/PP4K1/R3R3 b - - 7 27,f5h5 g3h4 h5h4 g2g3 h4h3 g3g4,1923,76,95,13407,advantage long middlegame,https://lichess.org/4t4Oluh6/black#53,,
k5OYw,8/4k1p1/4P3/4Kp1P/PP5P/2n5/8/8 b - - 2 50,c3a4 e5f5 a4c3 f5g6 c3d5 g6g7,1485,78,95,16620,crushing endgame knightEndgame long,https://lichess.org/xCfafsqo/black#99,,
vZXQ2,3k2r1/1R6/p1p5/P2p4/3P4/2P3BP/2r3PK/8 b - - 0 40,c2c3 b7b8 d8e7 b8g8,1099,78,97,13316,crushing endgame short skewer,https://lichess.org/luDIkrt7/black#79,,
SuAop,8/5pp1/4p3/1p1PP1P1/2k2P1K/8/8/8 b - - 0 53,e6d5 g5g6 f7g6 e5e6 d5d4 e6e7,1616,75,96,12820,advancedPawn crushing endgame long pawnEndgame,https://lichess.org/xnitI2Zo/black#105,,
JYOtF,R7/P4pk1/3rp1pp/4b3/7P/6P1/2p2P1K/2B5 b - - 0 39,e5d4 a8g8 g7g8 a7a8q,1511,78,95,22426,advancedPawn advantage attraction endgame promotion short,https://lichess.org/2gNExtVy/black#77,,
nI6Zs,5k2/R4p1p/3Nn1p1/1p2p3/1P1pP3/8/5r1P/2q3QK b - - 1 36,f2f1 a7f7 f1f7 g1c1,1532,73,96,19155,advantage deflection endgame master short,https://lichess.org/2mmABVbP/black#71,,
Aw7Vn,r1br1n1k/5Q1p/p3p1p1/1p1pP1q1/3P4/3B3P/PP3PP1/2R2RK1 b - - 1 24,g5h6 f7f6 h6g7 f6d8,1259,73,95,14368,crushing fork middlegame short,https://lichess.org/w9yP7IMD/black#47,,
z31L6,rn3rk1/pp3ppp/8/3N1pq1/6n1/1B1P4/PPP2PPP/R2Q1RK1 w - - 0 13,d5c7 g5f4 g2g3 f4c7,1831,73,96,13738,advantage middlegame short,https://lichess.org/XcXA3RuY#24,Caro-Kann_Defense Caro-Kann_Defense_Hillbilly_Attack,
vN9fi,5k2/p3pp2/6p1/5B1p/7P/4BP2/PqP1K1P1/3Rb3 b - - 0 21,g6f5 d1d8 f8g7 e3d4 b2d4 d8d4,1550,76,97,14826,crushing endgame fork long,https://lichess.org/SkiKhykJ/black#41,,
drIMU,r1b1r3/pp3pkp/3p2p1/2pPn3/7q/2P2P2/PPBQ2PP/RN2R1K1 w - - 1 18,d2f2 e5f3 g2f3 e8e1 f2e1 h4e1,1427,75,95,18238,crushing discoveredAttack kingsideAttack long middlegame xRayAttack,https://lichess.org/h5gS6hve#34,Modern_Defense Modern_Defense_Gellers_System,
b7YDL,5rk1/pp1R2p1/4npQP/4p3/8/1q2P1P1/4bK2/8 b - - 2 31,e2b5 d7g7 e6g7 g6g7,1496,76,97,18429,endgame mate mateIn2 short,https://lichess.org/BL5U6NWu/black#61,,
noasf,1k5r/4b3/1qn5/4pQ1p/pP1r1p2/7P/P4PPB/R1R3K1 b - - 4 29,e7b4 c1c6 b6c6 f5e5 c6d6 e5h8,1425,75,95,15450,advantage capturingDefender exposedKing fork long middlegame,https://lichess.org/jIaps7kK/black#57,,
RWT4a,2Q2n1k/ppp4p/8/2bp4/5p1P/2P2N2/PP1NqPP1/6KR w - - 2 27,c8h3 c5f2 g1h2 f2g3 h3g3 f4g3,1823,71,95,13301,advantage kingsideAttack long middlegame,https://lichess.org/8CRJ8UwN#52,,
JbUcJ,2r5/1p2npk1/p2q1bp1/3p1nNN/1P3P2/P2P3Q/6RP/1KB5 b - - 0 31,g6h5 g5e4 g7f8 e4d6,1245,74,95,22876,advantage discoveredAttack middlegame short,https://lichess.org/UX4LxjfJ/black#61,,
M37rR,6k1/5pp1/5q1p/2b5/P2rQ3/5N1P/5rP1/R4R1K w - - 2 22,f3d4 f2f1 a1f1 f6f1 h1h2 c5d6 g2g3 f1f2,1393,76,96,21635,crushing middlegame veryLong,https://lichess.org/wqqxmo3d#42,,
IkscK,3r1rk1/pp3ppp/4pP2/2p2N2/5P2/3q3Q/PP4RP/n1B3K1 b - - 0 20,d3h3 f5e7 g8h8 f6g7,1760,73,96,13751,advancedPawn kingsideAttack mate mateIn2 middlegame pin short,https://lichess.org/HeKc7xPA/black#39,,
5897U,2r2r1k/p5p1/2p1Q2p/2RpBn2/3P4/3q4/P5PP/2R3K1 w - - 0 27,c5c6 d3e3 g1h1 e3c1 c6c1 c8c1,2038,77,94,14053,backRankMate long mate mateIn3 middlegame xRayAttack,https://lichess.org/hZp24joX#52,,
kS2Q6,r7/P1R2p1p/3pk1p1/1r1pPp2/5P2/8/4b1PP/R3N1K1 b - - 0 33,d6e5 a1a6 b5b6 a6b6,1447,76,95,19359,endgame mate mateIn2 short,https://lichess.org/BzViQu3r/black#65,,
tX6Id,8/r1p1r1k1/1p1p2p1/2n2p1p/PR2P2P/2P1KPN1/2P3P1/R7 w - - 0 33,e3f4 c5e6 f4e3 f5f4,1530,77,96,19479,advantage endgame short,https://lichess.org/URPdjxFN#64,,
GVdTW,8/8/p4p1p/P1pkp1p1/2P3P1/3KPP1P/8/8 b - - 0 36,d5c6 d3e4 c6d6 e4f5 d6e7 f5g6 e5e4 f3e4,1396,75,96,19859,crushing endgame pawnEndgame veryLong,https://lichess.org/mGsBRZGa/black#71,,
LGX8g,8/8/rkp5/6R1/5P2/2K5/8/8 b - - 0 59,c6c5 g5g6 b6a5 g6a6 a5a6 f4f5 a6b5 f5f6 b5c6 f6f7,1546,76,97,16660,advancedPawn crushing endgame quietMove rookEndgame veryLong,https://lichess.org/yOl5ci9v/black#117,,
Q4jS8,5rk1/1p1r2pp/p7/4B3/P2P4/1P2qPP1/6KP/2RQ4 w - - 0 28,c1c4 e3e5 d4e5 d7d1,1734,72,95,13414,advantage endgame master short,https://lichess.org/MVpyXjC7#54,,
aqvwn,8/4Q1bk/6p1/q4p1p/2nP3P/BpP1P3/5RP1/6K1 w - - 1 35,a3b4 a5a1 g1h2 b3b2 f2b2 a1b2,1585,76,96,20391,advancedPawn advantage endgame long master,https://lichess.org/KFN45xdI#68,,
KNEve,r4rk1/p4ppp/1q3n2/2p5/3p1B2/3P2Q1/PPP2PPP/R4RK1 w - - 3 20,f4h6 f6h5 g3g5 b6h6 g5h6 g7h6,1438,74,95,24638,advantage discoveredAttack long middlegame,https://lichess.org/MueK2r8j#38,,
p8FD5,r4rk1/2p2pp1/3b2p1/5q1P/8/1P2BB2/Q4PP1/2KR3R w - - 3 27,a2c2 a8a1 c1d2 d6b4 d2e2 f5c2,1514,74,97,14909,crushing deflection exposedKing long middlegame queensideAttack,https://lichess.org/GYss1Q5P#52,,
5dQzy,r2k1r2/p6p/b3Q1p1/2qp4/2P5/P7/2P1BPPP/R3K2R w KQ - 1 20,e6d5 c5d5 c4d5 f8e8,1480,72,96,23561,advantage middlegame pin short,https://lichess.org/UPI4VQwG#38,,
vD6f2,3rr1k1/Q4ppp/8/3p1n2/1Pb2q2/P4B2/1B3RPP/2R3K1 w - - 0 24,f3d5 f4c1 b2c1 e8e1 f2f1 e1f1,1567,74,96,15512,fork long mate mateIn3 middlegame sacrifice,https://lichess.org/cIUQpvku#46,,
1fSFn,r5R1/pp2kp1B/3rp3/q2p3P/8/1Pp1PP1N/PbQ5/1K1R4 w - - 6 23,g8a8 a5a2 b1a2 d6a6 a2b1 a6a1,835,80,96,16674,attraction long mate mateIn3 middlegame queensideAttack sacrifice,https://lichess.org/btsDQIMB#44,,
DvzKT,r5k1/1q3pp1/5n1p/pp2r3/4PP2/PQ4Pb/1P2B2P/2RR2K1 b - - 0 24,b7e4 e2f3 e4e3 b3e3 e5e3 f3a8,1676,71,95,18902,advantage long middlegame,https://lichess.org/IiRdVz47/black#47,,
dqPT8,3k4/8/2q5/p1p1P3/2Kp1P2/7r/2R1Q2P/8 w - - 11 46,e2g2 h3c3 c2c3 c6g2,1708,74,95,14787,crushing deflection endgame short,https://lichess.org/uCjwZkp9#90,,
iQEP4,1b4k1/1r4pp/p1p3N1/3p4/3P2Q1/2P4P/P4P1q/4RK2 b - - 2 28,h7g6 e1e8 g8f7 g4e6,1851,80,96,13136,endgame mate mateIn2 short,https://lichess.org/4dWYsA4M/black#55,,
ijVAv,1r1r2k1/1N3ppp/p3p1q1/8/3nNn2/P4B2/1PQ2PPP/3R1RK1 w - - 1 25,c2c7 d4f3 g1h1 g6g2,1664,77,95,15429,kingsideAttack mate mateIn2 middlegame pin short,https://lichess.org/kG89NItf#48,,
yqgUl,rn1qkb1r/3npp1p/b2p2p1/2pP4/Q7/2N2N2/PP2PPPP/R1B1KB1R w KQkq - 2 9,e2e3 a6f1 a4a8 f1g2 h1g1 g2f3,2002,77,94,13108,advantage fork long opening,https://lichess.org/f1lXkbCW#16,Benko_Gambit_Accepted Benko_Gambit_Accepted_Fully_Accepted_Variation,
FGalf,1r1r3k/6p1/6Qp/1p6/8/2q3P1/7P/2R2RK1 b - - 3 35,c3d3 f1f8 d8f8 g6d3,1295,79,95,21682,advantage deflection endgame short,https://lichess.org/zcSkMduJ/black#69,,
kq0Si,8/1rk5/KR6/2P5/8/8/8/8 b - - 20 72,b7b6 c5b6 c7c8 a6a7,1380,73,96,16821,crushing defensiveMove endgame short,https://lichess.org/vsIsjWbz/black#143,,
B23fL,3r1k2/1p6/p3Q1p1/5p2/1PP2P2/8/q1K3P1/4R3 w - - 3 38,c2c3 a2d2 c3b3 d8d3 b3a4 d2a2,1465,75,95,19519,endgame long mate mateIn3,https://lichess.org/ZU6SzYUV#74,,
BHKrq,1rr3k1/pb3p1p/4p1p1/2q5/P2Rp3/4P2P/2P1QPP1/1R4K1 b - - 0 26,c5c2 d4d8 g8g7 e2c2 c8c2 d8b8,1530,75,96,21594,advantage intermezzo long middlegame,https://lichess.org/r8IXbZH9/black#51,,
KgKJD,8/PK6/6R1/8/5p1p/r6P/6k1/8 b - - 0 51,g2h3 g6a6 a3a6 b7a6 f4f3 a7a8q,1360,75,95,15839,advancedPawn crushing endgame long promotion rookEndgame,https://lichess.org/nYIX9O4F/black#101,,
xpsgC,8/8/5R1p/1p1k2K1/r7/2P4P/8/8 w - - 0 52,g5h6 a4h4 h6g5 h4h3 f6b6 d5c5,1844,80,96,15236,crushing endgame long rookEndgame,https://lichess.org/sph6hv45#102,,
nnqpM,4r2r/p4k1p/1p1p2p1/n2P2q1/2p1B3/4RP2/P2Q1P1P/6RK b - - 8 25,g5f4 e4g6 h7g6 e3e7 f7e7 d2f4,1421,75,95,25008,advantage clearance discoveredAttack long middlegame sacrifice,https://lichess.org/p0v6vpEI/black#49,,
MKKVk,r3k2r/1q1bbpp1/p1n1pnB1/1p1p2N1/2pP1B2/2P1PN2/PPQ2PPP/R3K2R b KQkq - 6 14,f7g6 c2g6 e8d8 g5f7 d8c8 f7h8,1262,75,97,15685,crushing exposedKing fork long middlegame,https://lichess.org/jnlVpn0M/black#27,Queens_Pawn_Game Queens_Pawn_Game_Zukertort_Variation,
lmVyL,2kr1b1r/p5pp/5p2/1Np1p2n/5P1B/p3P2P/1PP2P2/3RKBR1 w - - 0 18,f4e5 d8d1 e1d1 a3a2,1880,79,92,214938,advancedPawn crushing middlegame short,https://lichess.org/NpofoCDo#34,Queens_Pawn_Game Queens_Pawn_Game_Chigorin_Variation,
OWU1S,8/2pq1rpk/1b1p2np/p2P3b/1p2Pp2/1P1Q1N1P/PBR2PP1/2R4K w - - 0 26,b2d4 h5f3 d3f3 b6d4,1383,76,96,13754,capturingDefender crushing middlegame short,https://lichess.org/tzW3FucP#50,,
00008,r6k/pp2r2p/4Rp1Q/3p4/8/1N1P2R1/PqP2bPP/7K b - - 0 24,f2g3 e6e7 b2b1 b3c1 b1c1 h6c1,1913,75,94,6230,crushing hangingPiece long middlegame,https://lichess.org/787zsVup/black#47,,
0000D,5rk1/1p3ppp/pq3b2/8/8/1P1Q1N2/P4PPP/3R2K1 w - - 2 27,d3d6 f8d8 d6d8 f6d8,1429,73,96,26521,advantage endgame short,https://lichess.org/F8M8OS71#52,,
0008Q,8/4R3/1p2P3/p4r2/P6p/1P3Pk1/4K3/8 w - - 1 64,e7f7 f5e5 e2f1 e5e6,1419,75,90,560,advantage endgame rookEndgame short,https://lichess.org/MQSyb3KW#126,,
0009B,r2qr1k1/b1p2ppp/pp4n1/P1P1p3/4P1n1/B2P2Pb/3NBP1P/RN1QR1K1 b - - 1 16,b6c5 e2g4 h3g4 d1g4,1112,74,87,569,advantage middlegame short,https://lichess.org/4MWQCxQ6/black#31,Kings_Pawn_Game Kings_Pawn_Game_Leonardis_Variation,
000Vc,8/8/4k1p1/2KpP2p/5PP1/8/8/8 w - - 0 53,g4h5 g6h5 f4f5 e6e5 f5f6 e5f6,1556,81,73,91,crushing endgame long pawnEndgame,https://lichess.org/l6AejDMO#104,,
000Zo,4r3/1k6/pp3r2/1b2P2p/3R1p2/P1R2P2/1P4PP/6K1 w - - 0 35,e5f6 e8e1 g1f2 e1f1,1311,75,93,569,endgame mate mateIn2 short,https://lichess.org/n8Ff742v#68,,
000aY,r4rk1/pp3ppp/2n1b3/q1pp2B1/8/P1Q2NP1/1PP1PP1P/2KR3R w - - 0 15,g5e7 a5c3 b2c3 c6e7,1428,79,73,505,advantage master middlegame short,https://lichess.org/iihZGl6t#28,Benoni_Defense Benoni_Defense_Benoni-Indian_Defense,
000hf,r1bqk2r/pp1nbNp1/2p1p2p/8/2BP4/1PN3P1/P3QP1P/3R1RK1 b kq - 0 19,e8f7 e2e6 f7f8 e6f7,1590,75,89,473,mate mateIn2 middlegame short,https://lichess.org/71ygsFeE/black#37,Horwitz_Defense Horwitz_Defense_Other_variations,
000lC,3r3r/pQNk1ppp/1qnb1n2/1B6/8/8/PPP3PP/3R1R1K w - - 5 19,d1d6 d7d6 b7b6 a7b6,1501,75,97,1039,advantage hangingPiece middlegame short,https://lichess.org/vaqz2bx6#36,,
000mr,5r1k/5rp1/p7/1b2B2p/1P1P1Pq1/2R1Q3/P3p1P1/2R3K1 w - - 0 41,e3g3 f7f4 e5f4 f8f4,1941,85,62,93,crushing middlegame short,https://lichess.org/8sVpuwso#80,,
000qP,8/7R/8/5p2/4bk1P/8/2r2K2/6R1 w - - 7 51,f2f1 f4f3 f1e1 c2c1 e1d2 c1g1,2122,75,94,561,crushing endgame exposedKing long skewer,https://lichess.org/r4xUR6fC#100,,
000rO,3R4/8/K7/pB2b3/1p6/1P2k3/3p4/8 w - - 4 58,a6a5 e5c7 a5b4 c7d8,1075,81,85,63,crushing endgame fork short,https://lichess.org/tzeeBEc2#114,,
000tp,4r3/5pk1/1p3np1/3p3p/2qQ4/P4N1P/1P3RP1/7K w - - 6 34,d4b6 f6e4 h1g1 e4f2,2051,75,81,114,crushing endgame short trappedPiece,https://lichess.org/GeXqsW90#66,,
00143,r2q1rk1/5ppp/1np5/p1b5/2p1B3/P7/1P3PPP/R1BQ1RK1 b - - 1 17,d8f6 d1h5 h7h6 h5c5,1815,74,91,2472,advantage middlegame short,https://lichess.org/jcuxlI63/black#33,Scotch_Game Scotch_Game_Mieses_Variation,
0018S,2kr3r/pp3p2/4p2p/1N1p2p1/3Q4/1P1P4/2q2PPP/5RK1 b - - 1 20,b7b6 d4a1 a7a5 f1c1,2581,117,90,1640,advantage endgame pin short,https://lichess.org/H1ARO2GL/black#39,,
001Wz,4r1k1/5ppp/r1p5/p1n1RP2/8/2P2N1P/2P3P1/3R2K1 b - - 0 21,e8e5 d1d8 e5e8 d8e8,1127,82,87,69,backRankMate endgame mate mateIn2 short,https://lichess.org/84RH3LaP/black#41,,
001XA,1qr2rk1/pb2bppp/8/8/2p1N3/P1Bn2P1/2Q2PBP/1R3RK1 b - - 3 23,b8c7 b1b7 c7b7 e4f6 e7f6 g2b7,1657,75,91,1041,crushing discoveredAttack long master middlegame sacrifice,https://lichess.org/KZRiN695/black#45,,
001gi,r6r/1pNk1ppp/2np4/b3p3/4P1b1/N1Q5/P4PPP/R3KB1R w KQ - 3 18,c7a8 a5c3,845,122,61,210,bodenMate hangingPiece mate mateIn1 middlegame oneMove,https://lichess.org/1sV2Hr22#34,Sicilian_Defense Sicilian_Defense_Other_variations,
001h8,2r3k1/2r4p/4p1p1/1p1q1pP1/p1bP1P1Q/P6R/5B2/2R3K1 b - - 5 34,c4e2 h4h7 c7h7 c1c8 g8g7 c8c7,1827,76,93,446,crushing deflection kingsideAttack long middlegame sacrifice,https://lichess.org/IxCahP6X/black#67,,
001m3,7r/6k1/2b1pp2/8/P1N3p1/5nP1/4RP2/Q4K2 w - - 2 38,e2e6 h8h1 f1e2 h1a1,1497,75,87,265,advantage endgame short skewer,https://lichess.org/LELOz22f#74,,
001om,5r1k/pp4pp/5p2/1BbQp1r1/6K1/7P/1PP3P1/3R3R w - - 2 26,g4h4 c5f2 g2g3 f2g3,1018,80,89,219,mate mateIn2 middlegame short,https://lichess.org/VWOIWtIh#50,,
001u3,2r3k1/p1q2pp1/Q3p2p/b1Np4/2nP1P2/4P1P1/5K1P/2B1N3 b - - 3 33,c7b6 a6c8 g8h7 c8b7,2175,81,55,77,advantage hangingPiece middlegame short,https://lichess.org/BBn6ipaK/black#65,,
001uD,6k1/1p3pp1/1p5p/2r1p3/2n5/r3PN2/2RnNPPP/2R3K1 b - - 1 32,f7f6 f3d2 c4d2 c2d2 c5c1 e2c1,1799,74,92,674,advantage long middlegame,https://lichess.org/2qkVLUl6/black#63,,
001w5,1rb2rk1/q5P1/4p2p/3p3p/3P1P2/2P5/2QK3P/3R2R1 b - - 0 29,f8f7 c2h7 g8h7 g7g8q,1127,81,92,195,advancedPawn attraction mate mateIn2 middlegame promotion short,https://lichess.org/0e1vxAEn/black#57,,
001wR,6nr/pp3p1p/k1p5/8/1QN5/2P1P3/4KPqP/8 b - - 5 26,b7b5 b4a5 a6b7 c4d6 b7b8 a5d8,1187,75,100,703,endgame long mate mateIn3,https://lichess.org/ruvbd9JW/black#51,,
001wb,r3k2r/pb1p1ppp/1b4q1/1Q2P3/8/2NP1Pn1/PP4PP/R1B2R1K w kq - 1 17,h2g3 g6h5,1520,162,72,53,mate mateIn1 middlegame oneMove,https://lichess.org/hNzYRMWP#32,Ruy_Lopez Ruy_Lopez_Bird_Variation,
001wr,r4rk1/p3ppbp/Pp1q1np1/3PpbB1/2B5/2N5/1PPQ1PPP/3RR1K1 w - - 4 18,f2f3 d6c5 g1h1 c5c4,924,75,96,1839,advantage fork master masterVsMaster middlegame short,https://lichess.org/KnJ2mojX#34,Pirc_Defense Pirc_Defense_Classical_Variation,
001xO,k1r1b3/p1r1nppp/1p1qpn2/2Np4/1P1P4/PQRBPN2/5PPP/2R3K1 w - - 0 19,d3a6 b6c5 a6c8 c5c4,1833,74,91,1063,crushing master masterVsMaster middlegame sacrifice short,https://lichess.org/fNCePFgY#36,Slav_Defense Slav_Defense_Other_variations,
001xl,8/4R1k1/p5pp/3B4/5q2/8/5P1P/6K1 b - - 5 40,g7f6 e7f7 f6e5 f7f4,1042,77,94,10907,advantage endgame master masterVsMaster short skewer superGM,https://lichess.org/bEQkfPQD/black#79,,
00206,r3kb1r/pppqpn1p/5p2/3p1bpQ/2PP4/4P1B1/PP3PPP/RN2KB1R w KQkq - 1 11,b1c3 f5g4 h5g4 d7g4,1712,73,96,25989,advantage opening short trappedPiece,https://lichess.org/MbJRo6PT#20,Queens_Pawn_Game Queens_Pawn_Game_Accelerated_London_System,
002CP,r5k1/pp4pp/4p1q1/4p3/3n4/P5P1/1PP2Q1P/2KR1R2 w - - 4 24,f2e3 g6c2,929,80,69,82,endgame mate mateIn1 oneMove queensideAttack,https://lichess.org/pHZnIFdb#46,,
002Cw,r7/2p2r1k/p2p1q1p/Pp1P4/1P2P3/2PQ4/6R1/R5K1 b - - 2 28,f7g7 e4e5 f6g6 g2g6,1043,81,94,2119,crushing discoveredAttack endgame short,https://lichess.org/lxiSa85s/black#55,,
002E4,8/8/kpq5/p4pQp/P7/7P/3r2P1/4R2K b - - 10 48,c6a4 g5d2,974,92,33,44,crushing endgame hangingPiece oneMove,https://lichess.org/JwMca3Nw/black#95,,
002IE,r3brk1/5pp1/p1nqpn1p/P2pN3/2pP4/2P1PN2/5PPP/RB1QK2R b KQ - 4 16,c6e5 d4e5 d6e7 e5f6,1212,89,60,27,advantage fork middlegame short,https://lichess.org/fDwvVUIp/black#31,Queens_Pawn_Game Queens_Pawn_Game_Accelerated_London_System,
002KJ,r3kb1r/ppq2ppp/4pn2/2Ppn3/1P4bP/2P2N2/P3BPP1/RNBQ1RK1 b kq - 2 10,f8e7 f3e5 c7e5 e2g4,1515,75,94,1098,crushing discoveredAttack middlegame short,https://lichess.org/2NpTzh7O/black#19,Caro-Kann_Defense Caro-Kann_Defense_Advance_Variation,
002LF,7r/p2q1pk1/1pp3p1/8/6P1/4Q3/PP1R1P1r/5KN1 b - - 0 38,d7g4 e3e5 f7f6 e5c7 g7h6 c7h2,2233,79,88,358,advantage endgame interference long,https://lichess.org/md88dHiL/black#75,,
002LW,3r1rk1/1b1n1pp1/3p4/p4PPQ/4P3/3q1BN1/8/2R2RK1 b - - 1 28,d7e5 f5f6 e5f3 f1f3,2464,88,78,112,advantage middlegame short,https://lichess.org/0khwj5dv/black#55,,
002O7,r3qrk1/2p2pp1/p2bpn1p/2ppNb2/3P1P2/1PP1P1B1/P2N2PP/R2Q1RK1 b - - 0 14,f5g4 e5g4 f6g4 d1g4,969,92,91,344,crushing middlegame short,https://lichess.org/dFEPPiEc/black#27,Queens_Pawn_Game Queens_Pawn_Game_Accelerated_London_System,
002Tf,r3kbnr/ppp1qppp/2n5/3pP3/5B2/4PQ2/PPP2PPP/RN2KB1R w KQkq - 1 7,f1b5 e7b4 b1c3 b4b2,1575,75,83,164,advantage fork opening short,https://lichess.org/Zq56PwHK#12,Queens_Pawn_Game Queens_Pawn_Game_Chigorin_Variation,
002Ua,r4rk1/pp3ppp/3p1q2/P1P1p3/2B5/2B2n2/2P2P1P/R2Q1RK1 w - - 0 16,g1h1 f6f4 d1f3 f4f3,1765,74,95,6344,crushing kingsideAttack middlegame short,https://lichess.org/06i3eMVp#30,Sicilian_Defense Sicilian_Defense_Lowenthal_Variation,
002Uy,8/8/1p6/k7/P1R5/1K5r/8/8 w - - 26 64,c4c3 h3c3 b3c3 a5a4 c3b2 a4b4,1856,74,99,848,crushing defensiveMove endgame long rookEndgame,https://lichess.org/sLU7YN1A#126,,
002VP,8/6p1/2B1bn2/6k1/3B4/6K1/4P3/8 b - - 4 44,e6d5 d4f6 g5f5 c6d5,1432,80,69,129,crushing endgame short,https://lichess.org/7yJGEbUK/black#87,,
002bK,8/7p/2b1k3/p2p1pPB/1n1P3P/N1p1P3/4K3/8 b - - 1 42,c6b5 a3b5 c3c2 e2d2,1171,76,93,749,advantage endgame hangingPiece short,https://lichess.org/IFGj8W5s/black#83,,
002rd,r6k/q1pb1p1p/1b3Pr1/p1ppP2Q/3P2p1/4B3/PP2NRPP/3R2K1 b - - 1 25,d7e6 e2f4 c5d4 f4g6 f7g6 h5h6,1812,74,78,118,crushing kingsideAttack long middlegame pin,https://lichess.org/NcD6lul8/black#49,,
002uV,r2r2k1/1p2qppp/2n1p3/5n2/p2P4/P2Q1N2/BP3PPP/2R1R1K1 w - - 4 20,d3f5 e6f5 e1e7 c6e7,1615,76,85,65,advantage middlegame short,https://lichess.org/WKH5eIti#38,,
002xh,2nk4/8/2PBp1n1/1pK1P1p1/1P4P1/8/8/8 b - - 2 42,g6h4 c5b5 h4g2 b5a6 g2e3 a6b7,2074,101,54,28,crushing endgame long,https://lichess.org/TfRvsd3p/black#83,,
0039T,1r5r/p3kp2/4p2p/4P3/3R1Pp1/6P1/P1P4P/4K2R w K - 1 25,d4a4 b8b1 e1f2 b1h1 a4a7 e7f8,923,86,93,738,crushing defensiveMove endgame long rookEndgame skewer,https://lichess.org/BrtVeJlj#48,,
003IX,8/3pk3/R7/1R2Pp1p/2PPnKr1/8/8/8 w - - 4 43,f4f5 e4g3,1726,84,88,1133,endgame mate mateIn1 oneMove,https://lichess.org/576Btq56#84,,
003Jb,6k1/3bqr1p/2rpp1pR/p7/Pp1QP3/1B3P2/1PP3P1/2KR4 w - - 6 22,d4a7 e7g5 c1b1 g5h6,996,79,90,387,advantage fork middlegame short,https://lichess.org/8RvK0idj#42,,
003S3,r4k1r/pNqnppb1/6pn/2p3Np/7P/2P2Q2/PP3PP1/R1B1K2R b KQ - 2 15,a8b8 g5e6 f8g8 e6c7,1424,75,96,5280,advantage middlegame pin short,https://lichess.org/Eu6S0GPA/black#29,Modern_Defense Modern_Defense_Other_variations,
003Tx,2r5/pR5p/5p1k/4p3/4r3/B4nPP/PP3P2/1K2R3 w - - 0 27,e1e4 f3d2 b1a1 c8c1,1529,89,83,680,backRankMate endgame fork mate mateIn2 short,https://lichess.org/A7j9VEC0#52,,
003UW,8/6pk/7p/2p5/2qp4/5PP1/P3QK1P/8 b - - 1 40,c4d5 e2e4 d5e4 f3e4,1438,75,92,580,advantage endgame queenEndgame short,https://lichess.org/cXMga3rb/black#79,,
003YT,r1bqk1nr/1pp2ppp/p1pb4/4p3/3PP3/5N2/PPP2PPP/RNBQ1RK1 b kq - 0 6,d8f6 d4e5 d6e5 c1g5 f6d6 f3e5 d6d1 f1d1,1729,167,-60,15,advantage fork opening veryLong,https://lichess.org/TAffogpQ/black#11,Ruy_Lopez Ruy_Lopez_Exchange_Variation,
003eP,8/r1b1q2k/2p3p1/2Pp4/1P2p1n1/2B1P3/NQ6/2K4R b - - 1 36,h7g8 h1h8 g8f7 h8h7 f7e8 h7e7,1157,79,88,1750,crushing exposedKing long middlegame skewer,https://lichess.org/n9vCFmKh/black#71,,
003jH,rn3rk1/p5pp/3N4/4np1q/5Q2/1P3K2/PB1P2P1/2R4R w - - 0 25,f3f2 e5d3 f2e3 d3f4 h1h5 f4h5,1128,78,89,290,crushing fork long middlegame,https://lichess.org/3CQGofXT#48,,
003jb,r3kb1r/p4ppp/b1p1p3/3q4/3Q4/4BN2/PPP2PPP/R3K2R b KQkq - 0 11,c6c5 d4a4 a6b5 a4b5,977,75,95,2509,crushing fork middlegame short,https://lichess.org/960EzUS0/black#21,French_Defense French_Defense_Classical_Variation,
003jv,1R6/1p2k2p/p2n2p1/4K3/8/6P1/P6P/8 w - - 10 37,b8h8 d6f7 e5e4 f7h8,1008,81,89,334,crushing endgame fork short,https://lichess.org/n0UvwK36#72,,
003md,r1b1k2N/ppp3pp/2n5/2bp4/7q/1B4n1/PPPP1P1P/RNBQ1RK1 w q - 0 10,f1e1 g3e4 e1e4 d5e4 d1h5 h4h5 b3f7 h5f7,2117,79,84,204,crushing defensiveMove middlegame veryLong,https://lichess.org/ALtR2fxT#18,Russian_Game Russian_Game_Italian_Variation,
003nQ,6rk/pp6/2n5/3ppn1p/3p4/2P2P1q/PP3QNB/R4R1K w - - 2 29,f1g1 f5g3 f2g3 g8g3,1280,89,67,27,crushing kingsideAttack master middlegame pin short,https://lichess.org/p85fiZcl#56,,
003o0,r1bqk2r/pp1nbppp/3p4/1B1p4/3P1B2/8/PPP2PPP/R2QK1NR w KQkq - 2 9,g1f3 d8a5 d1d2 a5b5,1030,80,90,650,advantage fork master opening short,https://lichess.org/Ae0t9V1Z#16,Czech_Defense Czech_Defense_Other_variations,
003r5,r2qr1k1/ppp2ppp/4b3/3P4/1nP2Q2/2N2N1P/PP3KP1/R4R2 w - - 1 15,d5e6 b4d3 f2g1 d3f4,1107,77,87,855,crushing fork middlegame short,https://lichess.org/JPN97v7j#28,Kings_Gambit_Accepted Kings_Gambit_Accepted_Abbazia_Defense,
003wQ,2r2rk1/6pp/3Q1q2/8/3N1B2/6P1/PP1K3P/R4b2 w - - 0 24,a1f1 f6d6 f4d6 f8f1,1881,76,91,1691,advantage discoveredAttack middlegame pin short,https://lichess.org/W3wvnzlo#46,,
0042j,3r2k1/4nppp/pq1p1b2/1p2P3/2r2P2/2P1NR2/PP1Q2BP/3R2K1 b - - 0 24,d6e5 d2d8 b6d8 d1d8,427,103,94,1179,backRankMate mate mateIn2 middlegame short,https://lichess.org/DuM2FZjg/black#47,,
0045Q,rnbqkb1r/pppp2pp/8/4P3/2B5/4p3/PPPP2PP/R1BQK1NR w KQkq - 0 7,d1f3 d8h4 e1d1 h4c4,1463,79,97,24108,advantage fork opening short,https://lichess.org/fTegzZIT#12,Vienna_Game Vienna_Game_Other_variations,
0047P,8/1N3k2/6p1/8/2P3P1/pr6/R5K1/8 w - - 1 56,g2f1 b3b1 f1e2 b1b2 e2d1 b2a2,1769,75,86,85,crushing endgame exposedKing fork long,https://lichess.org/Gb33KZKC#110,,
0048h,4r3/p5k1/2p2R1p/2Pp4/1P1pr1P1/P6P/8/3R3K w - - 1 35,f6c6 e4e1 d1e1 e8e1 h1g2 d4d3,1187,75,99,489,crushing endgame exposedKing long rookEndgame,https://lichess.org/dq15P00L#68,,
004Ao,4qk2/1b3rR1/p7/1p2Q3/4P2P/P2P3K/2r5/3R4 w - - 5 41,g7f7 e8f7 e5h8 f8e7,1735,99,86,19,advantage endgame short,https://lichess.org/aFlzjb1K#80,,
004Ax,8/8/4R1kp/p7/5rPK/8/7P/8 b - - 2 42,g6f7 e6h6 f4f6 h6h7 f7g6 h7a7,1966,76,92,417,crushing endgame exposedKing long rookEndgame,https://lichess.org/x2mMwVJD/black#83,,
004BW,r1bk2r1/ppq2pQp/3bpn2/1BpnN3/5P2/1P6/PBPP2PP/RN2K2R w KQ - 3 13,e5f7 d8e7 g7g8 f6g8,1724,76,91,1280,advantage middlegame short,https://lichess.org/EXlG6TZs#24,Sicilian_Defense Sicilian_Defense_Modern_Variations,
004JD,3r4/R7/2p5/p1P2p2/1p4k1/nP6/P2KNP2/8 w - - 3 41,d2e3 a3c2,1336,76,91,2543,endgame mate mateIn1 oneMove,https://lichess.org/6vTeEc3x#80,,
004LZ,8/7R/5p2/p7/7P/2p5/3k2r1/1K2N3 w - - 3 48,e1g2 c3c2 b1a2 c2c1q h7d7 d2e2,1105,78,92,1947,advancedPawn crushing defensiveMove deflection endgame long promotion,https://lichess.org/drahwNdj#94,,
004Op,2kr2r1/1bp4n/1pq1p2p/p1P5/1P3B2/P6P/5RP1/RB2Q1K1 w - - 3 26,e1f1 d8d1 f1d1 g8g2 g1f1 g2g1 f1e2 g1d1,2138,78,91,1259,crushing deflection kingsideAttack middlegame pin sacrifice skewer veryLong,https://lichess.org/tneg9Bzk#50,,
004RF,5rk1/5ppp/1p6/1qp2P1Q/3p3P/6R1/6PK/8 b - - 0 30,c5c4 g3g7 g8g7 f5f6 g7f6 h5b5,1764,79,81,48,attraction crushing discoveredAttack endgame long sacrifice,https://lichess.org/2UeWcE4h/black#59,,
004X6,1r4k1/p4ppp/2Q5/3pq3/8/P6P/2PR1PP1/Rr4K1 w - - 1 26,a1b1 b8b1 d2d1 b1d1,1176,278,83,11,endgame mate mateIn2 short,https://lichess.org/wvPFkjF9#50,,
004Ys,r4rk1/3q1pbp/p1n1p1p1/2p3NP/1p3B2/3P3Q/PPP3P1/R3R1K1 b - - 2 19,d7d4 f4e3 d4f6 e1f1 f6e5 h5g6 e5e3 h3e3,2282,82,88,277,advantage defensiveMove middlegame veryLong,https://lichess.org/LcIJdugn/black#37,Sicilian_Defense Sicilian_Defense_McDonnell_Attack,
004d8,8/4kr2/R2p4/1p1Pp1p1/5p2/3K1P2/PPP5/8 b - - 0 39,g5g4 a6a7 e7f6 a7f7 f6f7 f3g4,1626,79,87,97,crushing endgame long rookEndgame,https://lichess.org/FrR3BHbW/black#77,,
004iZ,r2r2k1/2q1bpp1/3p1n1p/1ppN4/1P1BP3/P5Q1/4RPPP/R5K1 b - - 1 20,f6d5 g3g7,570,90,89,883,kingsideAttack mate mateIn1 middlegame oneMove,https://lichess.org/dQ85JUe1/black#39,,
004kB,4rr1k/pQpn2pp/3p1q2/8/8/2P5/PP3PPP/RN3RK1 w - - 1 16,b7c7 f6f2 f1f2 e8e1 f2f1 e1f1,1226,74,92,159,kingsideAttack long mate mateIn3 middlegame sacrifice,https://lichess.org/Cl9T6bjt#30,Ruy_Lopez Ruy_Lopez_Steinitz_Defense,
004mT,5Q2/8/1b1kp1p1/5p2/3p4/5qPK/7P/8 b - - 1 51,d6c6 f8a8 c6d6 a8f3,1406,74,99,1645,advantage endgame short skewer,https://lichess.org/Jqhi4ozb/black#101,,
004nd,3q2k1/2r5/pp3p1Q/2b1n3/P3N3/2P5/1P4PP/R6K b - - 0 24,c7d7 e4f6 d8f6 h6f6,898,75,83,204,crushing fork middlegame short,https://lichess.org/IajkZZBp/black#47,,
004sY,8/2k3n1/3p2p1/1KpP2Pp/2P4P/7B/8/8 w - - 0 57,b5a6 c7d8 a6b5 g7f5,2191,95,68,30,crushing endgame short,https://lichess.org/sMrTPfXp#112,,
004sg,6k1/p3b2p/1p1pP3/2p3P1/1Pnp3B/P6P/3Q3K/8 w - - 0 38,b4c5 c4d2 c5c6 d6d5 g5g6 e7d6,2361,84,90,1091,advantage clearance endgame hangingPiece long quietMove,https://lichess.org/pSRIvt7K#74,,
004u0,6k1/ppq3pp/2p1rp2/4r3/4p1Q1/P5RP/1P3PP1/3R2K1 b - - 3 34,e6e8 d1d7 c7d7 g4d7,1387,76,92,831,advantage endgame short,https://lichess.org/3gEqoQeQ/black#67,,
004zI,2q3k1/4br1p/6RQ/1p1n2p1/7P/1P4P1/1B2PP2/6K1 b - - 0 27,h7g6 h6h8,1423,75,79,312,endgame mate mateIn1 oneMove,https://lichess.org/HE33gdt4/black#53,,
0050w,5rk1/1p2p1rp/p2p4/2pPb2R/2P1P3/1P1BKP1R/8/8 b - - 4 30,g7g3 h3g3 e5g3 h5g5 g8f7 g5g3,1054,82,93,1421,crushing endgame fork long,https://lichess.org/QD8pUcTR/black#59,,
0055Y,r1b2rk1/p3pp2/2B4b/2Qpq3/3N2pp/4P3/2P2PPP/1R2K2R b K - 1 23,h6e3 f2e3 e5e3 e1d1,2055,76,79,144,advantage defensiveMove middlegame short,https://lichess.org/7Jpwzowt/black#45,,
005HF,3r1rk1/1pR3pp/p2bp3/1q2Np2/3P4/1P5Q/5PPP/4R1K1 w - - 2 27,c7g7 g8g7 h3g3 g7h8,1380,78,72,52,crushing defensiveMove hangingPiece middlegame short,https://lichess.org/IqVPsfjB#52,,
005N7,r6k/2q3pp/8/2p1n3/R1Qp4/7P/2PB1PP1/6K1 b - - 0 32,e5c4 a4a8 c7b8 a8b8,448,102,93,1560,backRankMate endgame hangingPiece mate mateIn2 short,https://lichess.org/jxZhmGhg/black#63,,
005YX,2rr4/2N2pk1/p1Q1b1pp/1p4q1/3pP3/1B1P4/PPP3PP/6RK w - - 7 25,c7e6 f7e6 c6b7 g7h8,1440,309,100,12,defensiveMove equality middlegame short,https://lichess.org/zbi5w5Qy#48,,
005f3,r5k1/2p1pp2/pp4p1/1q1r4/5P2/2QP2R1/PP6/1K4R1 b - - 0 32,d5h5 g3g6 f7g6 g1g6 g8f7 c3g7 f7e8 g7g8 e8d7 g8e6 d7d8 g6g8,1984,72,95,12011,crushing endgame sacrifice veryLong,https://lichess.org/Prb24UzR/black#63,,
005jJ,r1b1qrk1/pp1n1pbp/2pp1np1/4p3/2PP1B2/2NBPN1P/PP3PP1/R2Q1RK1 w - - 0 10,d4e5 d6e5 f4h2 e5e4,1242,83,70,29,advantage opening short,https://lichess.org/wt6Q2xGb#18,Queens_Pawn_Game Queens_Pawn_Game_Other_variations,
005nD,3rk2r/2qn1pp1/p1Q1R3/3n3p/8/8/PP4PP/5R1K b k - 0 23,f7e6 c6e6 d5e7 e6f7,964,79,100,216,fork mate mateIn2 middlegame short,https://lichess.org/hlgaj6lV/black#45,,
005qG,8/8/1p1k1p1p/3npp2/2B5/PP1K1PP1/7P/8 b - - 0 36,f5f4 c4d5 f4g3 h2g3 d6d5 g3g4,2293,87,65,52,crushing defensiveMove endgame long,https://lichess.org/RMj9gStA/black#71,,
005ws,8/8/5pp1/3K3p/3N2kP/8/8/8 w - - 2 62,d5e6 g6g5 h4g5 f6g5 e6d5 h5h4 d5e4 h4h3 d4f3 g4g3,2500,78,90,715,crushing endgame knightEndgame master quietMove veryLong,https://lichess.org/LOwACSXb#122,,
005wy,1r6/pp2kpp1/2n1p1n1/3p2PQ/5P2/2PqP3/PP1N4/2KR3R w - - 3 27,h5h7 c6b4 c3b4 b8c8 d2c4 c8c4,2062,74,94,2988,long mate mateIn3 middlegame queensideAttack sacrifice,https://lichess.org/mBQMheB4#52,,
005xu,8/3k4/1K1P4/2P3r1/R7/5b2/8/8 b - - 0 68,g5g8 a4a7 d7e6 a7e7 e6d5 d6d7,1931,88,83,32,advancedPawn crushing endgame exposedKing long,https://lichess.org/TDu28XvE/black#135,,
005yO,r1r3k1/ppq3bQ/4p2p/4n3/3p4/2P5/PBB2PPP/4R1K1 b - - 2 24,g8f8 b2a3 f8f7 c2d1 c8h8 d1h5 f7f6 h7e4,2795,101,88,202,advantage exposedKing middlegame quietMove veryLong,https://lichess.org/j65YI8hC/black#47,,
0061g,6k1/pp3pp1/2p1q1Pp/3b4/8/6Q1/PB3Pp1/3RrNK1 b - - 2 27,e1d1 g3b8 e6e8 b8e8,803,91,72,264,endgame mate mateIn2 short,https://lichess.org/dJ3xEKJK/black#53,,
0066C,r2q1r1k/2p3p1/pb2Q2p/1p1p1n2/8/1BP5/PP1B1PPP/3RR1K1 w - - 3 20,b3d5 b6f2 g1f2 f5d4 f2g1 d4e6,1768,78,81,138,advantage discoveredAttack kingsideAttack long middlegame sacrifice,https://lichess.org/ZyuTEP3l#38,,
0068B,r1q3k1/4bppp/pp2pn2/4B3/8/2N2Q2/PPPR1PPP/6K1 b - - 0 18,f6d7 d2d7 c8d7 f3a8,1519,74,92,5784,crushing deflection middlegame short,https://lichess.org/LNdzAgWP/black#35,Sicilian_Defense Sicilian_Defense_Katalimov_Variation,
0068D,7r/pppk4/2pb1r2/8/2NP2p1/2P5/PP2RPP1/4R1K1 w - - 2 26,c4d6 f6h6 f2f4 g4g3 e2e7 d7d6 g1f1 h6h1,2061,77,91,287,crushing endgame veryLong,https://lichess.org/WNAZgV2o#50,,
006E1,5rk1/R4pp1/1p5p/3Q4/1PPp2q1/3P2P1/5P2/4nK2 w - - 0 34,f1e1 f8e8 e1f1 g4h3 d5g2 e8e1 f1e1 h3g2,1626,73,97,13515,crushing deflection endgame veryLong,https://lichess.org/KaLKLKD5#66,,
006HV,1r6/5k2/2p1pNp1/p5Pp/1pQ1P2P/2P4R/KP3P2/3q4 w - - 4 31,c4c6 b4b3 a2a3 d1a1,1293,75,93,950,endgame mate mateIn2 short,https://lichess.org/ibb2c72C#60,,
006NL,1r6/k2qn1b1/p1b1p1p1/2PpPpN1/2nN1P1P/p4B2/1PP2Q2/1K1R3R w - - 0 32,d4c6 e7c6 b2b3 a3a2 b1a1 c4e5 f4e5 g7e5 a1a2 b8b5,2543,88,84,88,advancedPawn advantage middlegame pin veryLong,https://lichess.org/yA3M5Q6W#62,,
006OI,8/p7/5k2/P5R1/6KP/8/8/5r2 w - - 5 53,g5g8 f1g1 g4f4 g1g8,809,77,89,126,crushing endgame rookEndgame short skewer,https://lichess.org/6AH1H5wg#104,,
006RM,1k1r3r/2q5/pp1n2p1/8/1Q6/3R2P1/PPP2P1P/3R2K1 b - - 4 29,c7c5 b4c5 b6c5 d3d6 d8d6 d1d6,1382,75,93,1078,crushing long middlegame,https://lichess.org/ceS0QvtT/black#57,,
006XF,r5kr/pp1qb1p1/2p4p/3pPb1Q/3P4/2P1B3/PP4PP/R4RK1 b - - 1 17,f5e4 h5f7 g8h7 f1f6 e7f6 f7d7,2264,81,90,1776,advantage long middlegame pin,https://lichess.org/Ynra1LLE/black#33,Russian_Game Russian_Game_Italian_Variation,
006cZ,3r1rk1/1p4p1/p1p3Qp/2q5/8/3n1N1P/PP1R2P1/5R1K b - - 7 28,g8h8 d2d3 d8d3 g6d3,1281,75,88,617,advantage middlegame short,https://lichess.org/qrbDEp56/black#55,,
006eO,8/8/2p2k2/1p1p4/3P4/1PP1pK2/8/8 b - - 3 64,f6f5 b3b4,2186,115,90,52,defensiveMove endgame equality oneMove pawnEndgame,https://lichess.org/2cHqPgSG/black#127,,
006fF,r1b4r/pp1k2pp/2nb2q1/1B1p2B1/3p3Q/8/PPP2PPP/3RR1K1 b - - 5 17,h7h6 h4g4 d7c7 g5d8 h8d8 g4g6,1966,75,96,2914,advantage discoveredAttack exposedKing long middlegame,https://lichess.org/mAf9SSin/black#33,Italian_Game Italian_Game_Two_Knights_Defense,
006ia,1r4k1/4bpp1/1rp2n1p/3p4/3P4/2N1B1P1/Pq2QPKP/2R1R3 w - - 3 24,e3h6 b2e2 e1e2 e7a3 h6e3 a3c1,2119,146,68,6,advantage long middlegame,https://lichess.org/fcKXrUhC#46,,
006of,r2qr2k/1pp2pp1/1b4np/pP2P3/P4n2/BQN2N1P/5PP1/R3R1K1 w - - 3 20,b3f7 d8d3 c3e2 f4e2 e1e2 d3e2,2520,96,88,821,advantage kingsideAttack long middlegame,https://lichess.org/MIdWd89x#38,,
006om,1r3k2/5p1p/2p1pp2/P2n4/2r1N3/P4PK1/2R2P1P/2R5 b - - 9 29,c4a4 e4c5 a4a5 c5d7 f8g7 d7b8,1912,74,95,4630,crushing endgame fork long master,https://lichess.org/BMIgw1OR/black#57,,
006wz,2r5/4ppkp/5bp1/1p6/1P6/P3B3/2r2PPP/1R1R2K1 b - - 2 22,f6b2 b1b2 c2b2 e3d4 f7f6 d4b2,1515,75,73,527,attraction crushing endgame fork long sacrifice,https://lichess.org/qT0W6o27/black#43,,
006x0,3Q4/5kr1/8/1P2pB2/2Pp1n2/q2P3P/7K/5R2 w - - 7 49,d8d7 f7f6 d7d8 f6f5,1338,166,100,20,defensiveMove endgame equality short,https://lichess.org/yJzYpNj0#96,,
006yP,6R1/8/Kpk1p3/1p1pP3/6P1/PPP1r3/8/8 b - - 3 40,e3c3 g8c8 c6d7 c8c3,819,89,80,145,crushing endgame master rookEndgame short skewer,https://lichess.org/vf9MOLH1/black#79,,
0070J,r4rk1/ppq2ppp/2nbp1b1/3p4/3Pn3/2PB1N1P/PP3PP1/R1BQRNK1 b - - 4 14,e4f2 g1f2 g6d3 d1d3,1025,91,60,80,advantage hangingPiece middlegame short,https://lichess.org/SHqFVu02/black#27,Caro-Kann_Defense Caro-Kann_Defense_Exchange_Variation,
0072T,3q1nk1/1bN2rpp/pp1P4/1N6/4n2b/8/PPP2PPP/R1BQ1RK1 w - - 1 16,b5d4 h4f2 f1f2 e4f2,2381,77,85,470,advantage kingsideAttack master middlegame short,https://lichess.org/aqhibPRF#30,Philidor_Defense Philidor_Defense_Lion_Variation,
00761,3r2k1/1b3pbR/p2P2P1/3p2N1/2p5/2P2N2/PP6/2K5 b - - 0 28,f7g6 h7g7 g8g7 g5e6 g7g8 e6d8,1502,76,94,19035,attraction crushing endgame exposedKing fork long sacrifice,https://lichess.org/vu70Maig/black#55,,
0078T,rk5r/1b3R2/pp2p2q/4P2p/B2p3B/4R2P/PP4P1/5Q1K b - - 0 27,d4e3 f7b7 b8b7 f1f7 b7b8 h4e7,2267,79,81,81,attraction crushing defensiveMove exposedKing long middlegame queensideAttack sacrifice,https://lichess.org/mXf4gFYU/black#53,,
007AS,r3kb1r/3nnpp1/4p1bp/1NppP3/3P4/6N1/P2BBPPP/R3K2R b KQkq - 0 17,a8b8 b5d6 e8d8 d2a5,1627,83,87,30,crushing master middlegame short,https://lichess.org/Nfuw1Dug/black#33,Caro-Kann_Defense Caro-Kann_Defense_Advance_Variation,
007Rn,4r1k1/p4p1p/1p6/6q1/3P2n1/P4Q2/1P1B2P1/7K w - - 0 34,d2g5 e8e1 f3f1 e1f1,992,82,75,74,endgame mate mateIn2 short,https://lichess.org/L9kH7FqT#66,,
007XE,2kr3r/p1p1bpp1/2p2n1p/8/8/1P6/P1P1RPPP/RNB3K1 w - - 1 16,e2e7 d8d1 e7e1 d1e1,663,92,79,62,backRankMate fork mate mateIn2 middlegame short,https://lichess.org/f4f7UwiT#30,Kings_Pawn_Game Kings_Pawn_Game_Leonardis_Variation,
007c6,2kr3r/pp1n2pp/2QB1bp1/5q2/2B5/8/PPP2PPP/3R1RK1 b - - 0 17,b7c6 c4a6,723,79,56,151,bodenMate mate mateIn1 middlegame oneMove,https://lichess.org/vqwzqZHC/black#33,Elephant_Gambit Elephant_Gambit_Other_variations,
007eS,6k1/p4p2/1p5p/4r3/P3B3/1P3P2/2PK2PP/8 w - - 0 29,d2e3 f7f5 g2g4 f5e4,1240,74,97,9481,advantage endgame short,https://lichess.org/8qs8bafy#56,,
007fJ,8/1P3ppp/8/8/8/2pk3P/3p2P1/3K4 w - - 0 52,b7b8q c3c2,616,80,100,117,advancedPawn endgame mate mateIn1 oneMove queenEndgame,https://lichess.org/34ezZi7R#102,,
007gO,2r3rk/5p2/4p2p/4q3/1Q6/8/1P3PPP/R4RK1 w - - 0 31,a1c1 e5g5 g2g3 c8c1,2177,86,76,44,crushing endgame short,https://lichess.org/id1brvZc#60,,
007ku,r1bq3Q/1np2kp1/p5B1/1p1Pp3/1Pn2BP1/2b2P2/P3K3/R4N2 b - - 5 35,f7g6 h8h5 g6f6 f4g5,1605,74,88,957,mate mateIn2 middlegame short,https://lichess.org/QveLbBjG/black#69,,
007tv,r3k1nr/1pp2ppp/1pnp2q1/4p1B1/2B1P3/3P1Q1P/PPP2PP1/R4RK1 b kq - 0 11,g6g5 f3f7 e8d8 f7f8 d8d7 f8a8,1308,75,92,1035,advantage attackingF2F7 long middlegame skewer,https://lichess.org/ky7qZNjk/black#21,Italian_Game Italian_Game_Giuoco_Pianissimo,
0088O,7Q/2p5/1p2prp1/p4k1p/P4p1P/8/6RK/3q4 b - - 2 37,d1a4 g2g5 f5e4 h8f6,1066,77,85,434,crushing deflection endgame short,https://lichess.org/GmH1DPx6/black#73,,
008D5,r1bqk2r/pp3ppp/4p2n/3pP3/1b1P1P2/2N5/PP4PP/R1BQKB1R b KQkq - 2 9,h6f5 d1a4 c8d7 a4b4,1419,75,81,1176,advantage fork master opening short,https://lichess.org/jIGC2FuP/black#17,French_Defense French_Defense_La_Bourdonnais_Variation,
008GK,1k1r4/ppp3p1/8/1P5p/8/P3n2P/2P1r1P1/B3NRK1 b - - 4 31,d8d1 f1f8 d1d8 f8d8,439,98,89,1604,backRankMate endgame mate mateIn2 short,https://lichess.org/9vFFDYsH/black#61,,
008LD,8/6pp/4N1k1/5p2/5P2/5rPb/4R2P/6K1 w - - 0 35,e6g5 f3f1,461,88,100,139,endgame mate mateIn1 oneMove,https://lichess.org/jzHHsjDp#68,,
008LT,r4rk1/6p1/b3p1nN/p1pp4/1p3P1q/3P1Q1B/PPP2PK1/R6R b - - 0 26,g8h8 h6f7 f8f7 h3e6,2460,80,90,1125,crushing kingsideAttack middlegame pin sacrifice short,https://lichess.org/vnxisKeU/black#51,,
008Nz,6k1/2p2ppp/pnp5/B7/2P3PP/1P1bPPR1/r6r/3R2K1 b - - 1 29,d3e2 d1d8,457,99,84,883,backRankMate mate mateIn1 middlegame oneMove,https://lichess.org/HNU4zavC/black#57,,
008P4,8/4k3/1p1p4/rP2p1p1/P2nP1P1/3BK3/8/R7 w - - 0 35,e3d2 d4b3 d2c3 b3a1,739,89,94,1495,crushing endgame fork short,https://lichess.org/3GoHPRp3#68,,
008Sk,8/6pp/3Bp2k/p2pP2P/P2bp1PK/8/r7/5R2 b - - 2 37,d4f2 f1f2 g7g5 h4g3 a2f2 g3f2,2057,79,94,10642,crushing endgame long,https://lichess.org/rah6MiKa/black#73,,
008Y3,r5k1/1p1rqpp1/p3pnp1/2PN4/8/1Q5P/PP3PP1/3RR1K1 b - - 0 24,e7c5 d5f6 g7f6 d1d7,1142,75,100,173,advantage discoveredAttack kingsideAttack middlegame short,https://lichess.org/jAILX5BH/black#47,,
008lc,7k/pb1qn2n/1p2R2Q/2p2p2/2Pp4/3B4/PP3PrP/4RK2 b - - 1 27,g2g7 h6g7 h8g7 e6e7 d7e7 e1e7,1880,75,92,1808,attraction crushing exposedKing fork long middlegame,https://lichess.org/UdZXrVA5/black#53,,
008nF,2rq1rk1/7p/1n4pb/1R2p3/pPpP1P2/P1B5/3NQ1PP/2R3K1 w - - 0 31,e2e5 f8e8 e5e8 d8e8,2373,88,89,604,crushing master middlegame short trappedPiece,https://lichess.org/tYO5rrIU#60,,
008o6,Q5k1/p1p3p1/5rP1/8/3P4/7P/q3r3/B4RK1 b - - 1 34,f6f8 a8f8,471,87,75,117,endgame mate mateIn1 oneMove,https://lichess.org/1k4lXfEi/black#67,,
008oX,4r1k1/2R3pp/2p4q/1p1p4/3P4/P7/1PP2R2/1K1N4 b - - 3 32,e8e1 c7c8 e1e8 c8e8,978,76,71,217,endgame mate mateIn2 short,https://lichess.org/APGKH8YH/black#63,,
008tL,8/7k/pR5p/3p4/5r2/2P1p2P/P5P1/6K1 w - - 0 40,b6a6 e3e2 a6e6 f4f1,1004,76,95,2843,advancedPawn crushing endgame master rookEndgame short,https://lichess.org/yhNupFCi#78,,
0092V,r2qk1nr/ppp3pp/2n5/1B1pp3/1b1P4/5Q1P/PP1B1PP1/RN2K2R b KQkq - 3 11,e5e4 b5c6 b7c6 f3h5 g7g6 h5e5,2526,82,93,1026,crushing exposedKing long opening,https://lichess.org/bW5LiCa5/black#21,Ponziani_Opening Ponziani_Opening_Other_variations,
0092z,2r3k1/2qR1ppp/p7/2p2Q2/P7/7P/5PP1/6K1 b - - 3 26,c7c6 f5f7 g8h8 f7g7,949,84,94,411,endgame mate mateIn2 short,https://lichess.org/fjaha7q0/black#51,,
0095W,8/pp1r2kp/q2P1ppb/4p3/2N1P3/1Q5P/PPR2PP1/6K1 w - - 3 32,c4e5 f6e5 c2c7 a6d6,1888,75,98,595,advantage endgame hangingPiece short,https://lichess.org/CaL8Bl7F#62,,
009De,r1q4r/2p1kP2/3p4/2pPp3/p1P1Pb2/P1NB3b/1P3KP1/R2Q1R2 w - - 1 23,g2h3 c8h3 d1f3 h3h2 f3g2 f4e3 f2f3 h8h3 g2h3 h2h3,1925,80,79,50,advantage exposedKing middlegame veryLong,https://lichess.org/PsMgMg87#44,,
009FS,r2qr1k1/p5bp/1pp1b1p1/8/2QN1p2/2P1n2P/PP3PP1/R1B1RNK1 w - - 1 18,d4e6 e3c4 e6d8 e8e1,1739,75,76,123,crushing discoveredAttack opening short,https://lichess.org/MOdm5bE7#34,Sicilian_Defense Sicilian_Defense_Closed,
009IO,3rk3/5p1r/p2Np1p1/3bP3/P2n4/8/1P3RPP/5RK1 b - - 4 25,e8e7 f2f7 h7f7 f1f7,1168,81,87,539,hookMate mate mateIn2 middlegame short,https://lichess.org/LJBrm9Or/black#49,,
009L0,6k1/pb2r1pN/1n4Bp/3p4/1P2pR2/P7/3R1PPP/2r3K1 w - - 2 30,d2d1 c1d1,706,146,18,22,backRankMate hangingPiece mate mateIn1 middlegame oneMove,https://lichess.org/SAhQtou2#58,,
009Os,r2b2k1/1p3q1p/p2p4/3P2p1/2P1PRQr/8/P2B3P/2R4K w - - 1 29,g4g3 h4f4 d2f4 f7f4 g3f4 g5f4,1392,89,76,36,crushing long middlegame,https://lichess.org/AdjEnXlm#56,,
009Wc,1r3rk1/1pq2pbp/p1p1pnp1/2N1N3/3P4/1QP5/PP3PPP/3RR1K1 w - - 2 19,e5d7 f6d7 c5d7 c7d7,974,79,95,1377,crushing middlegame short,https://lichess.org/WnthPrdl#36,Caro-Kann_Defense Caro-Kann_Defense_Classical_Variation,
009XT,rn1qk2r/pp3ppp/3bp1b1/3p4/3Pn2N/3BB3/PPP2PPP/RN1Q1RK1 w kq - 4 10,h4g6 d6h2 g1h1 h7g6,1964,73,93,12505,crushing intermezzo opening short,https://lichess.org/bf23N8Ng#18,Caro-Kann_Defense Caro-Kann_Defense_Exchange_Variation,
009bR,4r2k/3q2r1/1p4pQ/p1pP4/2P4P/1N4p1/PP3RK1/8 b - - 1 37,g7h7 f2f8 e8f8 h6f8,1069,319,100,1,endgame mate mateIn2 short,https://lichess.org/rvHGlZar/black#73,,
009f8,8/1p4p1/pb2ppkp/3n4/3P4/P3BN1P/1P2KPP1/8 b - - 0 26,g6f5 f3h4 f5e4 f2f3,1171,76,89,120,endgame mate mateIn2 short,https://lichess.org/paDYagZM/black#51,,
009lk,1R6/6pk/2p4p/3bP2r/5B1P/2P2qP1/P4P1Q/4R1K1 w - - 2 40,e1e3 f3d1 e3e1 d1e1,925,79,95,876,mate mateIn2 middlegame short,https://lichess.org/gLNPef4f#78,,
009oc,5Q2/pbp3np/1p1pB1pk/1P6/P3q2P/6K1/8/8 b - - 1 32,e4e6 f8f4 g6g5 f4g5,961,88,95,512,endgame mate mateIn2 short,https://lichess.org/426eHXom/black#63,,
009tE,6k1/6pp/p1N2p2/1pP2bP1/5P2/8/PPP5/3K4 b - - 1 28,f6g5 c6e7 g8f7 e7f5,654,99,90,640,crushing endgame fork short,https://lichess.org/fUV1iXBx/black#55,,
009uB,3br2r/5k1p/4p1pQ/P5P1/1B5P/P6q/5R2/6K1 b - - 1 35,f7g8 f2f8 e8f8 h6f8,1097,75,100,176,mate mateIn2 middlegame short,https://lichess.org/1llcQdqK/black#69,,
009zR,3r4/p1p2ppp/4k3/6Q1/5P2/4P3/Prqn2PP/3R1RK1 w - - 3 22,g5d8 d2f3 g1h1 c2g2,1616,78,87,168,discoveredAttack endgame mate mateIn2 short,https://lichess.org/SctCD3fJ#42,,
00A1H,2r3k1/4brp1/2p3b1/2Pp1q1p/3B3P/2P2N2/PP3P1K/R2Q2R1 w - - 1 31,f3g5 f5f4 h2g2 e7g5,2041,84,82,202,crushing middlegame short,https://lichess.org/GeoPB5fa#60,,
00A5m,8/1p6/p1p2p2/P3b3/1PK3P1/2PBk3/8/8 b - - 3 60,e3d2 d3f5 e5c7 f5c8 b7b6 a5b6 c7b6 c8a6,1979,75,89,525,bishopEndgame crushing endgame quietMove veryLong,https://lichess.org/Y4Ftfosz/black#119,,
00A5v,4r1k1/pp1qr1p1/7p/2pPR3/2P2p2/1PQ2P2/P5PP/4R1K1 w - - 3 33,c3d2 e7e5 e1e5 e8e5,876,100,84,672,crushing endgame short,https://lichess.org/1WXk6Mn2#64,,
00AB1,8/7Q/3p1kp1/1p6/2b5/2P4P/5PPK/4q3 b - - 8 36,e1c3 h7h8 f6e6 h8c3,1175,75,96,10122,crushing endgame short skewer,https://lichess.org/KQDr21Ph/black#71,,
00AGs,rn2k2Q/5p2/2p1p1r1/1q4p1/8/8/4NPPP/3R1K1R b q - 5 23,e8e7 h8d8,849,81,93,368,mate mateIn1 middlegame oneMove,https://lichess.org/gBoWCcF2/black#45,,
00AHY,r6k/3NR1p1/4n2p/5b2/p6P/6R1/8/6K1 w - - 2 43,h4h5 a4a3 g3a3 a8a3 e7e8 h8h7,1358,78,84,1510,advantage endgame long,https://lichess.org/SFxNjHBp#84,,
00AOH,6k1/1R6/1p2p1pp/4P3/p1N2P2/6PK/7P/1r6 w - - 0 48,b7b6 b1b6 c4b6 a4a3 b6d7 a3a2,864,80,95,644,advancedPawn advantage endgame long,https://lichess.org/D6NQDAPE#94,,
00AVR,br1qkb1r/p1pp1ppp/4Pn2/6B1/3Qn3/5NP1/P3PPBP/RN1R2K1 b k - 0 15,d7e6 d4a4 d8d7 d1d7,1744,77,77,86,crushing opening short,https://lichess.org/KxeQFmHl/black#29,Zukertort_Opening Zukertort_Opening_Black_Mustang_Defense,
00AXb,5kr1/pp3p1p/1q2pBb1/1B1p4/P7/5P2/1P4rP/2Q1K2R b K - 0 21,g2g1 h1g1 b6g1 b5f1 g6c2 c1f4,2115,132,82,19,advantage defensiveMove long middlegame,https://lichess.org/4i5kxYT5/black#41,,
00Aae,1R6/1P6/4pkp1/5p2/3P3p/3KP3/8/1r6 b - - 0 43,h4h3 b8f8 f6e7 b7b8q b1b8 f8b8,1022,80,88,338,advancedPawn clearance crushing endgame long promotion rookEndgame,https://lichess.org/mLIjph1r/black#85,,
00Aas,3r1rk1/1p2q1pp/5p2/8/1P1n4/6Q1/PPbB1PPP/R2B1RK1 w - - 9 20,d1c2 d4e2 g1h1 e2g3 f2g3 d8d2,1147,75,98,6666,crushing fork long middlegame,https://lichess.org/wYjuq3zz#38,,
00Ac7,8/2p1pk1p/Pp4p1/8/p1P2P2/3r2P1/3PR2P/3K4 b - - 1 33,a4a3 a6a7 d3d8 e2e3 a3a2 e3a3,2362,78,98,424,advancedPawn advantage endgame long rookEndgame,https://lichess.org/SIcsTksL/black#65,,
00AcQ,8/1bpp2k1/1p5r/1P2P3/3P1P2/2P1n1K1/2Q3P1/8 w - - 0 30,c2a2 h6g6 g3f2 g6g2,1820,74,91,516,crushing endgame short,https://lichess.org/MqFuiB4J#58,,
00AdI,3r4/4kp1p/1PQ1p1p1/p3b3/1p2P2P/1P6/6PK/8 w - - 1 36,h2h3 d8d3 g2g3 d3g3 h3h2 g3c3,1287,75,98,4180,crushing discoveredAttack endgame long,https://lichess.org/WWyIGzPi#70,,
00Af3,8/8/2B2p1p/P4Pp1/3p1kP1/1b1Pb2P/8/4K3 b - - 0 50,f4g3 a5a6 b3c4 a6a7,1135,76,96,4409,advancedPawn bishopEndgame crushing endgame short,https://lichess.org/JBQDYKyD/black#99,,
00AhO,r1b2rk1/2q2p1p/1p2pbp1/pP6/2P1Q3/P2B1N2/5PPP/3R1RK1 w - - 0 20,e4a8 c8b7 a8a7 f8a8 a7a8 b7a8,1182,75,96,368,advantage clearance long middlegame trappedPiece,https://lichess.org/9PjjgfVE#38,,
00Ahb,1k4nr/pp1r1ppp/4p3/1Nb2q2/2Pp4/6P1/PP3P1P/R1BQR1K1 b - - 2 14,g8h6 c1f4 f5f4 g3f4,1138,76,83,228,crushing middlegame short,https://lichess.org/Cyj8Qkox/black#27,Sicilian_Defense Sicilian_Defense_Franco-Sicilian_Variation,
00Al5,2r3k1/p2q1pbp/1p2pnp1/nB1p4/3P4/1Pr1P2P/P1QB1PP1/2R2RK1 w - - 0 19,b5d7 c3c2 d7c8 c2d2,1641,75,97,6731,advantage middlegame short,https://lichess.org/EtyflSie#36,Slav_Defense Slav_Defense_Schlechter_Variation,
00AoZ,8/1R6/p1pk4/6bp/1QP5/P7/KP6/3r2q1 b - - 2 44,g1c5 b7d7 d6d7 b4c5,1012,80,93,3362,advantage deflection endgame short,https://lichess.org/356BAYqk/black#87,,
00Aok,5rk1/Q2B1p1p/4p1p1/3p4/3N2b1/2q5/Pr3RPP/5RK1 w - - 0 23,f2f7 c3e3 g1h1 f8f7 a7a8 g8g7 f1f7 g7f7 a8e8 f7f6,2236,95,51,26,crushing intermezzo middlegame veryLong,https://lichess.org/kVjMAqKr#44,,
00Aq4,2k1r3/pppn1pp1/3b2b1/3p2Pp/2B2P2/3P3P/PPPR4/2K3NR w - - 0 18,c4d5 e8e1 d2d1 d6f4 c1b1 e1d1,1577,113,47,82,backRankMate deflection long mate mateIn3 middlegame,https://lichess.org/VIBqOZyc#34,Scandinavian_Defense Scandinavian_Defense_Main_Line,
00AuR,8/4bkp1/R6P/4p3/Pp2P3/1P1rB3/6P1/6K1 b - - 0 33,d3e3 h6h7 e3e1 g1h2,1697,83,83,32,advancedPawn crushing endgame short,https://lichess.org/NQjprK7P/black#65,,
00B2k,r4rk1/pbp3pp/1p1pp3/6B1/2PPp2q/3nP2P/PP3P2/R2QKBR1 w Q - 8 16,f1d3 h4f2,833,130,43,17,attackingF2F7 mate mateIn1 middlegame oneMove,https://lichess.org/SIYAVKzo#30,Dutch_Defense Dutch_Defense_Queens_Knight_Variation,
00B3B,2K5/3P4/5b2/p1B5/P7/3k4/6p1/8 w - - 7 77,d7d8q f6d8 c8d8 d3c4,1543,75,94,2019,crushing endgame short,https://lichess.org/b7iJvp5Z#152,,
00B5A,r2qk2r/ppp2ppp/2n1b3/1B1N4/3b4/3P3P/P1P1QPP1/1R2K1NR w Kkq - 4 13,g1f3 d8d5 f3d4 d5d4 b5c6 b7c6,1492,74,94,14217,advantage hangingPiece long middlegame,https://lichess.org/JCYgLgB2#24,Nimzowitsch_Defense Nimzowitsch_Defense_Other_variations,
00B7G,1rb2r1k/4q2p/p2p4/3B1p2/1pPb4/1P2NQ2/P5PP/2R2RK1 w - - 1 24,g1h1 e7e3 f3e3 d4e3,1688,74,86,144,crushing middlegame short,https://lichess.org/jBgjHSYd#46,,
00BKa,5rk1/p1Rb1ppp/2n1pn2/8/8/2P3P1/q4PBP/1rNQK2R b K - 2 16,f8c8 c7c8 d7c8 c1a2 b1d1 e1d1,2502,83,90,824,advantage long middlegame,https://lichess.org/0bBHtpd4/black#31,French_Defense French_Defense_Winawer_Variation,
00BM8,r4rk1/pp2bppp/2ppnn2/8/N1P1P3/q1P4P/P2N2PB/R2Q1R1K b - - 0 16,a8d8 d2b1 a3a4 d1a4,1615,75,93,6813,advantage master middlegame short trappedPiece,https://lichess.org/IBbaWSo7/black#31,Caro-Kann_Defense Caro-Kann_Defense_Other_variations,
00BSo,2r3k1/4R1pp/p1p2p2/2p5/2P5/1PbN3P/P4PP1/6K1 w - - 0 25,d3c5 c3b4 e7a7 b4c5,1198,78,93,780,advantage endgame short,https://lichess.org/SjQSgSG9#48,,
00Bex,1rb1qrk1/6bp/2np4/2pNpp2/2P5/3P1B2/1B3PPP/1R1QR1K1 b - - 0 22,c8e6 d5c7 e8f7 c7e6,1657,121,33,17,crushing middlegame short,https://lichess.org/qNuFxL0D/black#43,,
00Bg4,3r2k1/1q3ppp/p2rp3/Qp1B4/7P/P4P2/1PP3P1/1K1R3R b - - 0 21,d6d5 a5d8 d5d8 d1d8,1370,85,75,306,backRankMate endgame mate mateIn2 short xRayAttack,https://lichess.org/6qWf8wOP/black#41,,
00Bm8,8/6kp/4b1q1/1p6/1PpPp2Q/2P1P3/r2N2P1/5RK1 w - - 7 34,d2e4 g6g2,1126,76,86,324,endgame master mate mateIn1 oneMove,https://lichess.org/ynNNLRgG#66,,
00Bn4,1k6/pp6/4nNp1/P6p/3pr3/7P/3R1PPK/8 b - - 0 40,e4e5 f6d7 b8c7 d7e5,680,99,95,652,crushing endgame fork short,https://lichess.org/jvMUtZF5/black#79,,
00Bp0,1r2kr2/pp3p1p/2b1pn2/4N3/2P5/1N1B4/P3KP1P/6R1 b - - 4 21,f6e4 e5c6 b7c6 d3e4,1201,75,93,8511,advantage capturingDefender middlegame short,https://lichess.org/GN8F9TsL/black#41,,
00BrZ,r6r/pp2kb2/3p1p1Q/1N1Pp3/3bP3/P2B2P1/1P4PP/7K w - - 6 28,h6d2 h8h2 h1h2 a8h8 d2h6 h8h6,1412,75,84,435,attraction kingsideAttack long mate mateIn3 middlegame sacrifice,https://lichess.org/ANKrgoJi#54,,
00Bul,rnbqk2r/pp3ppp/5n2/3pN3/2B5/2P5/P1PPQPPP/R1B1K2R b KQkq - 1 8,d5c4 e5c6 c8e6 c6d8,1254,75,91,594,advantage discoveredAttack opening short,https://lichess.org/70pObIpq/black#15,Kings_Pawn_Game Kings_Pawn_Game_Gunderam_Gambit,
00C3O,r2qkbnr/pp4pp/2p2p2/4n2b/2B1P3/2N2N2/PPP3PP/R1BQ1RK1 w kq - 0 10,d1e2 h5f3 g2f3 d8d4,2006,78,92,1310,crushing kingsideAttack opening short,https://lichess.org/F4Vo1eZG#18,Kings_Gambit Kings_Gambit_Other_variations,
00C7m,8/5k2/1P4R1/6PK/1r6/8/8/8 w - - 1 58,h5h6 b4h4,755,119,67,56,endgame mate mateIn1 oneMove rookEndgame,https://lichess.org/ZbuTrTYp#114,,
00C8e,8/5p1k/5Ppb/2p3P1/1p6/8/KB5Q/3q4 b - - 4 58,d1a4 a2b1 a4d1 b2c1,1495,179,100,17,endgame equality pin short,https://lichess.org/YqVcRoWF/black#115,,
00CBU,8/2pR2kp/pb4p1/8/5p1P/B6K/P1r5/6r1 b - - 3 39,g7h6 a3f8 h6h5 d7h7,1826,81,76,42,deflection endgame mate mateIn2 short,https://lichess.org/8sbUxgqT/black#77,,
00CMj,7R/8/8/6p1/2p1p1k1/2PbK2p/P7/8 w - - 4 71,e3f2 e4e3 f2e3 g4g3,1671,75,96,20418,crushing defensiveMove endgame master short,https://lichess.org/JJZ8AIxT#140,,
00CXr,r2k2nr/pp2qBb1/3p3p/Q5p1/3n1B2/2N2R2/PPP3P1/R5K1 b - - 1 18,b7b6 a5d5 d4f3 g2f3 a8c8 f4d6,1909,75,91,1576,advantage long middlegame sacrifice,https://lichess.org/sr8OoFsx/black#35,Kings_Gambit_Accepted Kings_Gambit_Accepted_Fischer_Defense,
00CcK,8/8/3p4/4kp2/1pP3pP/1RbK2P1/8/8 w - - 2 42,b3c3 b4c3 d3c3 f5f4 c3d3 f4g3,1608,172,79,10,crushing endgame long,https://lichess.org/y0n2EkgP#82,,
00CiZ,5r1k/6b1/3p3p/1P1q2pQ/r5P1/3p1N1P/3R2P1/4R2K w - - 2 34,e1d1 f8f3 g2f3 d5f3,1362,78,77,133,crushing middlegame short,https://lichess.org/PJQUqCX1#66,,
00CpR,4r1k1/B7/2p2pK1/3n3p/8/1Q3PP1/P6r/8 b - - 0 31,e8e5 b3b8 e5e8 b8e8,601,82,84,298,endgame mate mateIn2 short,https://lichess.org/tX2xyrPX/black#61,,
00Cs4,2r1q1k1/8/b2b1r1p/Pp1pNpp1/3Pn3/1RPQ3P/P1B1NPP1/4R1K1 w - - 3 28,a2a4 b5a4 d3a6 a4b3,1388,86,85,63,advantage middlegame short,https://lichess.org/fswqBBFw#54,,
00CtS,Q5k1/5q2/p2p4/b1p1pr2/P7/6P1/4KP1R/8 b - - 3 38,g8g7 a8h8 g7g6 h8h6,960,79,97,2822,endgame mate mateIn2 short,https://lichess.org/yKolw9vl/black#75,,
00Cwz,1r5r/5pk1/4p3/2Np2PP/p1nP4/n1P5/P3B3/K1R4R w - - 2 34,c5a4 b8b1 c1b1 a3c2,1506,79,87,99,mate mateIn2 middlegame sacrifice short,https://lichess.org/o6LOeNAf#66,,
00D12,8/6pp/8/3kP3/1p1P2P1/rPpK3P/4R3/8 b - - 1 39,a3b3 e5e6 c3c2 d3c2 b3c3 c2d2,2423,91,89,1149,crushing endgame long rookEndgame,https://lichess.org/iC0vC5to/black#77,,
00D77,5rk1/bpp3pp/p1npb3/4p3/1P2Nr1q/P1PP3P/1B1QBPR1/2K3R1 b - - 2 21,h4h3 g2g7 g8h8 e4g5,1909,75,92,1733,crushing kingsideAttack middlegame short,https://lichess.org/PgppfwbE/black#41,,
00D7x,rnq2r2/pp3pbk/3p1n2/2pPpPQ1/2P1P3/2N2NP1/PP4KP/R4R2 b - - 2 18,f8g8 g5h4 g7h6 h4f6,1554,75,95,19560,crushing deflection middlegame short,https://lichess.org/RKX1Co2s/black#35,Benoni_Defense Benoni_Defense_Old_Benoni,
00DEc,8/p5pk/1p3b1p/3r3P/6P1/3nBN2/P4PK1/4R3 w - - 3 30,e1d1 d3f4 e3f4 d5d1,1091,77,87,166,crushing discoveredAttack endgame short,https://lichess.org/T0mRW37D#58,,
00DPQ,2k4r/pp3pp1/4pn2/2np2p1/8/1B1P1Pq1/PPPN1R2/R2Q3K w - - 6 20,f2h2 g3h2,769,96,84,108,kingsideAttack mate mateIn1 middlegame oneMove,https://lichess.org/AKiNfVd0#38,,
00DTg,r2qk2r/1pp2ppp/p1pb1n2/4P3/3Q4/2N2b2/PPP2PPP/R1B2RK1 w kq - 0 10,e5f6 d6h2 g1h2 d8d4,1095,82,94,2462,crushing discoveredAttack kingsideAttack middlegame short,https://lichess.org/EqbT8Dsc#18,Ruy_Lopez Ruy_Lopez_Exchange_Variation,
00DU5,r1bq1rk1/5ppp/p2p1b2/1p1Pn3/1P2Q3/P1NB3P/1B3PP1/R4RK1 b - - 2 17,c8b7 e4h7,511,86,78,84,kingsideAttack mate mateIn1 middlegame oneMove,https://lichess.org/sDwtQGBU/black#33,Sicilian_Defense Sicilian_Defense_Delayed_Alapin_Variation,
00DWo,b4b1r/3k1ppp/p2p4/1p2p3/3nq3/N1P1B3/PP3PPP/R2Q1RK1 w - - 1 16,c3d4 e4g2,1063,105,82,38,kingsideAttack mate mateIn1 middlegame oneMove,https://lichess.org/bSwKB2bL#30,Sicilian_Defense Sicilian_Defense_Kalashnikov_Variation,
00DZe,8/5k2/7p/p1P1bPpP/Pp2P3/1P1pBK2/8/8 w - - 1 47,e3f2 g5g4 f3e3 e5d4 e3d3 d4f2,2378,76,93,3954,bishopEndgame crushing deflection endgame long master skewer,https://lichess.org/MVHl8Zy9#92,,
00DdW,5rk1/4bppp/4b3/1p1pPpPP/2pP4/2P5/rqNQKP2/2RRN3 b - - 5 23,e7a3 c1b1 b2b3 b1b3,1659,74,86,771,advantage middlegame short trappedPiece,https://lichess.org/bT7kcwFH/black#45,,
00DkJ,3r1bnr/2p2ppp/2b5/R1k5/5P2/2N5/4N1PP/1R4K1 b - - 3 21,c5d6 b1d1 d6e7 a5e5 e7f6 d1d8,1610,75,93,2781,crushing deflection exposedKing long middlegame,https://lichess.org/JJiGlqDg/black#41,,
00Dt6,5rk1/p4p1p/4p1p1/5nq1/8/5QPP/5PK1/2RR4 w - - 6 35,c1b1 f5h4 g2f1 h4f3,1204,78,67,46,crushing endgame pin short,https://lichess.org/TTZUVvIZ#68,,
00Dw8,8/2p1N1p1/3r3p/6k1/3p4/6P1/6KP/3R4 w - - 0 42,h2h4 g5f6,1906,136,100,13,defensiveMove endgame equality oneMove,https://lichess.org/dlF3OKdi#82,,
00Dxh,8/8/8/6R1/2pk2P1/1r3K1P/8/8 w - - 0 48,f3g2 c4c3 g5g7 c3c2,1386,121,69,40,advancedPawn crushing endgame rookEndgame short,https://lichess.org/iUtKfI3K#94,,
00DzI,8/2p5/2P2k1p/2pKp3/3p2P1/3B1p2/7P/8 w - - 0 42,d5c5 f6g5 c5d5 g5f4 h2h4 f4e3,2619,87,83,50,bishopEndgame crushing endgame long,https://lichess.org/5cjWO8nE#82,,
00E4Z,1r4k1/p4p1p/6p1/3rb3/K7/2PpB3/1P1R1PPP/7R w - - 1 25,h1d1 d5d6 b2b4 e5c3 e3c5 d6a6,2290,81,84,161,advantage endgame long master masterVsMaster quietMove,https://lichess.org/YRE2uOtG#48,,
00EBZ,3rr1k1/p4pp1/1pp4p/3pPQ2/1P3P2/2P3qP/P2R2P1/5RK1 w - - 1 24,f1f3 g3e1 g1h2 e1d2,853,98,95,1334,crushing endgame fork short,https://lichess.org/FrMf0UcF#46,,
00EDN,rnbq1rk1/p4ppp/1p2p3/2p5/2QPn3/2P1PN2/P3BPPP/R1B2RK1 w - - 0 11,c1a3 c8a6 c4a6 b8a6,1656,84,76,34,advantage middlegame short,https://lichess.org/clViyZ2d#20,Nimzo-Indian_Defense Nimzo-Indian_Defense_Normal_Variation,
00EEp,3k2q1/pb1p3p/1p1P4/2p5/2P2Q1K/8/P7/5R2 b - - 2 36,b7g2 f4f8 g8f8 f1f8,1607,83,86,55,endgame mate mateIn2 short,https://lichess.org/dWHeDlRz/black#71,,
00EJb,6k1/5pp1/2R1p2p/8/P1B5/1P4P1/1q3Q1P/3r2K1 w - - 1 35,g1g2 d1d2 c6c8 g8h7 c4d3 f7f5 c8c2 d2f2,2281,80,87,436,advantage endgame pin veryLong,https://lichess.org/ki9WEgCM#68,,
00EUu,8/5P1P/1p4K1/8/6P1/8/2p5/k6r b - - 0 62,h1h6 g6h6 c2c1q g4g5 c1c6 h6g7,2611,91,92,2556,crushing defensiveMove endgame long,https://lichess.org/u5HjwjcV/black#123,,
00EXS,r3r1k1/p2Q1p1p/1p2p1p1/8/1P1P4/P3P3/1B2Nb1q/2KR1R2 w - - 0 19,f1h1 f2e3 c1b1 h2e2,1579,85,56,29,advantage discoveredAttack middlegame short,https://lichess.org/CeNY4SjC#36,,
00Ea3,3r4/p5k1/1p1qprnp/1Q1pN1p1/3P1pP1/1PP5/P5PP/4RRK1 b - - 3 29,g6e5 d4e5 d6c5 b5c5 b6c5 e5f6,1356,75,87,364,crushing fork long middlegame,https://lichess.org/6TJRc5H1/black#57,,
00EbJ,r2q1rk1/ppp2ppp/2nbb3/8/6n1/2NPBN2/PPP1BPPP/R2QK2R w KQ - 5 9,f3g5 g4e3 f2e3 d8g5,1203,92,53,73,capturingDefender crushing opening short,https://lichess.org/wlZv7BWx#16,Scandinavian_Defense Scandinavian_Defense_Modern_Variation,
00Ec4,2rq1r1k/p5pp/8/1p1BpPb1/2Pp2Q1/P2P2R1/6PP/R5K1 b - - 3 25,c8c7 g4g5 d8g5 g3g5,829,95,85,341,crushing middlegame short,https://lichess.org/HUFGdjKK/black#49,,
00EgR,N2k3r/1b1n1Bpp/p7/1pb1P3/6P1/4p3/PPP4P/1K1R3R w - - 1 20,e5e6 b7h1 d1d7 d8c8 d7c7 c8b8,1832,75,94,2415,advantage long middlegame,https://lichess.org/PfKZb868#38,,
00EoE,r1b1k3/ppr4p/5p2/5p2/8/2P3P1/P4PP1/4RK1R b q - 1 23,e8f7 h1h7 f7g6 h7c7,974,79,73,60,crushing endgame short skewer,https://lichess.org/25vOJGCF/black#45,,
00Er4,r3k2r/p1bN2pp/2p1pp2/3p3b/3P1q2/2N4P/PPPQ1PP1/R3R1K1 w kq - 0 16,e1e6 e8d7 d2f4 c7f4,1332,75,75,146,crushing hangingPiece middlegame short,https://lichess.org/xukRQ21f#30,Caro-Kann_Defense Caro-Kann_Defense_Other_variations,
00Erm,3r4/6k1/1p1pr1p1/p1p2p2/PnP1p1P1/1P6/3R1PBP/4R1K1 b - - 0 29,b4d3 d2d3 e4d3 e1e6 d3d2 g2f3,1391,76,83,141,crushing defensiveMove endgame long,https://lichess.org/kE9mu3xO/black#57,,
00Evs,5qk1/pQ3pp1/7p/b2N1b2/P3r3/5K2/7P/R4B2 b - - 1 24,g7g5 d5f6 g8h8 f6e4,1066,84,91,951,advantage fork middlegame short,https://lichess.org/ZuufvD5S/black#47,,
00Ezc,rnb1k2r/ppp4p/3b1qp1/3P1pBQ/4p2N/2N5/PPP2PPP/R3R1K1 b kq - 1 13,f6f7 c3e4 f5e4 e1e4,2075,76,90,1179,crushing middlegame short,https://lichess.org/DlEjvVuJ/black#25,Russian_Game Russian_Game_Italian_Variation,
00F2o,6k1/4qpp1/3p3p/8/2BP4/1Pn5/2Qn1PPP/6K1 w - - 0 29,c2c3 e7e1 c4f1 e1f1,980,76,72,120,endgame mate mateIn2 short,https://lichess.org/Xik1cEk4#56,,
00F3S,3r1rk1/5ppp/p5q1/1p1P4/2PpP3/P6Q/B4PPP/2R3K1 b - - 0 29,g6e4 a2b1 e4b1 c1b1,1330,98,85,21,crushing endgame short,https://lichess.org/kCnMPvjO/black#57,,
00F5G,2rqrbk1/pp3ppp/4n3/3p1N2/3NnBQ1/2P4P/PP3PP1/R4RK1 b - - 14 22,e6f4 f5h6 g8h8 h6f7,1500,88,75,41,crushing deflection kingsideAttack middlegame pin short,https://lichess.org/HLNR4ZJ8/black#43,,
00F6y,2k3r1/ppp2prp/1q2b3/8/Q7/2P1R1P1/P4P1P/4R1K1 b - - 3 23,e6d7 e3e8 d7e8 e1e8 g8e8 a4e8,809,96,92,744,long mate mateIn3 middlegame queensideAttack sacrifice,https://lichess.org/Hii0fRVd/black#45,,
00FF5,r3k3/ppp1qp2/1b1p3p/4p2r/2B1P1b1/P1PP1P2/1P4PQ/RN3R1K b q - 2 18,e7h4 c4f7 e8e7 f7h5,1944,77,92,4149,attackingF2F7 crushing middlegame short,https://lichess.org/YBDgjNpz/black#35,Italian_Game Italian_Game_Giuoco_Pianissimo,
00FHO,8/1pp5/p2p3p/3P1Pk1/P3K1P1/1P5R/8/2r5 w - - 1 39,e4f3 c1c3 f3g2 c3h3 g2h3 h6h5 g4h5 g5h5,2234,106,66,24,crushing endgame rookEndgame veryLong,https://lichess.org/0KBMAMQh#76,,
00FHX,2r3k1/5p1p/4pP2/3p3P/8/5P2/p1b3P1/2R3K1 b - - 0 30,c2b1 c1c8,532,94,84,714,endgame hangingPiece mate mateIn1 oneMove,https://lichess.org/rztVgThB/black#59,,
00FOM,8/5k2/8/3pPPB1/1p4K1/1b6/8/8 b - - 0 45,b3d1 g4h4 d1a4 e5e6,2585,89,71,161,bishopEndgame crushing defensiveMove endgame short,https://lichess.org/9wp9pR0Q/black#89,,
00FON,1k6/8/8/6p1/1pp5/p4PP1/N1P4P/7K w - - 0 38,h2h4 b4b3 c2b3 c4b3,865,77,94,1710,crushing endgame knightEndgame short,https://lichess.org/D9f2JIE8#74,,
00FPo,7R/1K3p2/6k1/PP4p1/8/6rp/8/8 b - - 2 47,g5g4 a5a6 h3h2 h8h2,1728,77,93,4430,crushing endgame rookEndgame short,https://lichess.org/6C03NLdu/black#93,,
00FjB,rnbk3r/pppp1Bpp/8/5p2/4p3/2PP4/P1P2PPP/R1B1K2R b KQ - 0 13,h8f8 c1g5,885,146,59,168,doubleBishopMate mate mateIn1 middlegame oneMove,https://lichess.org/r1BPO2dx/black#25,Bishops_Opening Bishops_Opening_Boden-Kieseritzky_Gambit,
00Fyu,r7/p1qbppbk/2p3p1/2pp4/4PP2/1P1P1N2/P1P3PP/3Q1RK1 b - - 2 16,d7g4 f3g5 h7g8 d1g4,977,245,-100,4,advantage discoveredAttack middlegame short,https://lichess.org/kjeZtnnv/black#31,Bird_Opening Bird_Opening_Dutch_Variation,
00G0z,Q4n1k/p2b2pp/3b4/2p5/4pq2/2Pn3P/PP1NBPP1/R1B2RK1 w - - 1 23,d2e4 f4h2,1339,93,29,53,mate mateIn1 middlegame oneMove,https://lichess.org/5yn9tO6O#44,,
00G1l,5k2/1R6/3pp1P1/2p5/1pr1PK2/5P2/8/8 b - - 0 60,c4c1 f4g5 c1g1 g5f6,1899,74,89,180,crushing defensiveMove endgame rookEndgame short,https://lichess.org/IWYBiMcT/black#119,,
00G7g,3r1rk1/p4pp1/b1p4p/8/BPPq4/P2P3P/2Q3P1/RNB4K b - - 2 27,d4a1 c1b2 a1b2 c2b2,1287,75,93,363,advantage middlegame short,https://lichess.org/Gbq7pxMD/black#53,,
00GAf,r5k1/5pp1/1p1rb2p/3pR2q/p1pP4/P1P3Q1/5PPN/4R1K1 b - - 1 30,h5g6 g3g6 f7g6 e5e6 d6e6 e1e6,1328,75,75,243,crushing long middlegame,https://lichess.org/DJ3edB5i/black#59,,
00GBV,3r1rk1/pp2n1pp/8/8/Nq6/1PB5/P3QPPP/4R1K1 b - - 1 25,b4d6 e2e7 d6e7 e1e7,1482,76,86,301,advantage middlegame short,https://lichess.org/MksLS6CR/black#49,,
00GBX,r6k/pp2n1pp/2nN4/4p1Br/1PB5/2P4b/P3Nb1P/R2R3K b - - 1 22,h5g5 d6f7 h8g8 f7g5,894,122,100,34,advantage discoveredAttack fork middlegame short,https://lichess.org/1YLxwOt0/black#43,,
00GHw,r1bq1r2/1p4kp/4p1p1/1NpPp1P1/2P1P3/pPQ4B/P4n2/2KR3R b - - 1 21,f2h1 c3e5 g7g8 d5e6 d8e7 d1h1 e7g7 e5g7,2496,108,90,306,advantage middlegame veryLong,https://lichess.org/VU9ATvfr/black#41,,
00GRa,1r3rk1/2p1Nppb/p2nq3/1p2p1Pp/4Qn1P/2P1N3/PPB2P1K/3R2R1 b - - 5 28,e6e7 e4h7,465,96,95,817,kingsideAttack mate mateIn1 middlegame oneMove,https://lichess.org/QiJhfG8J/black#55,,
00GVf,2b2k2/6q1/pn4p1/1rp2p2/8/8/1P2Q1P1/1K2R2R b - - 3 32,c8d7 h1h8 g7h8 e2e7 f8g8 e7d8,1446,75,96,5896,crushing exposedKing long middlegame sacrifice,https://lichess.org/sTFSNjA5/black#63,,
00GWg,1r1r2k1/pp4pp/2nNb3/2R2p2/2P1p3/8/P4PPP/3BR1K1 w - - 1 26,d6b7 b8b7 c5c6 b7b1 g1f1 d8d1 e1d1 b1d1 f1e2 e6d7,2226,78,90,930,crushing middlegame veryLong,https://lichess.org/M7Dta3mv#50,,
00GY4,3k2r1/pR5R/3r4/4p1q1/7Q/3Pn1PP/PP5K/8 b - - 0 27,g5h4 b7b8,1205,85,100,46,endgame mate mateIn1 oneMove,https://lichess.org/uDdpetkC/black#53,,
00GYk,1r4k1/p3p1bp/1n3qp1/6B1/6Q1/1P4pP/P5B1/3R3K b - - 0 29,f6e5 g5f4 e5f4 g4f4,1697,76,69,57,crushing master middlegame short,https://lichess.org/YCWBuQpY/black#57,,
00GcF,6r1/1p1bRk2/p2q1n1r/3p4/3Q4/1P1B3P/P1P2PP1/4R1K1 b - - 4 27,d6e7 e1e7 f7e7 d4e3 e7f7 e3h6,1804,75,93,5280,advantage attraction exposedKing fork long middlegame,https://lichess.org/vZo2lFXq/black#53,,
00Gt0,R7/4k3/5p2/3p2p1/4b2p/2K1P2P/5PP1/8 w - - 2 47,f2f3 d5d4 c3d4 e4a8,1052,79,83,105,crushing discoveredAttack endgame master short,https://lichess.org/5OO7Wczb#92,,
00GuD,1n5k/4r1p1/p2q1rPp/1ppB4/8/3P4/PPP1RPQ1/2K4R b - - 4 25,e7e2 h1h6 g7h6 g6g7 h8h7 g7g8q,1185,75,100,239,advancedPawn kingsideAttack long mate mateIn3 middlegame promotion sacrifice,https://lichess.org/zcHeWRaO/black#49,,
00GuG,2R5/7p/1K4k1/8/5p2/5n2/8/8 w - - 0 63,c8c6 g6f5 b6c5 h7h5,2382,104,90,1166,advantage defensiveMove endgame master short,https://lichess.org/6xU6SaA2#124,,
00Gvr,8/1b3pp1/1k4Pp/4K2P/4PP2/8/8/8 b - - 0 46,f7f6 e5e6 b7e4 e6f7,1179,75,89,2758,advantage bishopEndgame defensiveMove endgame master short,https://lichess.org/tHhRpYsL/black#91,,
00Gz6,r7/p3qkp1/1p4p1/3Nn3/Q7/4PP2/PP3K2/6R1 b - - 0 25,e7c5 a4f4 f7e6 f4e4 a8f8 g1g6,2701,100,91,832,crushing endgame fork long pin,https://lichess.org/F80hPRFE/black#49,,
00H1C,r3r3/1kpRnqpp/p4p2/Qp2P2P/1N6/4Pb2/PPP3P1/2K2R2 b - - 0 22,e7c6 a5c7,1528,76,90,1151,mate mateIn1 middlegame oneMove,https://lichess.org/GzcjOw0p/black#43,,
00H2I,4rrk1/ppp2pp1/7p/3n4/3P3q/1P2p2P/P5P1/R1BQRBK1 w - - 2 23,c1b2 h4f2 g1h2 f2b2,2033,77,87,43,crushing fork middlegame short,https://lichess.org/cCjO5vXk#44,,
00H2L,8/8/2p2p2/p4P1p/Pk5P/4K1P1/8/8 w - - 1 39,e3d3 c6c5 d3e2 c5c4 g3g4 h5g4,2598,82,90,287,crushing endgame long pawnEndgame quietMove,https://lichess.org/UMoEkwn0#76,,
00H5n,8/5Rpk/3p3p/p1qPp3/P3n3/5N1P/1Q3PPK/2r5 b - - 0 35,e4f2 b2b7 c1h1 h2g3 f2e4 g3g4 e4f6 f7f6 c5b4 b7b4,2463,84,87,238,advantage endgame pin quietMove veryLong,https://lichess.org/84oSZ8O3/black#69,,
00H87,6k1/2q1pp2/p5pB/2p4n/3pP1Q1/P2P3P/1r4P1/5RK1 b - - 1 30,c7g3 g4c8 g8h7 f1f7 h5g7 f7g7 h7h6 c8h8 h6g5 g7g6 g5g6 h8g8 g6f6 g8g3,1958,76,88,410,attraction crushing deflection endgame sacrifice skewer veryLong,https://lichess.org/hQEAqclb/black#59,,
00H8a,5bk1/2R4p/6p1/8/2b1NP1P/4P1K1/r7/8 b - - 2 45,c4d3 e4f6 g8h8 c7h7,762,108,100,36,arabianMate endgame mate mateIn2 short,https://lichess.org/7UUQgJDC/black#89,,
00H9n,7k/6p1/8/4p3/Pp1b4/1P3b1q/3Q2P1/5RK1 w - - 0 45,d2d4 h3g2,878,76,90,297,endgame mate mateIn1 oneMove,https://lichess.org/MaGCLflH#88,,
00HEh,3R1rk1/pp3ppp/2p3b1/2n3P1/2B2q1P/5N2/PPP1QP2/4R1K1 b - - 0 23,f8d8 e2e8 d8e8 e1e8,814,86,90,436,kingsideAttack mate mateIn2 middlegame sacrifice short,https://lichess.org/ekEf00kl/black#45,,
00HEx,b7/5pk1/R3pn1p/8/3NP3/5P2/6PP/2rB2K1 w - - 1 31,a6a8 c1d1 g1f2 d1d4,850,76,97,903,crushing endgame fork hangingPiece short,https://lichess.org/Kl5pBLfs#60,,
00HGG,8/pp6/2p1kpp1/3p4/3P1PPp/1P3K2/P1P4P/8 w - - 0 31,g4g5 f6g5 f3g4 g5f4 g4f4 e6f6,1666,75,82,125,crushing defensiveMove endgame long pawnEndgame,https://lichess.org/JyqJknFl#60,,
00HHN,4r2k/p6p/1p3R2/2p5/2P5/1P4R1/r5PP/2K5 w - - 0 32,f6f7 e8e1,491,85,98,577,endgame mate mateIn1 oneMove rookEndgame,https://lichess.org/tMmxk7ja#62,,
00HIV,8/8/1p1k1n1p/4p3/1PP2pp1/3K4/3N1PPP/8 b - - 3 37,h6h5 d2e4 f6e4 d3e4,730,79,100,203,crushing endgame knightEndgame short,https://lichess.org/1mef1VFJ/black#73,,
00HPz,6r1/7p/2pk1p2/P2p4/P2KbP2/4P3/4NR1P/8 w - - 1 35,e2c3 c6c5,681,85,95,569,endgame mate mateIn1 oneMove,https://lichess.org/ElfQqRYp#68,,
00HSV,r2q1kr1/ppp2p1p/2n5/8/3P4/P2BP1N1/1P1Q1PbP/R3K2R w KQ - 0 17,d3h7 g8g3 f2g3 g2h1,1853,77,73,59,advantage middlegame short,https://lichess.org/RldMoyAB#32,Queens_Gambit_Declined Queens_Gambit_Declined_Queens_Knight_Variation,
00HVU,r2qkb1r/ppp1pppp/8/3p3Q/3n1P2/3B3P/PPP2PP1/RN2K2R b KQkq - 1 9,g7g6 h5e5 d4f3 g2f3,1621,74,91,1693,advantage fork middlegame short,https://lichess.org/SHbaicFX/black#17,Indian_Defense Indian_Defense_Other_variations,
00HZC,4r1k1/pp1qn3/2p4R/6p1/3P1rR1/3Q2P1/PP3P1P/6K1 b - - 0 31,f4g4 d3h7 g8f8 h6f6,1541,76,61,129,endgame mate mateIn2 short,https://lichess.org/SPwu7cIA/black#61,,
00HZa,6k1/6pp/1p6/p1n5/4qp2/1P2PN2/P4PPP/3Q2K1 b - - 0 28,f4e3 d1d8 g8f7 f3g5 f7g6 g5e4,944,83,87,331,crushing endgame fork long,https://lichess.org/WRMbDs53/black#55,,
00HeG,8/1p5k/p3pQq1/3pP3/2p3P1/2P5/PP6/2K5 w - - 3 33,f6h4 g6h6 h4h6 h7h6,790,97,95,278,crushing endgame queenEndgame short,https://lichess.org/Fe29uA9P#64,,
00HnR,q5kr/p4p2/3Bb1p1/4p2p/5n2/2P5/P1Q2PPP/3R1RK1 w - - 4 21,d6e5 a8g2,755,82,100,66,mate mateIn1 middlegame oneMove,https://lichess.org/Iva57KFW#40,,
00HoG,5r1k/5r2/2b2RQp/1p1p2p1/1q4P1/8/8/1B3R1K b - - 0 36,f7f6 g6h7,1489,78,94,3038,mate mateIn1 middlegame oneMove,https://lichess.org/zwJu9mKP/black#71,,
00Htd,rnbqk2r/1p3ppp/p4b2/2Pp4/8/2N2N2/PP2PPPP/R2QKB1R w KQkq - 0 9,d1d5 f6c3 b2c3 d8d5,987,85,93,1009,crushing intermezzo opening short,https://lichess.org/ZWQwqa9S#16,Tarrasch_Defense Tarrasch_Defense_Two_Knights_Variation,
00Hxb,1rbr1k2/p4ppp/2B5/2pR1NP1/2P5/P7/7P/4R1K1 b - - 0 27,d8d5 e1e8,1126,80,83,1101,endgame mate mateIn1 oneMove,https://lichess.org/FW9LwaHK/black#53,,
00HzH,2r2Qk1/p2q2p1/1p2p1Np/3p3P/3Pb1P1/2P5/PP3R2/6K1 b - - 4 33,c8f8 f2f8 g8h7 f8h8,800,83,90,354,endgame hookMate mate mateIn2 short,https://lichess.org/XB8lgZ9N/black#65,,
00HzX,4r1k1/5pp1/2R4p/1p6/8/1PP3QP/2q2PP1/6K1 w - - 0 29,c6h6 c2c1 g1h2 c1h6,1616,74,94,1100,crushing endgame fork short,https://lichess.org/tKKATkce#56,,
00ICz,2k2rr1/1p1q3p/1p2p3/1NbpQ3/P1p2P2/6P1/6KP/R4R2 b - - 0 31,f8f5 b5a7 c8d8 e5b8 d8e7 b8g8,1203,75,98,2298,crushing long middlegame skewer,https://lichess.org/aGEDdbh2/black#61,,
00IDw,4r3/pN3kpp/2N1b3/2R5/5b2/P7/1P3PPP/7K w - - 1 30,g2g3 e6h3 c5c1 f4c1,1875,75,86,148,advantage endgame quietMove short,https://lichess.org/KmTVU8Fo#58,,
00IF1,1k6/p1p5/P2p4/3P4/1PK2N1p/4P3/5r2/4B3 b - - 12 57,f2f4 e3f4 h4h3 e1g3,1229,78,92,516,crushing defensiveMove endgame hangingPiece short,https://lichess.org/bX3dAdx9/black#113,,
00IF7,b3k2r/4bpp1/2q1p2p/1p1nP3/1Pp1N3/2P5/2B2PPP/2BQR1K1 w k - 0 19,c1e3 d5c3 d1g4 c3e4,1652,80,64,35,crushing middlegame short,https://lichess.org/7PRHzjIO#36,Sicilian_Defense Sicilian_Defense_Old_Sicilian,
00IFk,r1b4r/ppk2ppp/2p5/3n2B1/2P5/6P1/P1P1B2P/2KR3R b - - 0 16,d5c3 g5f4 c7b6 c4c5 b6c5 f4e3,2122,76,85,117,attraction crushing long middlegame,https://lichess.org/aDBJY27j/black#31,Philidor_Defense Philidor_Defense_Lion_Variation,
00IHi,8/4R3/1k6/8/p7/1p1N2P1/5KP1/r7 w - - 0 55,e7e1 a1e1 f2e1 a4a3 e1d2 a3a2 d2c3 a2a1q,1821,75,96,1397,advancedPawn crushing endgame promotion veryLong,https://lichess.org/DiBepPdz#108,,
00IPp,4Q3/6pk/p3p2p/5p2/1p1P2P1/4q2P/2B1n2B/7K w - - 0 35,g4f5 e3f3,1597,88,88,1904,endgame mate mateIn1 oneMove,https://lichess.org/JKNcTJw1#68,,
00ISm,5r2/4bp1k/2ppq1p1/4p1Q1/4N2P/3P4/1P1R1P2/4K1R1 b - - 0 29,e7g5 e4g5 h7h6 g5e6,907,88,84,84,crushing endgame fork short,https://lichess.org/Nx7iGvHH/black#57,,
00ITc,3r1rk1/3b1pp1/7p/8/N2Qp1n1/1P6/PB1q1PP1/R5K1 b - - 1 25,d7a4 d4g7,922,80,88,119,mate mateIn1 middlegame oneMove,https://lichess.org/tGroDLV4/black#49,,
00IUT,1r2r1k1/ppp1q1pp/4b3/4P3/1Q1p1P2/8/P5PP/R1BR2K1 w - - 6 19,d1d4 c7c5 b4a3 c5d4 a3e7 e8e7,1496,74,95,21722,crushing fork long middlegame,https://lichess.org/93xXeKdX#36,Italian_Game Italian_Game_Classical_Variation,
00IYH,rnbq1rk1/ppp2pp1/3p1n1p/2b1p2N/2B1P3/3P4/PPP2PPP/RNBQ1RK1 b - - 2 7,c8g4 h5f6 d8f6 d1g4,1021,82,93,2252,advantage kingsideAttack opening short,https://lichess.org/D9n0j4f5/black#13,Kings_Pawn_Game Kings_Pawn_Game_Alapin_Opening,
00IaZ,4R3/1k2R3/3K2p1/1P6/1P6/2rp3r/8/8 b - - 3 45,b7b6 e8b8,925,83,83,426,endgame master mate mateIn1 oneMove rookEndgame,https://lichess.org/MA0bo8dV/black#89,,
00IiM,r5k1/pp4p1/1n6/3pB3/3P2pb/2NQ1r2/PP6/2K3R1 w - - 2 24,d3f3 g4f3 g1g7 g8f8,1573,76,92,2523,advantage middlegame short,https://lichess.org/qzEITbaG#46,,
00In2,8/b2r1p1k/5Qp1/1p5p/4p3/1P1q3P/5PP1/2B2RK1 b - - 13 38,d3b3 c1b2 b3b2 f6b2,1653,75,94,9477,advantage endgame quietMove short,https://lichess.org/Ut09PlkM/black#75,,
00IpT,r1bk3r/ppp1n2p/3pNQ2/8/2BpP2p/8/PPPq2PP/R5K1 b - - 2 21,d8d7 f6h8 d7c6 h8e8,2084,134,79,14,crushing hangingPiece middlegame short,https://lichess.org/pxYUaQJx/black#41,,
00Ivf,8/2p4r/1p3k2/p2Pp1p1/P1P1RpP1/1P3P1r/4R1K1/8 w - - 7 46,e4e5 h3h2 g2f1 h2h1 f1f2 h7h2,1658,75,89,181,endgame long mate mateIn3 rookEndgame,https://lichess.org/VX0fLjAC#90,,
00J1Y,1q3r2/p5k1/1p2pbpp/2p2p2/2P1N3/2P2PQP/PP3P2/6RK b - - 2 29,f5e4 g3g6 g7h8 g6h6,1263,74,100,379,deflection endgame mate mateIn2 short,https://lichess.org/8onUzszE/black#57,,
00J1t,r1qr3k/pp3pB1/1np1pb2/8/3P3P/2N2PR1/PP1Q2P1/2KR4 b - - 0 22,f6g7 d2g5 d8g8 g5h5 g7h6 h5h6,1638,73,97,10319,exposedKing kingsideAttack long mate mateIn3 middlegame,https://lichess.org/77hjhVfM/black#43,,
00J5r,r4rk1/1p4p1/p1p1n1Pp/q3p3/4P3/2N1QP2/PPP5/2KR3R w - - 0 21,h1h6 g7h6 e3h6 a5c7,2111,75,85,98,crushing defensiveMove middlegame short,https://lichess.org/1DzEGAx8#40,,
00J7i,3r2k1/pQ3ppp/4R1n1/2q5/2P5/2B3P1/P4PBP/6K1 b - - 0 24,f7e6 b7g7,1002,100,69,43,endgame master masterVsMaster mate mateIn1 oneMove,https://lichess.org/nBfwpOrE/black#47,,
00JFF,4r1k1/ppqb3p/6B1/3pb2Q/8/2P5/PP1B2PP/5RK1 b - - 0 20,h7g6 h5g6 e5g7 f1f7 c7c5 g1h1 c5f8 f7f8,2128,126,85,25,crushing middlegame pin veryLong,https://lichess.org/e986oDw6/black#39,,
00JO7,5rk1/ppq3pR/4p1r1/3p4/8/2P4Q/PP3RPP/6K1 b - - 0 22,c7c5 h7h8,989,77,89,74,endgame mate mateIn1 oneMove,https://lichess.org/Vd3DWn3Y/black#43,,
00JQS,5r1k/pb3Qpp/2p5/5p2/3P4/8/PPP2PPP/4R1K1 b - - 0 21,f8f7 e1e8 f7f8 e8f8,583,93,76,624,backRankMate endgame mate mateIn2 short,https://lichess.org/jB9KjawU/black#41,,
00JS1,2r5/1p2k1pp/4p3/1N3p2/5P2/P2nP3/1R4PP/6K1 w - - 0 24,b2d2 c8c1 d2d1 c1d1,583,102,77,678,endgame mate mateIn2 short,https://lichess.org/ROJJOhHY#46,,
00JYV,r2q1rk1/p1p1bppp/2pp1nb1/4p3/4P1PN/2NP3P/PPP2PK1/R1BQ1R2 b - - 4 11,f6e4 h4g6 e4c3 g6e7 d8e7 b2c3,1673,73,96,11545,advantage kingsideAttack long opening,https://lichess.org/rJrzfvfs/black#21,Ruy_Lopez Ruy_Lopez_Steinitz_Defense,
00JZk,7k/1q5p/3Q2p1/8/P3p3/1p2B2P/1br3P1/R5K1 b - - 0 32,b7f7 a1f1 f7f1 g1f1,2120,73,92,1675,crushing endgame short,https://lichess.org/YuyVHFxe/black#63,,
00JaW,8/r7/Pk5p/3R2p1/4p1P1/4P3/3K4/8 b - - 0 48,a7a6 d5d6 b6a5 d6a6 a5a6 d2c3 a6b7 c3d4,1082,79,88,198,crushing endgame exposedKing rookEndgame veryLong,https://lichess.org/K2MPI0zt/black#95,,
00JtR,1rbk3r/3qp1b1/p3p1Bp/1N1P2p1/8/P5P1/1P2Q1P1/R3K2R w KQ - 2 23,d5e6 d7b5 e2d2 d8c7 a1c1 c7b7 g6e4 b7a7,2150,76,92,1832,crushing defensiveMove middlegame veryLong,https://lichess.org/eQy3tkuB#44,,
00JzT,8/7p/6pK/5p2/4p3/1k4P1/5P1P/8 w - - 2 44,h6h7 g6g5 g3g4 f5f4,1646,77,79,76,crushing defensiveMove endgame pawnEndgame quietMove short,https://lichess.org/Zk86Dja7#86,,
00K0G,8/8/8/2Pk4/pK4p1/3N4/5P2/3b4 b - - 7 59,d1e2 d3f4 d5c6 f4e2,779,86,80,82,crushing endgame fork master short,https://lichess.org/xIDctz9w/black#117,,
00K48,6Qk/6pp/p2B4/2pP4/P1q5/6P1/2P1p2P/5RK1 b - - 0 26,h8g8 f1f8,537,83,100,94,endgame mate mateIn1 oneMove,https://lichess.org/vGu9FCAH/black#51,,
00K8j,r2q2kr/p4pp1/4b2p/n1Qn4/5B2/4P3/PP3PPP/2KR1BNR w - - 1 14,f4c7 d8c7 c5c7 d5c7,1440,74,87,202,advantage opening short,https://lichess.org/AiNXhpcc#26,Queens_Gambit_Declined Queens_Gambit_Declined_Queens_Knight_Variation,
00KMV,1r3k2/1p1q1p2/p2p1np1/2pP2bp/2P1P1n1/1PQ3P1/P3N1K1/3N1R1R b - - 11 28,f6e4 c3h8 f8e7 h8b8,1017,84,93,2600,crushing middlegame short skewer,https://lichess.org/zMA7YEmv/black#55,,
00KNB,2rr2k1/5p2/4p2p/4N1pQ/1p3P2/4P3/np3P1P/2q2BRK b - - 1 32,c8c7 h5h6 b2b1q h6g5,2543,110,89,418,crushing kingsideAttack master middlegame pin short,https://lichess.org/Ri0duT8T/black#63,,
00KO5,2r2rk1/3p1ppp/p3p3/1p2q3/6P1/3Q4/PP5P/1K2RR2 b - - 0 22,e5h2 f1h1 h2c2 d3c2 c8c2 b1c2,1360,74,87,130,advantage endgame long,https://lichess.org/jUnUTglG/black#43,,
00KOz,8/r4k2/7R/5PK1/1n6/8/8/8 b - - 3 56,b4d5 h6h7 f7f8 h7a7,952,80,95,1038,crushing endgame master short skewer,https://lichess.org/QVprMNzR/black#111,,
00KSB,r7/4kpRp/2p2p1P/p1P1n3/Pp6/1B6/5PP1/6K1 b - - 2 35,a8h8 f2f4 e5d7 g7f7,1451,75,94,6784,crushing endgame short,https://lichess.org/GqvPZnmI/black#69,,
00KUa,r1bk1bnr/pppp1Bpp/8/3Nq3/3nP3/3P4/PPP2PPP/R1BQK2R b KQ - 0 8,g8f6 c1f4 e5f4 d5f4,1555,161,-100,11,crushing opening short trappedPiece,https://lichess.org/QBzgVaj1/black#15,Italian_Game Italian_Game_Blackburne-Kostic_Gambit,
00KVF,4r1k1/p4ppp/bqp2n2/2Qp4/3P4/8/PP3PPP/RNB1N1K1 w - - 1 16,c5c3 b6b5 e1d3 b5d3,2304,82,81,68,crushing middlegame short,https://lichess.org/KXFidiSb#30,Sicilian_Defense Sicilian_Defense_Old_Sicilian,
00KVO,4r3/p1R3p1/4r2p/3k1n2/3p4/P5B1/1P4PP/4R1K1 w - - 2 28,c7a7 e6e1 g3e1 e8e1,837,93,75,50,crushing endgame short,https://lichess.org/4wKfUa8h#54,,
00KVb,2k2r2/pp5p/3p4/3Nb1p1/8/1P1P3P/P1Pn4/1K1R1R2 w - - 3 28,d1d2 f8f1 d2d1 f1d1,579,96,71,150,endgame hangingPiece mate mateIn2 short,https://lichess.org/tzIW1ZLM#54,,
00KYC,5rk1/p6p/2r1pBp1/4P3/2b5/3p4/P4PPP/1R2R1K1 w - - 0 27,b1b7 f8f6 e5f6 d3d2 e1d1 c4e2,2268,82,83,48,advancedPawn clearance crushing endgame long master sacrifice,https://lichess.org/wxhreSsZ#52,,
00KYE,r1b2k1r/pp4p1/2pq2p1/3p4/3p4/1N6/PPP2PPP/R2Q1RK1 w - - 0 17,d1d4 d6h2,920,102,86,182,kingsideAttack mate mateIn1 middlegame oneMove,https://lichess.org/IOpSkMQi#32,Italian_Game Italian_Game_Scotch_Gambit,
00Kbj,8/8/6p1/PR3p2/1P3k2/7P/r5P1/7K w - - 1 39,h3h4 f4g3 b5d5 a2a1 d5d1 a1d1,1451,74,94,15570,endgame long mate mateIn3 rookEndgame,https://lichess.org/PW8a1JvE#76,,
00Kd8,3R4/3P4/8/5p2/5kPp/8/3r1KP1/8 w - - 1 64,f2g1 f4g3 g1f1 f5g4,2139,75,79,266,advantage endgame rookEndgame short,https://lichess.org/loJK0sJF#126,,
00Keu,R7/1p3kp1/2pK3p/3p1PP1/1r1B2nP/8/1P6/8 b - - 2 39,b4d4 g5g6 f7f6 a8f8,904,83,94,1365,endgame mate mateIn2 short,https://lichess.org/hCWa2OUn/black#77,,
00KgR,5r1k/1pq3p1/2p2P1p/3pPQ2/1p1P4/7P/1rB4K/5R2 b - - 1 35,f8f6 f5h7,1124,197,100,7,endgame mate mateIn1 oneMove,https://lichess.org/8f0kmTFT/black#69,,
00KhM,5rk1/5ppp/1R6/3Qp3/2B1P3/2q3P1/3R1PKP/1r6 b - - 0 27,b1b6 d5f7 f8f7 d2d8,1360,95,78,36,clearance endgame mate mateIn2 pin sacrifice short,https://lichess.org/o5Jg9MLX/black#53,,
00Knu,r2q1rk1/p3bpp1/2pp1nb1/4p1Q1/8/1B3N1P/PPP3P1/R1B2RK1 b - - 0 18,f6e4 g5g6 d8b6 g1h2,1864,77,81,78,advantage defensiveMove opening pin short,https://lichess.org/ICZqsNVs/black#35,Czech_Defense Czech_Defense_Other_variations,
00Kq4,r2qk3/5p1r/p1p1p3/1p1pP1p1/P1nP2Pn/2P2NB1/2P2P2/R1QR2K1 w q - 1 21,f3g5 d8g5 c1g5 h4f3 g1g2 f3g5,1354,75,81,540,advantage attraction fork long middlegame sacrifice,https://lichess.org/o4K7aQsT#40,,
00L4x,1r4k1/4Ppbp/p5p1/2q5/p2n4/P2Q2B1/r2N1PPP/3KR2R b - - 0 27,g7h6 e7e8q b8e8 e1e8,1278,74,90,2621,advancedPawn crushing kingsideAttack middlegame promotion short,https://lichess.org/kQUg1Hn3/black#53,,
00L84,6k1/5pp1/7p/2p5/2P5/2rp2PP/PR3P2/5K2 w - - 0 37,b2b3 c3c1 f1g2 d3d2,976,81,92,587,advancedPawn crushing endgame rookEndgame short,https://lichess.org/ZX4yckwu#72,,
00LBF,3r2k1/1b2qpb1/pp4p1/3rp3/3R2P1/2P2NBP/PP2Q2K/3R4 b - - 0 33,e7d7 d4d5 b7d5 c3c4,2188,79,82,59,advantage master middlegame short,https://lichess.org/HG0KKbWc/black#65,,
00LG5,6k1/5r1p/4b1pQ/5q2/3B3P/2P5/6P1/4R1K1 w - - 7 36,e1e2 f5f1 g1h2 f1e2,1135,76,71,152,advantage endgame fork short,https://lichess.org/H1PJMeLA#70,,
00LH7,6k1/6Bp/6pP/3q1p2/p2PnQ2/2r5/P5PK/4R3 b - - 1 39,d5d6 e1e4 d6f4 e4f4,1590,76,94,5393,crushing endgame short,https://lichess.org/7mA63Gfs/black#77,,
00LI0,r2qk2r/pp1n1ppp/4pn2/3p2B1/1b1P4/2N1QN1P/PPb1BPP1/R4RK1 w kq - 0 12,c3d5 f6d5 g5d8 d5e3,1360,80,74,61,crushing hangingPiece middlegame short,https://lichess.org/sUoFIFQT#22,Caro-Kann_Defense Caro-Kann_Defense_Exchange_Variation,
00LII,2k4r/pp6/3p4/2pBb3/4P2B/2P2bp1/PP1R4/R5K1 w - - 1 32,d2g2 h8h4 a1f1 f3g2,1634,78,85,58,advantage hangingPiece middlegame short,https://lichess.org/0PFmmeVw#62,,
00LMb,8/8/1n4kP/1P3p2/3P1K2/2p1N3/8/8 w - - 4 49,f4e5 b6c4 e3c4 c3c2,1760,84,77,47,advancedPawn crushing endgame knightEndgame sacrifice short,https://lichess.org/8fplizkC#96,,
00LNB,kr6/1pR4p/p4R2/n2r4/P3p3/4B3/6PP/6K1 b - - 0 38,d5d3 f6a6 b7a6 c7a7,1057,77,97,1960,endgame mate mateIn2 sacrifice short,https://lichess.org/MQYDGoEM/black#75,,
00LO6,2r3k1/3q1pp1/1rp5/2Rn2Np/1p1N3n/1Q2P3/5PP1/2R3K1 w - - 0 33,c5d5 c6d5 c1c8 d7c8,1615,75,88,73,advantage middlegame short,https://lichess.org/X0I5NJuv#64,,
00LOy,5k2/1p3pp1/p3pb2/r7/2P2B2/1P6/1PR1K1PP/8 b - - 0 33,f6e5 b3b4 a5a1 f4e5,1641,75,94,12199,crushing endgame short,https://lichess.org/dq3UiVvj/black#65,,
00LRq,1k6/1p1q4/P2p3p/1NpPpn1Q/5b2/2P3r1/1P2B1P1/R6K b - - 3 28,g3g7 a6a7 b8a8 b5c7 d7c7 h5e8 c7b8 a7b8q,2352,79,91,1376,advancedPawn doubleCheck mate mateIn4 middlegame promotion queensideAttack sacrifice veryLong,https://lichess.org/i9yxFCW9/black#55,,
00LRv,5r1k/7p/p2pB3/3Pb1p1/4p2q/1P2B3/P1Q2P2/2R3K1 w - - 0 31,f2f4 h4g3 g1h1 g3f3 c2g2 f3e3,2420,91,70,65,crushing exposedKing fork long middlegame,https://lichess.org/AebpnUup#60,,
00LSv,3r3k/1p4pp/2p3q1/8/3Q4/8/PP4rP/R4R1K b - - 1 28,g2g1 d4g1 g6e4 g1g2,1703,74,91,624,advantage endgame short,https://lichess.org/EfV2OOTd/black#55,,
00LXD,8/p7/1p2k1pp/5p2/3P1P2/4K3/PP5P/8 w - - 2 37,a2a4 g6g5 f4g5 h6g5,2357,82,26,49,advantage endgame pawnEndgame short,https://lichess.org/aSmBXG8T#72,,
00LZf,r1b1kb1r/pppp1ppp/2n1p3/3nN3/3P2q1/4B3/PPP1BPPP/RN1Q1RK1 b kq - 9 8,d5e3 f2e3 g4g5 e5f7 g5e3 g1h1,2184,90,25,33,advantage attackingF2F7 fork long opening,https://lichess.org/sVgQxr8Q/black#15,French_Defense French_Defense_Normal_Variation,
00LZl,r2qkb1r/ppp2ppp/2n5/3pPb2/3n1B2/2NB1N2/PP3PPP/R2QK2R b KQkq - 3 9,f8b4 f3d4 c6d4 d1a4 d4c6 d3f5,2059,76,93,5096,advantage deflection fork long opening,https://lichess.org/jBb2kj01/black#17,Kings_Pawn_Game Kings_Pawn_Game_Macleod_Attack,
00LdT,r5k1/pbp2ppp/6q1/2pp4/3B3r/2P1R1P1/PP2QP1P/R5K1 b - - 1 20,c5d4 e3e8 a8e8 e2e8,590,90,80,152,kingsideAttack mate mateIn2 middlegame short,https://lichess.org/MH7zaBHa/black#39,,
00Lhb,2n4k/p3b2p/Pp6/1PpPp3/2B1PpP1/1P6/5BK1/8 b - - 0 33,c8d6 f2c5 b6c5 b5b6 a7b6 a6a7,1774,91,89,37,advancedPawn advantage endgame long sacrifice,https://lichess.org/PN1IyrE7/black#65,,
00Lo9,5k2/8/4p3/3p2p1/p1pQ2P1/P1P2q2/1PB5/7K w - - 0 42,h1h2 f3e2 h2g3 e2c2,1414,237,100,9,endgame equality fork short,https://lichess.org/oAKhM88Y#82,,
00LoE,2k5/1p4p1/p4b2/3p4/3P4/2PQN3/PP3q2/1K6 w - - 0 37,e3d5 f2g1 b1c2 g1g2,1853,74,46,118,crushing endgame short,https://lichess.org/bDt5hp3w#72,,
00Lyc,4R3/1p4k1/1q1N1bpp/3B4/5p1P/p4P2/3RK1P1/8 w - - 4 42,d6e4 b6b5 d2d3 b5e8,1930,76,77,117,crushing endgame fork short,https://lichess.org/YB9ozD4y#82,,
00M1q,2r3k1/2r1q1p1/p3p1Q1/1p1p4/nP1P4/2P4R/P4PPP/2R3K1 b - - 0 30,e7f6 g6h7 g8f7 h3f3 f6f3 g2f3,1305,75,91,2928,advantage long middlegame pin,https://lichess.org/nsAQV9mj/black#59,,
00M6i,6k1/1N4pp/p7/4bp2/P1P5/1r6/6PP/2R3K1 w - - 1 33,b7c5 e5d4 g1f1 d4c5,1150,120,43,16,crushing endgame fork short,https://lichess.org/kUhFtcHh#64,,
00M7w,r1b1k2r/ppp2ppp/2n5/2bBp3/2Pq4/3P1QP1/P2B1P1P/1R2K1NR b Kkq - 2 12,f7f6 g1e2 d4f2 f3f2 c5f2 e1f2,2217,81,91,1765,crushing long opening,https://lichess.org/rhyiYyX3/black#23,Scandinavian_Defense Scandinavian_Defense_Main_Line,
00MBF,7k/np2b1pp/p1b2p2/2P1pq2/PPQ4P/5PP1/1B5K/3BN3 b - - 0 29,c6d7 d1b3 f5h3 h2g1 d7e6 c4e6 h3e6 b3e6,2024,76,83,84,advantage middlegame quietMove veryLong,https://lichess.org/qknEpIjx/black#57,,
00ME0,8/1p6/p1b5/5k1p/1PB1p2P/P3P1K1/8/8 b - - 2 35,f5e5 c4f7 c6d7 f7h5,1656,75,94,2852,bishopEndgame crushing endgame short,https://lichess.org/Z2H5mRQg/black#69,,
00MFe,3r3k/p5pp/2r2q2/2p4Q/8/8/P5PP/3R1R1K b - - 5 29,d8d1 h5e8 f6f8 e8f8,1261,76,93,2034,endgame mate mateIn2 short,https://lichess.org/d1J7UJ4D/black#57,,
00MGA,r3r1k1/6b1/p2Nn2p/1P1Qp3/6nq/2P5/1PB2PP1/R1B1R1K1 w - - 1 30,g2g3 h4h2 g1f1 h2f2,969,87,92,867,kingsideAttack mate mateIn2 middlegame short,https://lichess.org/dsGjft94#58,,
00MHi,8/8/5pp1/5k1p/5P1P/4R1P1/2r5/5K2 w - - 0 43,e3e2 c2e2 f1e2 f5g4 e2f2 g4h3,2260,79,73,213,crushing endgame long rookEndgame zugzwang,https://lichess.org/im48PGD7#84,,
00MIY,6k1/3R3p/1p5q/3P4/3QP1pN/6P1/PPr3B1/5rK1 w - - 0 25,g1f1 h6c1 d4d1 c1d1,1516,85,80,43,endgame mate mateIn2 short,https://lichess.org/SHHHsXB9#48,,
00MNf,r1b3k1/pp3Rpp/3p4/2pN4/2P4b/5Q1P/PPP3P1/4qNK1 b - - 0 21,h4f6 f7f6 g7f6 f3f6,2017,148,50,15,crushing middlegame short,https://lichess.org/S4llTtjA/black#41,,
00MS3,rn1qr1k1/1p2bppp/2p2B2/p2p4/3P4/2N2N2/PPP1QPPP/2KRR3 b - - 0 12,e7f6 e2e8 d8e8 e1e8,824,83,83,122,backRankMate mate mateIn2 middlegame short,https://lichess.org/Eia6KIcR/black#23,French_Defense French_Defense_Exchange_Variation,
00MTG,4r1k1/2p1qpp1/3p4/1p1P2PQ/1P5b/3R3P/2PBr3/5RK1 b - - 6 26,h4f2 f1f2 e2f2 g1f2,550,79,100,150,advantage middlegame short,https://lichess.org/iabpAKVz/black#51,,
00MWz,8/8/2B5/4pK2/3k1pPp/5n1P/8/8 b - - 3 57,f3g1 g4g5 g1e2 g5g6,804,77,97,2046,crushing endgame quietMove short,https://lichess.org/1sHbVvW6/black#113,,
00MYL,1R6/3k1Q2/p2b1p2/2r1p3/3n4/P6P/5PP1/4qBK1 b - - 1 40,d7c6 f7b7,1025,80,93,504,mate mateIn1 middlegame oneMove,https://lichess.org/fwb6IEPk/black#79,,
00MZr,1k5r/ppp5/2p5/3n4/5pQ1/3P1P1r/PPP2K2/5R2 w - - 2 26,f1g1 h3h2 g1g2 d5e3,2037,75,91,1256,crushing endgame short,https://lichess.org/LITlSDhw#50,,
00Mbv,2k2b1r/pp3ppp/1n6/BN2p1P1/2Q1Nn1P/8/PP3P2/2KR4 b - - 0 24,b6c4 d1d8,1341,96,88,50,mate mateIn1 middlegame oneMove,https://lichess.org/h1QfViUk/black#47,,
00Mca,1k6/1Pp1rqp1/p1R5/6pp/Q6P/1P6/P4PBK/3r4 b - - 5 34,e7e6 a4c4 e6c6 c4f7,2411,74,92,3928,crushing endgame short,https://lichess.org/FcSCJACK/black#67,,
00MeO,r1b1kb1r/1p2np2/p1p4p/4PPp1/3PN3/8/PPP3PP/R1B2RK1 b kq - 0 15,c8f5 e4d6 e8d7 d6f5,1412,75,97,7027,advantage middlegame short,https://lichess.org/VgF6tpXG/black#29,French_Defense French_Defense_Normal_Variation,
00Mei,8/6rk/6p1/1R3b1p/2pQ1P2/2P3P1/qP4PK/8 b - - 0 36,f5d3 d4d8 a2a7 b5b8 a7b8 d8b8,2577,78,82,192,advantage endgame long master quietMove,https://lichess.org/xvCSyLc3/black#71,,
00Mf0,2kr3r/pp1b1pq1/2n1p3/2Pp4/5Np1/1QP3P1/P4PBP/R4RK1 b - - 4 19,g7h6 f1b1 h6h2 g1f1 c6a5 b3b4,2395,84,89,410,advantage long middlegame quietMove,https://lichess.org/rkMC42R8/black#37,,
00Msq,r5k1/1pp2Bp1/5n1p/1q2N3/3P4/7P/5PP1/4Q1K1 b - - 2 30,g8f8 f7c4 b5c4 e5c4,1851,74,92,595,crushing endgame short,https://lichess.org/2cdEjZvR/black#59,,
00N3B,r2q1rk1/1bb2ppp/p1n1p3/4P3/Np1P4/1B2NP2/1P4PP/2RQ1RK1 b - - 0 20,d8d4 d1d4 c6d4 c1c7 d4b3 c7b7,1144,75,99,2085,crushing long middlegame,https://lichess.org/knYvxXRq/black#39,,
00NAM,r5k1/pp3ppp/8/3p4/3P4/4R2P/q1P1QPPK/8 b - - 1 21,a2c4 e3e8 a8e8 e2e8,936,93,100,21,endgame mate mateIn2 short,https://lichess.org/be70QtoL/black#41,,
00NBR,8/1p2np2/1Pp1k3/p1P3p1/P2K3p/7P/4BPP1/8 b - - 1 33,e7d5 e2c4 e6d7 c4d5,2039,85,84,38,crushing endgame short,https://lichess.org/CYEsHleN/black#65,,
00NGM,3k1rr1/pR1b3Q/2pqp3/8/N2P4/8/5PB1/R4K2 w - - 5 34,b7a7 f8f2 f1e1 d6b4 a4c3 b4c3 e1f2 c3d4 f2f1 g8f8,2237,238,67,5,crushing middlegame veryLong,https://lichess.org/Z5cYm9YQ#66,,
00NOI,3r4/2k2p1p/pp2pp2/2p5/3nN3/6P1/PPP2PRP/2K5 w - - 2 23,e4f6 d4e2 c1b1 d8d1,966,89,60,33,backRankMate endgame mate mateIn2 short,https://lichess.org/Z7mmtXNG#44,,
00NUS,4rk2/pbp2pp1/1p1b4/3P1q2/QPBPN3/1KP2P2/P5r1/R3R3 w - - 0 25,e4d6 f5c2 b3a3 c2b2,1348,74,94,1280,mate mateIn2 middlegame short,https://lichess.org/jQaVQrR6#48,,
00NUc,6k1/6pp/1PP5/4b3/3p4/Br5P/4prP1/R5RK w - - 1 30,c6c7 b3h3 g2h3 f2h2,1650,122,81,50,endgame mate mateIn2 sacrifice short,https://lichess.org/8FRZVN6d#58,,
00NVe,2B4k/p1p3pb/8/5pnr/8/2P2R2/PPP2K2/6R1 w - - 6 34,c8f5 g5f3 f5g4 f3g1,1763,88,80,29,advantage endgame short,https://lichess.org/7yU1Aehr#66,,
00NaX,4r1k1/1p2r3/p1p5/3p1p2/PP1P1q1p/2Q1P1pP/5PP1/4R1K1 w - - 0 39,e3f4 e7e1 c3e1 e8e1,400,98,100,102,endgame kingsideAttack mate mateIn2 queenRookEndgame short,https://lichess.org/rZL4HlNU#76,,
00Nay,r2q1r2/ppp2pk1/3p1n2/4p1p1/2B1P3/2NP2Q1/PPP5/2K4R b - - 0 19,g7g6 g3h3 f8h8 h3f5 g6g7 f5g5,1768,75,97,3575,crushing deflection long middlegame quietMove,https://lichess.org/wMvkJfcA/black#37,,
00Nej,6k1/1p3pp1/pB2qb1p/2P5/1P6/6QP/4r1P1/3R3K b - - 4 33,f6e5 d1d8 g8h7 g3d3 e6g6 d3e2,1088,77,91,3066,crushing endgame fork long,https://lichess.org/P5XLEtLV/black#65,,
00Nf5,r1bq1rk1/pp2bppp/2pp1n2/8/5P2/5N2/PBPPB1PP/RN1Q1RK1 w - - 5 11,b1c3 d8b6 g1h1 b6b2 a1b1 b2a3,1581,76,94,8016,advantage fork long opening,https://lichess.org/JkE5qS7u#20,Polish_Opening Polish_Opening_Other_variations,
00Nhl,5r1r/pR5p/k1ppb1n1/4p1Q1/N3P3/1P1P4/P1P3PP/6K1 w - - 1 23,b7h7 g6f4 g5f4 e5f4 h7h8 f8h8,2398,77,95,906,advantage long middlegame,https://lichess.org/BEOTFmYh#44,,
00Ns0,r2qr1k1/pn1p2pp/bp3p2/2p1N3/2P5/1PB3Q1/P1P3PP/R4RK1 w - - 0 18,f1f6 d8f6 a1f1 f6h6 e5g4 h6g6 c3g7 e8e4 g4f6 g8g7,2596,103,77,53,advantage hangingPiece intermezzo middlegame veryLong,https://lichess.org/ZyKw24YE#34,Bishops_Opening Bishops_Opening_Vienna_Hybrid,
00Nua,8/1p1k2r1/p1p5/2P1R3/1P1pP3/P2r4/5RPK/8 w - - 1 31,a3a4 g7h7 h2g1 d3d1 f2f1 h7h1 g1h1 d1f1,1895,84,74,46,endgame,https://lichess.org/9qW9sLHW#60,,
00O14,6k1/3P1pp1/4p3/p7/Q3R3/3q1PP1/1P3PK1/2r5 w - - 0 37,a4d4 d3f1 g2h2 f1h1,1033,77,72,192,endgame mate mateIn2 short,https://lichess.org/IynnE0r9#72,,
00O37,r1q1r1k1/1p3pp1/n1p4p/p1bpp2P/P3P3/2P2P2/1P1QBP2/R1BK3R b - - 3 23,c5f2 e2a6 b7a6 d2f2,1300,79,86,60,advantage discoveredAttack middlegame short,https://lichess.org/N2UAIb27/black#45,,
00O3h,5k2/R3Rp2/6p1/1p5p/1P5K/2nr4/7P/8 b - - 7 43,d3d4 h4g5 c3e4 g5h6,1080,76,96,2080,crushing defensiveMove endgame short,https://lichess.org/71bhLvdU/black#85,,
00O8m,r3r1k1/ppp2ppp/2nn1q2/8/3P4/P1P1P1P1/2Q3BP/R1B1KR2 b Q - 4 16,f6e6 d4d5 e6e5 d5c6,1377,76,86,1406,crushing fork middlegame short,https://lichess.org/G3Q51olU/black#31,Englund_Gambit_Declined Englund_Gambit_Declined_Reversed_French,
00O9Z,5QR1/5p1p/1b3qp1/p6k/P2P4/8/1P2rPPP/5RK1 w - - 7 32,g8h8 f6f2 f1f2 e2e1 f2f1 b6d4 g1h1 e1f1,1670,80,84,841,backRankMate deflection endgame fork master mate mateIn4 pin sacrifice veryLong,https://lichess.org/DKnGKRmQ#62,,
00O9a,1k3r2/q5r1/2Qp3p/N2Bp3/4P1p1/P7/1PP2PPP/R5K1 w - - 12 35,a5c4 a7f2 g1h1 f2f1 a1f1 f8f1,989,88,93,720,backRankMate long mate mateIn3 middlegame sacrifice,https://lichess.org/t6wbqTty#68,,
00OCQ,1rr3k1/5p1p/p5pQ/4p3/4q3/B3P3/PPPR1PPP/2KR4 w - - 6 27,c2c3 c8c3 b2c3 b8b1,1030,75,98,389,mate mateIn2 middlegame queensideAttack sacrifice short,https://lichess.org/kcUnWeDs#52,,
00OKo,r3r1k1/pbq5/1p2pp1p/2p1N3/2PP2Q1/1P1B4/P5PP/R5K1 b - - 1 24,g8f8 a1f1 c7g7 f1f6 g7f6 e5d7,2344,79,78,72,advantage exposedKing long middlegame pin sacrifice,https://lichess.org/WuHXkAoT/black#47,,
00OOp,5rk1/1bR3q1/pQ6/8/6r1/4R2P/P7/6K1 w - - 0 28,h3g4 g7g4 e3g3 g4g3,1053,91,86,82,endgame mate mateIn2 short,https://lichess.org/N1WcEYJH#54,,
00OPk,6rk/7p/R2N3P/1r6/1P5K/P7/8/8 b - - 4 50,b5d5 d6f7,700,103,93,862,endgame mate mateIn1 oneMove,https://lichess.org/aDJVIeGE/black#99,,
00OQt,8/8/8/p3b3/P1B2pKp/1Pk1p2P/6P1/8 w - - 8 50,g4h4 c3d2 h4g4 e3e2 c4e2 d2e2,1665,76,87,355,advancedPawn bishopEndgame crushing endgame long,https://lichess.org/vZaFj9IE#98,,
00OR6,2r4k/5Q1p/p7/1pq5/4p2N/2P3bP/PP4P1/4R2K b - - 0 34,g3e1 f7f6 h8g8 h4f5 c5f5 f6f5,2265,79,82,114,advantage endgame long quietMove,https://lichess.org/kMLJ7GPV/black#67,,
00OXc,8/5K1p/1p4pk/8/3brp2/5R2/8/8 b - - 5 50,g6g5 f3h3,572,82,99,719,endgame mate mateIn1 oneMove,https://lichess.org/Dp1LJyaZ/black#99,,
00Ocp,r3k3/p1pbq3/2p2p2/4p1p1/2B3p1/2P4r/P1P2PQP/3RR1K1 b q - 3 20,e7c5 g2e4 f6f5 e4e5 c5e5 e1e5,2098,145,73,17,crushing exposedKing long middlegame,https://lichess.org/fCyysDNm/black#39,,
00Oft,3r4/p1pk1p1p/2pp1qr1/2b5/Q3P1b1/5NB1/P2N1PPP/R4RK1 w - - 2 16,g3h4 g4f3 d2f3 f6f3,1385,238,100,16,equality middlegame pin short,https://lichess.org/SpSdvvVa#30,,
00Ohu,1n3rk1/r3q1bp/pp2p1p1/2p1NnN1/4QP2/BPP5/P2R2PP/5RK1 b - - 2 21,h7h6 e5g6 e7f6 g6f8,1479,75,52,115,crushing fork middlegame short,https://lichess.org/8qQE5EI4/black#41,,
00OmS,r1bq1rk1/pp2pp1p/6pB/3Nb3/8/5B2/Pn2QPPP/R4RK1 b - - 1 15,e5h8 d5e7 d8e7 e2e7,1229,77,93,1616,crushing kingsideAttack middlegame short,https://lichess.org/eNcGmn5c/black#29,Scandinavian_Defense Scandinavian_Defense_Richter_Variation,
00Oo2,k7/pp1r2p1/2n2q2/3b1P1B/1P5P/2P5/P4Q2/2KR2R1 w - - 1 32,c1c2 c6b4 c2b1 b4a2 f2c5 a2c3,2157,112,72,26,advantage long middlegame,https://lichess.org/DSMfbugE#62,,
00Oqz,5r2/7r/2kpqB1P/p1p1p2Q/P3P3/2PP4/5P1K/6R1 w - - 0 40,g1g6 f8f6 g6f6 e6f6,900,77,100,179,crushing endgame short,https://lichess.org/OxaRmufB#78,,
00Or5,r2qkbnr/pp5p/8/4Nb2/3p4/1QN5/PP2PPPP/R3KB1R b KQkq - 1 12,d4c3 b3f7,1462,89,56,235,mate mateIn1 oneMove opening,https://lichess.org/29LGsamW/black#23,Slav_Defense Slav_Defense_Other_variations,
00Oyf,8/1p6/7p/3k1pp1/1P5P/3K1P2/6P1/8 w - - 0 39,h4g5 h6g5 d3c3 d5e5 c3c4 e5f4 c4c5 f4g3,2698,85,81,172,crushing endgame pawnEndgame veryLong zugzwang,https://lichess.org/eysZBqWU#76,,
00Ozz,3kRr2/3n1B1p/2pP4/p1n5/Ppp5/8/1P3PPP/4R1K1 b - - 8 32,f8e8 e1e8,868,100,84,192,endgame mate mateIn1 oneMove,https://lichess.org/gO3w1uZJ/black#63,,
00P6j,r2n2k1/1bRq1rpp/1p6/3P4/p3Q3/B3P3/PP3PPP/3R2K1 b - - 0 20,d7c7 e4e8 f7f8 e8f8,1352,75,84,536,kingsideAttack mate mateIn2 middlegame short,https://lichess.org/vBpR18cI/black#39,,
00P7n,r4rk1/p1p1R1pp/2p2p2/5P2/6Q1/1P5P/q5PK/8 b - - 1 30,a2b3 g4g7,1465,456,71,6,endgame mate mateIn1 oneMove,https://lichess.org/bFrOMLOq/black#59,,
00P81,6k1/5p2/4p2p/3pPP2/1R5P/7r/2B5/2b2K2 b - - 0 46,h3c3 b4b8 g8h7 f5e6 c3c2 e6e7,2216,75,93,5652,advancedPawn crushing discoveredAttack endgame long sacrifice,https://lichess.org/SIETCqbJ/black#91,,
00PF3,2kr3r/Qpp2ppp/3b1n2/8/3N4/4P1Pq/PP1B1P1P/2R2RK1 w - - 4 18,d4b5 f6g4 b5d6 d8d6 c1c7 c8c7,1408,75,81,266,advantage long middlegame,https://lichess.org/c2JUCAZJ#34,Queens_Gambit_Declined Queens_Gambit_Declined_Baltic_Defense,
00PGi,3r1q1k/pppb2pp/2np4/6N1/5B2/1Q4P1/PP4PP/4R2K b - - 11 24,b7b6 g5f7 f8f7 b3f7,1062,84,93,1036,crushing fork middlegame short,https://lichess.org/qzZ4hC7X/black#47,,
00PIO,2k1r2r/1p2P3/p1b1p3/3p1npp/5q2/1N3N1Q/PP3PPP/2R2RK1 w - - 1 22,f3d4 f5d4 b3d4 f4d4 h3e6 c8c7,2286,80,88,754,crushing long middlegame,https://lichess.org/QcmS4aBG#42,,
00Pbs,3r1rk1/Q3qppp/8/1ppb4/2Pn1B1n/2N3P1/PP3P2/R2R1K2 w - - 0 21,a7e7 d5g2 f1e1 h4f3,2076,76,83,163,mate mateIn2 middlegame short,https://lichess.org/fA2DSaPB#40,,
00Pgk,r2q1rk1/pbp1bp2/1p2pn1Q/5nN1/8/P1NB4/1PP3PP/R4RK1 w - - 2 17,d3f5 d8d4 g1h1 e6f5,2417,78,84,125,advantage intermezzo middlegame short,https://lichess.org/pe4L6fzJ#32,French_Defense French_Defense_Henneberger_Variation,
00Pms,r1b1kr2/p1p2pQp/1p2pP2/8/8/1P4P1/P2KNP1P/R1B4q b q - 0 17,c8a6 g7f8 e8f8 c1a3 f8e8 a1h1,2117,93,86,25,advantage attraction discoveredAttack long middlegame sacrifice,https://lichess.org/UXAS6vpF/black#33,French_Defense French_Defense_Other_variations,
00Pr6,r1b2rk1/p4ppp/2p5/6q1/2p3P1/3P1Q1P/PPP5/1K2RR2 b - - 0 17,c4d3 f3f7 f8f7 e1e8 f7f8 f1f8,1433,75,94,1369,kingsideAttack long mate mateIn3 middlegame sacrifice,https://lichess.org/CtrEbVZV/black#33,Kings_Knight_Opening Kings_Knight_Opening_Normal_Variation,
00PrK,r7/7R/P3k3/4p2p/3b2p1/3K4/8/5R2 b - - 7 55,a8a6 h7h6 e6d5 h6a6,1016,81,91,173,crushing endgame short skewer,https://lichess.org/N9FWAV9a/black#109,,
00PvX,8/n7/P7/3k4/PK6/7P/5PP1/8 w - - 0 53,b4a5 d5c5 f2f3 a7c6,1648,75,86,237,endgame knightEndgame mate mateIn2 short,https://lichess.org/tH6dRFcZ#104,,
00Q4v,8/2p1b3/q1Pp2k1/3Pp3/4Pr2/1Q3PK1/3N2P1/7R w - - 1 47,h1e1 e7h4 g3h2 h4e1,1230,81,74,61,crushing endgame short skewer,https://lichess.org/gHKVgDSR#92,,
00QCD,3r1rk1/1Q3ppp/1q2pb2/8/1P1N4/4P1P1/3B1PBP/R5K1 b - - 0 23,b6b7 g2b7 f6d4 e3d4,1202,75,94,201,advantage middlegame short,https://lichess.org/AFf6cmqa/black#45,,
00QCe,1k5r/n2r2pp/5p2/ppN5/5P2/8/2R3PP/1R4K1 b - - 3 28,d7c7 c5a6 b8b7 a6c7,1292,76,93,1100,crushing endgame fork short,https://lichess.org/fovXj5D1/black#55,,
00QHM,6k1/pp3rpp/4Nb2/4p3/1B1r4/6PK/PP5P/2R5 b - - 0 28,d4b4 c1c8 f6d8 c8d8 f7f8 d8f8,934,89,94,186,endgame long mate mateIn3,https://lichess.org/VyUHT6ng/black#55,,
00QOa,6rk/1pp1R1p1/6Bp/2b4P/8/pP3PK1/P1P5/8 w - - 5 32,e7c7 c5d6 f3f4 d6c7,849,105,94,504,crushing endgame fork short,https://lichess.org/afclLtrR#62,,
00QQS,2r3k1/1p1q1ppp/4p3/Q7/3P4/P1B5/1Pr2PPP/R5K1 b - - 0 22,d7d4 c3d4 c2c1 a5e1,1828,167,43,16,advantage endgame hangingPiece short,https://lichess.org/tG606j71/black#43,,
00QVZ,8/7p/4K3/6p1/2k3P1/8/5P2/8 b - - 0 43,c4d4 e6f5 h7h6 f5g6 d4e4 g6h6,1478,75,81,513,crushing endgame long pawnEndgame,https://lichess.org/gVqoHhuS/black#85,,
00QW1,8/3r1ppp/4p3/k3P3/pR2R2P/2P5/2Kr1PP1/8 w - - 4 31,c2c1 d2d1 c1b2 d7d2 b2a3 d1a1,949,82,93,138,endgame exposedKing long mate mateIn3 rookEndgame,https://lichess.org/I3LnvYRW#60,,
00QY3,2k3r1/pp5p/4p3/2p2p2/2P5/P4P1q/1PQ1RR1b/7K w - - 0 32,f2h2 h3f1,1055,76,88,279,endgame master mate mateIn1 oneMove,https://lichess.org/Ip4qQXo1#62,,
00QZ3,r1bq3r/ppppnkpp/2n5/b5N1/4P3/B1P5/P4PPP/RN1QK2R b KQ - 1 9,f7f8 d1f3 f8e8 f3f7,1173,79,91,1490,mate mateIn2 opening short,https://lichess.org/PiCJ1gmH/black#17,Scotch_Game Scotch_Game_Scotch_Gambit,
00QZV,r1bk4/pppp3p/2n5/2b1prN1/8/1B6/PPPP2PP/RNB2RK1 w - - 1 14,g1h1 f5f1,600,88,33,61,backRankMate hangingPiece mate mateIn1 middlegame oneMove,https://lichess.org/0CTltFgg#26,Italian_Game Italian_Game_Two_Knights_Defense,
00QjF,8/8/1pr1p1kp/pbPp2pN/3Pp1P1/1P2K3/P6P/2R5 b - - 0 29,e6e5 c5b6 c6c1 b6b7 c1e1 e3d2,2103,76,86,701,advancedPawn crushing endgame long sacrifice,https://lichess.org/oPvDBkpv/black#57,,
00QkV,5k1r/p3Rpbp/3N2p1/4nbB1/2P5/3rP3/q4PPP/3Q1RK1 b - - 2 16,f7f6 e7e8,1082,75,100,87,middlegame,https://lichess.org/R69epPjY/black#31,Grunfeld_Defense Grunfeld_Defense_Three_Knights_Variation,
00Qm5,r2q1rk1/p3b1pp/2p5/4ppB1/4p1nP/2N5/PPP1QPP1/3R1RK1 b - - 8 15,d8c7 e2c4 g8h8 c3d5 c6d5 c4c7,1991,75,94,6641,crushing long middlegame,https://lichess.org/8fF68Ntt/black#29,Queens_Pawn_Game Queens_Pawn_Game_Morris_Countergambit,
00QnO,1k1r1r2/pp4p1/6q1/2Qp4/5bP1/2P4p/PPN3NP/R4R1K w - - 0 30,g2f4 g6e4 h1g1 f8f4,1454,76,94,3034,crushing fork intermezzo middlegame short,https://lichess.org/9GENZopF#58,,
00Qnn,r1bqkb1r/ppp1n1p1/7p/3Pp1N1/2P5/8/PP3PPP/RNBQK2R w KQkq - 0 11,d1h5 g7g6 h5e2 h6g5,1476,222,100,10,defensiveMove equality opening short,https://lichess.org/bvZx0hh4#20,,
00Qo8,8/8/RP4p1/1r1N1pkp/P1n1p3/6P1/6P1/4K3 b - - 0 49,b5d5 b6b7 d5d8 a6a8,1005,81,100,37,endgame,https://lichess.org/Sxlq7BKB/black#97,,
00Qog,1r3rk1/pP2qppp/1b3n2/1Q2p3/4P3/2NP1bP1/PP2NP1P/R1B2RK1 w - - 1 15,c1g5 e7e6 e2f4 e5f4,2181,76,94,2145,crushing middlegame short,https://lichess.org/5wfin3S4#28,English_Opening English_Opening_Carls-Bremen_System,
00QqI,r6r/pQ2nkpp/4b3/2p1q3/4p3/2N5/PP1B1PPP/R4RK1 w - - 1 15,c3e4 e6d5 e4g5 e5g5 d2g5 d5b7,1652,75,80,96,advantage long middlegame,https://lichess.org/71TDmfZz#28,Scotch_Game Scotch_Game_Scotch_Gambit,
00QyM,8/3k4/1pp3p1/4Pp1p/2PK1P1P/pP6/P7/8 b - - 1 35,d7e6 b3b4 e6e7 b4b5 c6b5 c4b5,2146,76,92,260,crushing endgame long pawnEndgame quietMove zugzwang,https://lichess.org/DcRRuwOx/black#69,,
00R0l,rnbqkb1r/pp3p1p/6pP/P1ppp3/6n1/3P1P2/1PP1P1P1/RNBQKBNR b KQkq - 0 7,g4h6 c1h6 f8h6 h1h6,1415,81,87,1445,advantage opening short,https://lichess.org/y06s0jL8/black#13,Ware_Opening Ware_Opening_Other_variations,
00R0m,8/4k2p/Q1p1p3/p2pP1r1/q7/P6P/1P3PK1/2R2R2 w - - 1 28,g2f3 a4e4,1356,98,38,25,endgame mate mateIn1 oneMove,https://lichess.org/qcC85YJl#54,,
00R2A,2kr1b1R/p5p1/8/3P1p2/8/4B3/PPPK1P2/8 w - - 1 25,c2c4 f8b4 d2d3 d8h8,734,78,100,882,crushing discoveredAttack endgame short,https://lichess.org/ZjzT3REI#48,,
00R4l,r1b5/p4pkp/3p2p1/2pPr3/2P5/1P1B4/R4PPP/R5K1 w - - 0 24,a2a7 a8a7 a1a7 e5e1 d3f1 c8f5,1448,74,89,1475,advantage defensiveMove endgame long,https://lichess.org/IQW9ts1W#46,,
00R8C,r4q1k/2bn2p1/2p3pp/1pP5/1P1B2P1/1Q1P1r1P/5PB1/4RRK1 w - - 0 27,g2f3 f8f4 d4g7 h8h7 e1e5 d7e5 g7e5 c7e5 f1e1 f4f3,2366,101,77,38,crushing fork master middlegame veryLong,https://lichess.org/ZILz4GAu#52,,
00R9D,8/1k6/1pn1R3/8/Pp4p1/4P3/5PK1/8 w - - 0 51,e6e4 b4b3 e4g4 b3b2,1206,232,82,2,advancedPawn crushing endgame short,https://lichess.org/3ZXSyu03#100,,
00RPk,8/2p5/5ppp/1PkP4/p4PPP/P1K5/8/8 b - - 0 39,c5b5 c3d4 c7c5 d5c6 b5c6 d4c4,2727,85,95,211,advantage defensiveMove enPassant endgame long pawnEndgame,https://lichess.org/vOFXdfEu/black#77,,
00RYH,1k5r/ppp1R2p/3r1p2/5Q2/3p4/2qP4/2P2PPP/2K1R3 b - - 5 26,d6a6 e7e8 h8e8 e1e8,1031,81,89,113,backRankMate endgame mate mateIn2 short,https://lichess.org/qGI2u50w/black#51,,
00RbX,3r2k1/2q1bppp/b3n3/p2N4/2p1P3/P3QN2/1PP2PPP/4R1K1 b - - 1 22,e7c5 d5c7 c5e3 c7e6 e3f2 g1f2,1689,77,78,103,advantage long middlegame,https://lichess.org/vo7nrvYf/black#43,,
00Rcs,3k4/ppp2p1r/4p2P/5n2/3Pp1N1/2P2K2/P1P3P1/7R w - - 0 30,f3e4 f5g3 e4f4 g3h1,703,98,96,2156,crushing endgame fork short,https://lichess.org/6z8dEdCK#58,,
00Rdf,2kr4/p1pr1pp1/1p4p1/1PP1P3/3B1PP1/PQ2Pn1P/2KRR3/5q2 w - - 1 30,c5b6 d7d4 e3d4 f3d4 c2b2 d4b3,1905,147,23,15,advantage exposedKing fork long middlegame,https://lichess.org/1DyqIpsd#58,,
00Rlv,r3k1nr/p1q3pp/1pb1p3/2b2p2/8/N1BQ1P2/PPP3PP/2KR3R b kq - 3 14,a8d8 d3d8 c7d8 d1d8,613,93,78,127,advantage middlegame short,https://lichess.org/DoFZ2KjY/black#27,Duras_Gambit Duras_Gambit_Other_variations,
00RoG,2kr2nr/pp2nppp/2pp4/2b2PP1/4NPq1/3B1R2/PPP4P/R2QB2K w - - 5 18,h2h3 g4g1,1052,83,93,612,mate mateIn1 oneMove opening,https://lichess.org/rOjlXCXv#34,Scotch_Game Scotch_Game_Other_variations,
00Rqg,2k1r2r/Qpq5/3bp3/1P1P4/5pp1/2P5/1B2RPP1/R5K1 w - - 1 28,e2e6 c7h7 a7a8 d6b8 e6c6 b7c6,2531,84,68,94,advantage defensiveMove long middlegame quietMove,https://lichess.org/HiWWZDYW#54,,
00RtC,r4k2/ppp3p1/3p3r/2q5/2NnP3/2Q2PBp/PP3R1P/5RK1 w - - 4 25,b2b4 d4e2 g1h1 c5f2 c3g7 f8g7,1915,84,76,39,advantage deflection discoveredAttack long middlegame pin,https://lichess.org/cgruxBCC#48,,
00Ru6,3r1r2/p5kp/1p4pP/2p5/2PbBQ2/2q5/P1P1K3/5R2 b - - 0 34,g7h8 f4f8 d8f8 f1f8,938,82,80,68,mate mateIn2 middlegame short,https://lichess.org/SA1K2pZD/black#67,,
00Rue,r2qkb1r/pp1nppp1/2p2n1p/3p1b2/3P4/BP2PN2/P1P2PPP/RN1QKB1R w KQkq - 2 7,c2c4 f5b1 a1b1 d8a5 b3b4 a5a3,1966,73,95,13819,advantage fork long opening,https://lichess.org/tgFzBrLu#12,Nimzo-Larsen_Attack Nimzo-Larsen_Attack_Classical_Variation,
00Rvy,r6k/6bp/p7/2Q5/8/5P2/4bKPP/8 b - - 2 37,e2d3 c5d5 a8f8 d5d3,1304,84,9,50,advantage endgame fork short,https://lichess.org/AFL6C8p8/black#73,,
00RwV,2r1r2k/ppq3pp/3b1p2/3Q3R/3P4/4B3/PP3PPP/R5K1 w - - 1 20,d5f5 c7c1 a1c1 c8c1 e3c1 e8e1,1976,74,94,10046,long mate mateIn3 middlegame sacrifice,https://lichess.org/QtHdcDHe#38,,
00RzK,1r2r3/p2k3p/2bP1q1P/1p2ppp1/1P6/1KPB4/P6Q/3R1R2 b - - 1 38,e8f8 d3f5 f6f5 f1f5,1286,75,90,322,advantage middlegame short,https://lichess.org/o4pFbzdX/black#75,,
00S5q,r4rk1/pbp1n1pp/1p1p4/3Pp1N1/2B4P/2PQ4/PP3qP1/R2K3R b - - 1 17,f2g2 d3h7,989,163,90,16,kingsideAttack mate mateIn1 middlegame oneMove,https://lichess.org/CwLT7XOm/black#33,Dutch_Defense Dutch_Defense_Raphael_Variation,
00S6g,r6r/p3kpbp/2Q1pnp1/q7/P2P1P2/1PP5/6PP/R1B2RK1 b - - 0 16,f6d5 f4f5 g6f5 f1f5 f7f6 c1a3 e7f7 c6d7 f7g6 f5f3,2747,89,64,82,advantage middlegame veryLong,https://lichess.org/jFCmK1qh/black#31,Queens_Pawn_Game Queens_Pawn_Game_Other_variations,
00S6j,3rr1k1/pp1q1pp1/1n1P1b1p/1Np5/8/1Q3N1P/PP3PP1/3R1RK1 b - - 2 20,a7a6 b5c7 d7c6 c7e8,1310,166,73,6,crushing master middlegame short,https://lichess.org/btjYBomF/black#39,,
00SCL,r1b2rk1/2q1bp1p/p5p1/1p2p1PB/3BP3/2N5/PPPQ3P/R3K2R w KQ - 0 17,h5g6 e5d4 c3d5 c7e5 d5e7 e5e7,2101,75,82,121,advantage clearance long middlegame,https://lichess.org/humRaTMP#32,Sicilian_Defense Sicilian_Defense_Najdorf_Variation,
00SIq,r3r1k1/1Q3ppp/8/pP6/2q5/7P/3R2P1/5R1K w - - 0 30,f1f7 c4f7 b7f7 g8f7,1856,75,92,203,crushing endgame short,https://lichess.org/WCK83FsZ#58,,
00SLR,rnbqk1nr/ppppbppp/4p3/8/5P2/5N2/PPPPP1PP/RNBQKB1R w KQkq - 2 3,g2g4 e7h4 f3h4 d8h4,758,107,94,425,mate mateIn2 opening short,https://lichess.org/jqepvLa0#4,Bird_Opening Bird_Opening_Other_variations,
00SMl,r4rk1/ppp2pn1/2np4/q2N4/3PP3/5P2/PPP5/1K1R1B1R b - - 2 18,c6b4 d5f6,810,85,97,855,mate mateIn1 middlegame oneMove,https://lichess.org/vYCG7ony/black#35,Kings_Gambit_Accepted Kings_Gambit_Accepted_Cunningham_Defense,
00SOy,6k1/6b1/p1r1p2p/1pN4r/3P3q/2P2Q2/P4PP1/1R2R1K1 w - - 2 31,f3c6 h4h1,542,82,97,502,mate mateIn1 middlegame oneMove,https://lichess.org/nkJegacG#60,,
00STS,r4rk1/pppq2b1/2np3p/4p2b/B5p1/2PPQ2P/PP1N1P1B/R3NRK1 w - - 0 21,h3g4 d7g4 g1h1 g4a4,1628,75,95,23330,advantage fork middlegame short,https://lichess.org/gC9OswxQ#40,,
00STy,8/1R5R/4kpp1/4p3/4P2K/5P1P/r7/6r1 b - - 10 40,a2h2 b7b6,1582,81,81,572,endgame mate mateIn1 oneMove rookEndgame,https://lichess.org/yc8Ey5PU/black#79,,
00SU7,2rqr1k1/B2b1ppp/5n2/8/3Q4/3B4/P1P2PPP/R3R1K1 w - - 3 22,d4h4 e8e1 a1e1 d8a5 e1a1 a5a7,1574,75,98,1870,advantage fork long middlegame,https://lichess.org/qmkkzrOG#42,,
00SUF,1n6/1P6/5pp1/8/2k3PP/4P3/3K4/8 b - - 0 51,c4c5 h4h5 g6h5 g4h5 c5d6 h5h6,1352,76,91,804,crushing endgame knightEndgame long,https://lichess.org/zGMp3vwR/black#101,,
00SWh,rn5Q/ppk1np2/3B4/6N1/6b1/8/PPP1q3/2KR4 b - - 0 18,c7b6 h8d4 b6c6 d4c3 c6d7 d1e1,2782,110,88,365,crushing exposedKing long middlegame,https://lichess.org/SIKtKv2M/black#35,Kings_Gambit_Accepted Kings_Gambit_Accepted_Bishops_Gambit,
00Se9,5rk1/pp1n2r1/3p2N1/2pQ4/2P5/4P1P1/qP2KPP1/7R b - - 1 24,g7f7 g6e7 g8g7 d5g5,1870,74,97,298,middlegame,https://lichess.org/cMwUzce9/black#47,,
00SeK,7k/pp5p/4r1pP/5pP1/3Q1n2/P1P5/KP6/5q2 b - - 1 35,h8g8 d4g7,1005,182,89,25,endgame mate mateIn1 oneMove,https://lichess.org/GRpzFRNZ/black#69,,
00SfT,r4rk1/pb2ppb1/1q6/6PQ/8/2NP1N2/PPnK1PP1/R6R b - - 1 16,c2a1 h5h7,1133,80,93,881,mate mateIn1 middlegame oneMove,https://lichess.org/5y0Ha2gI/black#31,Scandinavian_Defense Scandinavian_Defense_Modern_Variation,
00SiY,8/8/3p2N1/3Pp1n1/4Pp1p/3k1P1P/6K1/8 w - - 8 57,g6h4 d3e2 h4f5 g5f3,2192,82,91,2361,crushing endgame knightEndgame master short zugzwang,https://lichess.org/nqOd6mWK#112,,
00SsI,6R1/p4p1p/2p1pp1k/8/2N5/4b1R1/4K1PP/2q5 b - - 1 29,e3g5 g3h3 g5h4 h3h4,1140,76,100,74,endgame,https://lichess.org/WfTPI1ZC/black#57,,
00Svg,8/p7/1p4k1/2pN2p1/4Pp2/P1P4r/1P3KR1/8 w - - 6 50,f2e2 f4f3 e2f2 f3g2,1182,77,64,99,advancedPawn advantage endgame fork short,https://lichess.org/hCcakyYf#98,,
00SyL,1rb2rk1/4bppp/p1n1p3/1p1qP3/7N/P5P1/1PQ2PBP/R1B2RK1 b - - 1 15,d5c5 c2c5 e7c5 g2c6,1249,77,91,5789,capturingDefender crushing opening short,https://lichess.org/f988q4eE/black#29,Sicilian_Defense Sicilian_Defense_Old_Sicilian,
00Sz9,1r4k1/p4ppp/4p3/p5n1/4P3/1P1N1PPq/QB3b1P/R5K1 w - - 0 30,d3f2 g5f3 g1h1 h3h2,1019,75,90,810,kingsideAttack mate mateIn2 middlegame short,https://lichess.org/mJ2prRw1#58,,
00T2k,2k5/p3qp2/bpp1p1p1/4P2r/P4n1p/5P2/BPQ2B1P/1K1R4 b - - 0 30,h5e5 c2c6 c8b8 d1d7 e7d7 c6d7,1626,76,94,720,advantage long middlegame queensideAttack,https://lichess.org/e3qC1Wvi/black#59,,
00T85,8/8/8/8/8/4K3/1k3Q2/1q6 b - - 5 53,b2c1 f2d2,922,76,97,1120,endgame master mate mateIn1 oneMove queenEndgame,https://lichess.org/j3dOR5SJ/black#105,,
00TAb,6k1/5pp1/p1N1b3/1n5p/1B4P1/P4P1P/2K5/8 b - - 2 42,e6d5 c6e7 g8h7 e7d5,641,98,96,181,advantage endgame fork short,https://lichess.org/vPUJ0Lkg/black#83,,
00TEQ,r3k1nr/1bq2ppp/p2p4/1p2p1NQ/3nP3/1BN4P/PP3PP1/R2R2K1 b kq - 2 15,g8f6 h5f7 c7f7 g5f7,2401,89,90,569,advantage attackingF2F7 middlegame short,https://lichess.org/1ix6qpqS/black#29,Sicilian_Defense Sicilian_Defense_Smith-Morra_Gambit_Accepted,
00TLz,8/p3Q2p/6p1/4p1k1/5q2/8/Pr4PP/6K1 b - - 1 36,f4f6 h2h4 g5f5 g2g4 f5g4 e7f6,1486,74,81,534,advantage deflection endgame long,https://lichess.org/iQZPp2A2/black#71,,
00TOX,b7/p1k1pp2/1pn2qp1/8/4B3/1PNR4/P1P2PP1/5K2 b - - 1 26,a7a6 c3d5 c7b8 d5f6,783,75,86,202,crushing endgame fork short,https://lichess.org/bAOdaE0p/black#51,,
00TOt,5bk1/5ppp/8/Q7/3p4/8/P1K1q2P/2R5 w - - 2 33,a5d2 d4d3 c2c3 f8b4,1460,74,91,1410,crushing endgame short,https://lichess.org/azv2NWmg#64,,
00TQf,4r1k1/p1R1n2p/4N3/5rK1/8/6PP/P3R3/8 w - - 3 46,g5g4 h7h5 g4h4 e7g6,1334,75,97,519,endgame mate mateIn2 short,https://lichess.org/aPLWBAFg#90,,
00TRo,5q1k/2r3p1/1p2p2b/3p2NQ/3P4/1p6/5R2/6K1 b - - 1 38,f8b4 h5e8 b4f8 f2f8,1616,75,94,3356,endgame mate mateIn2 short,https://lichess.org/h4dPcMj5/black#75,,
00TU2,1k1r4/1p3Qp1/p2q3p/3N4/1b6/8/PP3PPP/2R3K1 w - - 4 22,d5b4 d6d1 c1d1 d8d1,508,81,95,1181,backRankMate endgame mate mateIn2 sacrifice short,https://lichess.org/p32396Rd#42,,
00Ta0,4k3/1R6/6p1/4Np1p/7P/2r3PK/5b2/8 w - - 11 47,e5g6 c3g3 h3h2 g3g6,1007,75,96,1944,crushing endgame fork short,https://lichess.org/kDwb7v3y#92,,
00Tdk,r6r/4kppp/2pNpnq1/p1P1n3/8/B3P3/PP2QPPP/3R1RK1 w - - 7 20,e2d2 e5f3 g1h1 f3d2,1003,78,93,1612,crushing middlegame pin short,https://lichess.org/UgDWX5rx#38,,
00Tge,8/5k2/8/1p1p2pN/1PpP1nP1/2P1KP2/8/8 b - - 10 58,f4h5 g4h5 f7g7 f3f4,1080,75,97,1890,crushing endgame short,https://lichess.org/Jri9vZwO/black#115,,
00TiV,8/1kp5/4n3/3pN3/r2P3R/2K4P/8/8 w - - 5 48,e5f3 a4a3 c3c2 a3f3,1132,78,93,1152,crushing endgame short skewer,https://lichess.org/Wm6c0Vk6#94,,
00Tll,5r1k/1pp3p1/7p/pP1N4/P3P3/2PP3P/3BnbPK/R7 w - - 2 27,d5c7 f2g3 h2h1 g3c7,1569,75,93,1192,advantage endgame fork short,https://lichess.org/rnssRcMM#52,,
00TuA,8/6p1/8/pp2k1p1/2p2p2/2P1KPPP/PP6/8 w - - 0 37,e3f2 f4g3 f2g3 e5f5,2196,81,90,1191,crushing defensiveMove endgame pawnEndgame short,https://lichess.org/qtped91w#72,,
00TxB,r2qkb1r/pp3ppp/2pp1nn1/8/4PB2/2N2B2/PPP2PPP/R2Q1RK1 w kq - 2 10,f1e1 g6f4,877,84,95,2229,advantage hangingPiece oneMove opening,https://lichess.org/J5i5UOW9#18,Philidor_Defense Philidor_Defense_Other_variations,
00U2C,8/8/6RP/2p5/p1k1pP2/4P3/np1K4/8 w - - 0 48,g6b6 a2b4 b6b4 c4b4 d2c2 b4a3 h6h7 a3a2,2387,77,90,1462,crushing defensiveMove endgame master quietMove veryLong,https://lichess.org/ZQ9GNX6h#94,,
00UEs,8/3R3p/5kp1/8/2Bnp3/1P5P/P6r/4K3 b - - 1 40,f6e5 d7d5 e5f4 d5d4,1559,76,88,876,advantage deflection endgame short,https://lichess.org/Owc0qiXL/black#79,,
00UF4,rnbQ1b1r/pp2n2p/2p2k2/1q2p1p1/3P4/5N2/P1P2PPP/R1B1K2R b KQ - 0 13,f8g7 c1g5 f6f7 d8e7,1648,75,94,140,crushing middlegame short,https://lichess.org/xkouJg1l/black#25,Scandinavian_Defense Scandinavian_Defense_Main_Line,
00UHZ,3n2k1/6p1/pp3p1p/8/2r1NR1P/6P1/1PP5/1K6 b - - 1 32,d8e6 e4f6 g7f6 f4c4,1073,78,89,3453,advantage discoveredAttack endgame short,https://lichess.org/bQ4MdAO1/black#63,,
00UHs,r4rk1/ppp3pp/4p3/2P4P/1nNP2q1/P3QP2/1Pb2K2/R4B1R b - - 0 22,c2e4 c4e5 b4d5 e5g4 d5e3 f2e3,2244,77,90,375,crushing long middlegame,https://lichess.org/wLdDSwHk/black#43,,
00UI2,2r3nr/p5pp/b3kp2/3p4/4p3/BP3P2/P1PN2PP/2KR3R b - - 0 18,f6f5 f3e4 f5e4 d2e4 d5e4 d1d6 e6f7 d6a6,1961,75,93,2647,clearance crushing fork middlegame sacrifice veryLong,https://lichess.org/eellQ95m/black#35,Nimzo-Larsen_Attack Nimzo-Larsen_Attack_English_Variation,
00UJP,1r2q1k1/R1p4p/3pNp2/3P4/1p3pbb/1BP5/1P3PPK/Q4R2 w - - 2 28,a7c7 h4g3 h2g1 e8h5 c7g7 g8h8 f2g3 f4g3 f1f3 h5h2,2151,79,89,520,crushing middlegame sacrifice veryLong,https://lichess.org/qkY18hUD#54,,
00UOA,6k1/5p1p/4pbp1/p2p4/2rP1P2/P3B1P1/1P2R1KP/8 b - - 0 30,f6d4 b2b3 c4c2 e2c2,1661,75,84,203,advantage endgame short,https://lichess.org/DUwr5LiX/black#59,,
00UQj,6r1/pp1qbpk1/8/2pPp1r1/2P1Pp2/P1N2Qp1/3B2K1/R6R w - - 0 31,h1h3 d7h3 g2h3 g3g2,2402,91,90,1427,advancedPawn crushing master middlegame sacrifice short,https://lichess.org/uZNJ299M#60,,
00UTH,3r3r/q4pk1/p4N2/1p2PQp1/P4n2/3p1P1P/1P4P1/3RR1K1 w - - 0 32,g1h2 h8h3 f5h3 f4h3,1890,75,81,123,crushing middlegame short,https://lichess.org/X5eq2VgN#62,,
00UV8,3r4/7p/p3nkp1/1b6/4P2P/1B2B3/P4KP1/8 b - - 1 38,e6d4 e3g5 f6e5 g5d8,1471,286,100,8,endgame equality short skewer,https://lichess.org/xzJR462D/black#75,,
00UZP,5r1k/ppQ3p1/6qp/5r2/3Pp1b1/2P5/P2B1PPP/R4R1K w - - 5 22,c7b7 f5f2 f1f2 f8f2,1745,75,87,486,crushing middlegame short,https://lichess.org/4HQMl1VG#42,,
00UgJ,1r1q1rk1/1b4b1/4p1pp/3pP3/p2B2P1/3B3Q/PPP5/2KR3R w - - 0 23,d3g6 d8g5 c1b1 g5g6,913,91,94,1827,advantage fork middlegame short,https://lichess.org/9kzSQDr4#44,,
00Ui0,r5k1/5pp1/2p5/P1N4p/2Pp1n2/1P3P2/5P1P/3R2K1 w - - 1 26,d1d4 f4e2 g1f1 e2d4,637,100,94,1737,crushing endgame fork short,https://lichess.org/R2pJ0rIG#50,,
00UkB,8/8/n1R4p/P5p1/r4p1k/7P/5PK1/8 b - - 5 50,a4a5 c6h6,962,157,100,13,endgame mate mateIn1 oneMove,https://lichess.org/A2DzkmFy/black#99,,
00Uwn,3r1rk1/p1p2pbp/1p4p1/7n/4P3/1P2BP1q/P1B3QP/3R1R1K b - - 6 23,h3h4 e3g5 h5g3 g2g3,1581,74,94,2403,advantage fork middlegame short,https://lichess.org/Nqhta4GU/black#45,,
00V0G,8/6P1/5k1K/8/8/3p4/PR6/6r1 w - - 1 49,b2d2 g1h1 d2h2 h1h2,1133,77,90,691,endgame mate mateIn2 rookEndgame short,https://lichess.org/UYjzL2st#96,,
00V8g,8/4k3/8/1K1n4/P7/8/1P6/8 b - - 0 57,d5c7 b5c6 e7d8 c6b7 d8d7 a4a5,2447,83,77,82,crushing defensiveMove endgame knightEndgame long,https://lichess.org/iPi2LNEj/black#113,,
00VC1,1k2r3/p2r1R2/2Q5/1p5p/P1P3p1/8/6PP/7K w - - 2 44,c6d7 e8e1 f7f1 e1f1,439,117,71,479,backRankMate endgame mate mateIn2 queenRookEndgame short,https://lichess.org/EjJXrCqs#86,,
00VEX,4r1k1/3b1pp1/1B3q1p/r7/P1p1Q3/2P4P/5PP1/R4RK1 w - - 1 27,b6d4 e8e4 d4f6 g7f6,1315,76,80,265,crushing middlegame short,https://lichess.org/8qPPWVm7#52,,
00VFK,8/6pk/7p/Q7/6P1/3q3K/1P5P/8 w - - 1 45,h3h4 g7g5 a5g5 h6g5,1075,80,93,943,crushing endgame master queenEndgame short,https://lichess.org/cuisbvqQ#88,,
00VGt,3K4/8/2P5/6pp/1n6/5PkP/R5P1/8 w - - 3 61,a2a5 b4c6 d8d7 c6a5,746,84,91,340,crushing endgame fork short,https://lichess.org/kgtHwkuS#120,,
00VIe,8/8/8/P6p/8/2RnkN2/r7/3K4 w - - 1 60,f3e1 a2d2,1624,84,94,15145,endgame mate mateIn1 oneMove,https://lichess.org/ugqyRWZm#118,,
00VJF,2rr2k1/1pq2pp1/1B2pnp1/1Q1p4/8/2P2B2/PP4Pb/3RR2K b - - 1 32,c7d7 b5d7 f6d7 b6d8,1231,78,85,349,advantage middlegame short,https://lichess.org/x96V69hr/black#63,,
00VNr,5rk1/npp3p1/p3pr1p/2b5/3NR3/4B2P/PPP2PP1/R5K1 w - - 5 22,e4e6 c5d4 e6f6 d4f6 e3a7 b7b6,1823,74,93,2306,crushing defensiveMove long middlegame,https://lichess.org/fNuigLTb#42,,
00VQ7,r2q1r1k/pppn2pp/2n1B3/6b1/5B2/2N2Q2/PPP3PP/2KR1R2 w - - 1 15,f4g5 d8g5 c1b1 f8f3,1607,99,73,23,crushing middlegame short,https://lichess.org/mstWBf97#28,Kings_Gambit_Accepted Kings_Gambit_Accepted_Fischer_Defense,
00VSe,6nr/1pN2ppp/p2Qbk2/2B1p3/3nq3/8/PP2BPPP/5K1R w - - 8 19,c5d4 e4b1 e2d1 b1d1,821,100,94,491,mate mateIn2 middlegame short,https://lichess.org/xBVkshTD#36,Sicilian_Defense Sicilian_Defense_Lowenthal_Variation,
00VT0,1r3b1r/pp1bk1pp/6q1/3QPn2/3P1B2/2P5/PP4PP/RN3RK1 w - - 3 17,e5e6 d7c6 d5c6 b7c6,1752,75,92,1050,crushing middlegame short,https://lichess.org/S9Wa2sWM#32,Italian_Game Italian_Game_Two_Knights_Defense,
00VXe,rn1q1knr/pbpp4/1p2ppQ1/6N1/1bPP3p/2N3B1/PP2PPPP/R3KB1R b KQ - 0 10,f6g5 g3e5 h8h7 g6h7,1519,78,86,74,advantage middlegame short,https://lichess.org/3VBJUDYD/black#19,English_Defense English_Defense_Other_variations,
00Vdx,2k3rr/ppp2p1p/2np1B2/8/4P3/2NB1b2/PPP2PPP/R4RK1 w - - 1 13,f6h8 g8g2 g1h1 g2g4,1441,75,91,246,discoveredAttack kingsideAttack mate mateIn2 middlegame short,https://lichess.org/z9NeMacX#24,Kings_Pawn_Game Kings_Pawn_Game_Busch-Gass_Gambit,
00ViT,6k1/5pp1/4p2p/1p1bPP2/1P1P1KP1/1r6/3B1R1P/8 w - - 0 37,f5f6 g7g5,1405,111,69,64,endgame mate mateIn1 oneMove,https://lichess.org/GZhSC72T#72,,
00VoA,r3r1k1/2pqbppp/ppn2n2/3p4/NP1P2b1/P3P1P1/1BQ1NPBP/2R1K2R b K - 1 14,g4f5 c2c6 d7c6 c1c6,1492,75,88,1521,advantage middlegame short,https://lichess.org/K5lY640W/black#27,Anderssens_Opening Anderssens_Opening_Other_variations,
00Vqp,8/5ppp/4p3/p6k/6R1/4P2P/3q1PP1/2R3K1 w - - 2 33,c1c7 d2d1 g1h2 d1d6 g2g3 d6c7,1562,75,81,206,crushing endgame fork long queenRookEndgame,https://lichess.org/XBjzqhJt#64,,
00Vt0,1k4r1/pp3p2/3qp3/2N5/1P1bp3/P3P3/5P2/2RR1K2 b - - 1 27,d6e5 c5d7 b8a8 d7e5,797,99,96,578,advantage endgame fork short,https://lichess.org/Slko3RVs/black#53,,
00W3Q,3r1k2/5p2/Np3P1p/1P2pR2/2p1N3/b1P1n3/P5PP/6K1 w - - 0 32,f5e5 d8d1 g1f2 e3g4 f2e2 d1d3,2157,92,83,49,advantage endgame fork long master masterVsMaster,https://lichess.org/aznxTSjS#62,,
00W5B,1r4k1/p5pp/5p2/2Rb4/1P4P1/P2r4/3P3P/3B1RK1 b - - 3 34,d3d2 c5d5 d2d5 d1b3 g8f8 b3d5,1404,75,81,259,advantage attraction endgame long pin sacrifice,https://lichess.org/6Gi4gAvw/black#67,,
00WDP,1r2kb1r/p4ppp/Q1n5/2qpP1Bb/8/5N1P/P2N1PP1/R4RK1 b k - 2 16,b8b6 a6c8 c6d8 c8d8,1195,77,89,475,mate mateIn2 middlegame short,https://lichess.org/8oXY3LOe/black#31,Bishops_Opening Bishops_Opening_Ponziani_Gambit,
00WJN,5Q2/7K/8/8/4p2P/3kq3/8/8 b - - 1 53,e3g3 f8a3 d3d2 a3g3,1365,76,85,604,crushing endgame queenEndgame short skewer,https://lichess.org/27eUCFoJ/black#105,,
00WNb,8/8/1KpB4/Pb6/1P5p/5k2/8/8 b - - 3 55,f3g2 a5a6 g2f3 a6a7,1051,76,83,237,advancedPawn bishopEndgame crushing endgame master short,https://lichess.org/y1pq4fXt/black#109,,
00WT8,r4rk1/ppp3pp/1b1p4/3P2q1/4B3/2P3P1/PP2QPK1/R4R2 w - - 0 20,f1h1 f8f2 e2f2 b6f2,969,77,94,716,advantage fork middlegame short,https://lichess.org/nOoSj8Dd#38,,
00WTN,8/7R/B2k4/2pnp3/P7/3KP3/1r6/8 w - - 1 43,a6c4 e5e4 d3e4 d5f6,1920,75,96,5440,attraction crushing endgame master short,https://lichess.org/BRK2G49n#84,,
00WUu,r3k1nr/pp3ppp/1q2b3/8/1n1p4/6P1/PB1QPPBP/R3K1NR w KQkq - 0 13,b2d4 b6d4 d2d4 b4c2 e1f1 c2d4,1544,77,88,1089,attraction crushing fork long opening sacrifice,https://lichess.org/lxJ3tlcz#24,Queens_Gambit_Declined Queens_Gambit_Declined_Tarrasch_Defense,
00WbE,5rk1/2pp1q1p/n5p1/pp1PP3/3PB1PP/P2Q1p2/5P2/R5K1 w - - 0 25,d3b5 f7f4 b5d7 f4e4,1719,77,79,48,crushing endgame short,https://lichess.org/kCb1myun#48,,
00WcO,r1b1kb1r/ppp4p/3p1q1p/1B1Qp3/4P3/2N5/PPP2PPP/R3K2R b KQkq - 1 10,c7c6 b5c6 b7c6 d5c6,960,79,52,265,crushing middlegame short,https://lichess.org/azvNmdyf/black#19,Italian_Game Italian_Game_Other_variations,
00Wfh,r2q2k1/1p2b1p1/p1np1r1p/2BR4/4p3/7P/PP1Q1PPN/3R2K1 b - - 1 19,d8a5 d2a5 c6a5 c5d4,2263,82,52,38,advantage master middlegame short,https://lichess.org/LDXI3geE/black#37,Sicilian_Defense Sicilian_Defense_Smith-Morra_Gambit,
00Wfu,3qr1k1/p4p1p/6p1/3pQ3/8/1P3P2/P5PP/3R2K1 w - - 2 26,e5d5 e8e1 d1e1 d8d5,1332,107,73,27,advantage deflection endgame master short,https://lichess.org/gxWHwrUj#50,,
00Wi9,8/8/3n1P2/2k5/2pp1K2/P7/8/3B4 w - - 2 63,f4e5 d4d3 f6f7 d6f7,1881,74,97,2066,crushing endgame short,https://lichess.org/kGGKKGh6#124,,
00WiB,3q1rk1/4pp1p/p4Pp1/4p1P1/b1PpP2Q/3n3P/Pr2N1B1/R4RK1 b - - 1 22,b2e2 h4h6 e7f6 g5f6 d8f6 f1f6,1353,74,93,1019,advantage long master middlegame,https://lichess.org/DU4WJjPm/black#43,,
00WlQ,2r1r1k1/pp3pp1/4bb1p/2qp4/Q7/1PNRPN2/P4PPP/3R2K1 w - - 0 19,c3d5 e6d5 a4e8 c8e8,1129,76,93,1266,crushing middlegame short,https://lichess.org/ykiI26Nj#36,Queens_Gambit_Declined Queens_Gambit_Declined_Exchange_Variation,
00WmI,1nbqkbnr/r4ppp/p7/1ppB4/8/2NP4/PPP2PPP/R1BQK1NR w KQk - 1 8,c1e3 b5b4,1313,76,72,142,advantage oneMove opening,https://lichess.org/Xj2zo6H9#14,Sicilian_Defense Sicilian_Defense_Bowdler_Attack,
00WnZ,r1b1kb1r/pp2q3/2n3p1/2p1P2p/5Q2/1P2pN2/PBP3PP/2KR1B1R w kq - 0 16,f4e3 f8h6 e3h6 h8h6,1150,76,89,194,advantage middlegame pin short,https://lichess.org/N1ZbVg79#30,Nimzo-Larsen_Attack Nimzo-Larsen_Attack_Modern_Variation,
00WoW,8/4kppR/r1p1p2p/p3P2P/4P1P1/1pP1KP2/6B1/8 w - - 0 29,e3d2 a5a4 g2f1 a4a3 f1a6 a3a2,2242,77,95,777,advancedPawn advantage endgame long quietMove sacrifice,https://lichess.org/cuQl3aZ8#56,,
00WqT,r4r2/1ppb1p2/p2p2pk/5P2/4P3/2PBB1R1/PKP2P1q/8 b - - 4 26,h6h5 d3e2 h5h4 e3g5,1606,75,97,14732,mate mateIn2 middlegame short,https://lichess.org/HcfiWViE/black#51,,
00Wqc,4k3/5p2/3P4/p5p1/6Pp/1P1K3n/P7/2B5 w - - 0 33,d3e3 h3f4 e3f3 h4h3,1594,148,88,6,crushing endgame quietMove short,https://lichess.org/dR2Wb2zs#64,,
00WsE,r2qkb1r/1Q1npppp/p2pb3/8/4P3/5N2/PPP2PPP/R1B1KB1R w KQkq - 1 9,f1a6 d8a5 b2b4 a5a6 b7a6 a8a6,1444,83,80,48,advantage long opening,https://lichess.org/rbi2PN9x#16,Sicilian_Defense Sicilian_Defense_Modern_Variations,
00WvA,6k1/5pp1/2p4p/1pP5/qP2P3/5P2/1QKR2P1/4r3 w - - 11 42,b2b3 e1c1 c2c1 a4b3,1188,77,93,3854,crushing deflection endgame short,https://lichess.org/BrNXLzGk#82,,
00Wyh,2r5/8/8/pNp1r2p/3kNppP/1P1P4/2R2K2/8 b - - 2 42,d4d3 c2d2 d3e4 b5d6,1753,77,94,10458,endgame mate mateIn2 sacrifice short,https://lichess.org/2mLJufzX/black#83,,
00WzB,8/8/8/P1K1p3/5k1p/5b1B/5P2/8 w - - 3 46,h3f1 f3a8 c5d6 e5e4 f1g2 f4g4 a5a6 h4h3 g2h1 e4e3 h1a8 e3f2 a8f3 g4g3 a6a7 f2f1q a7a8q f1f3,2895,110,91,1734,advancedPawn bishopEndgame crushing endgame promotion quietMove veryLong,https://lichess.org/VEqrGfJg#90,,
00WzS,r2qk2r/2pn1p1n/pp1p2bp/3Pp1bB/PPP1P3/2N1B3/3N2PP/R2Q1RK1 w kq - 3 17,h5g6 g5e3 g1h1 f7g6,1474,76,92,292,advantage hangingPiece intermezzo middlegame short,https://lichess.org/pGUj7Dyu#32,St_George_Defense St_George_Defense_Other_variations,
00X0Q,6R1/8/8/8/1KP5/3r4/PP3kp1/8 w - - 3 52,c4c5 d3g3 g8g3 f2g3 c5c6 g2g1q,1413,75,99,955,advancedPawn crushing endgame long promotion rookEndgame,https://lichess.org/aWPHCaqm#102,,
00X1l,5r1k/Q6p/1pb3p1/4q3/4p3/1BP2p1P/PP4P1/5RK1 b - - 0 30,f3g2 f1f8,852,100,83,368,endgame hangingPiece mate mateIn1 oneMove,https://lichess.org/IPGWdtue/black#59,,
00X2S,2kr4/1p4pp/p1p1b3/Q3Bq2/8/4PB2/1PP2PPP/1K6 b - - 2 24,g7g5 a5c7,1134,244,30,16,endgame mate mateIn1 oneMove,https://lichess.org/4JI17kTq/black#47,,
00X2j,8/5KP1/R1k5/8/2pp4/8/8/6r1 b - - 1 50,c6c5 a6g6 g1g6 f7g6 d4d3 g7g8q,1563,75,98,4982,advancedPawn crushing endgame long promotion rookEndgame,https://lichess.org/GY1HtJCo/black#99,,
00X5w,r2q1r1k/1ppbb1pn/p1n4p/3Qpp2/B3P3/2P2N1P/PP3PP1/R1B1RNK1 w - - 2 14,f3e5 c6e5 a4d7 e5d7,1249,75,93,4357,advantage middlegame short,https://lichess.org/tzCvvvDs#26,Ruy_Lopez Ruy_Lopez_Morphy_Defense,
00XAG,1r1r2k1/p3ppb1/b3q1pp/2p5/2N5/1Q1RB3/P4PPP/2R1N1K1 b - - 0 21,b8b3 d3d8 g8h7 a2b3,1901,200,29,27,advantage hangingPiece intermezzo middlegame short,https://lichess.org/cfhyIaNG/black#41,,
00XCT,6Q1/7K/2k5/3r4/8/8/8/8 w - - 5 82,h7h8 d5h5 g8h7 h5h7,1040,86,100,181,endgame equality queenRookEndgame short,https://lichess.org/I94rnuWS#162,,
00XNY,2r5/p4p1k/1p1pq3/2p2p2/7R/2Q4P/1P3PP1/6K1 b - - 1 34,h7g8 c3h8,501,94,79,105,endgame mate mateIn1 oneMove,https://lichess.org/eG661aPJ/black#67,,
00XPO,r2q1r1k/1pp3p1/1b2b2p/3n4/pP6/P1P2N1P/1BB2PP1/R2QK2R w KQ - 0 20,d1d3 e6f5 e1c1 f5d3,1726,75,93,426,crushing middlegame short,https://lichess.org/ybuM6OK3#38,,
00XPh,2br3k/5p1p/ppn2Np1/2b1q1P1/2P1p2N/P7/1PQ1B1K1/R4R2 w - - 6 27,c2c1 c5d6 c1f4 e5f4 f1f4 d6f4,2444,76,81,367,crushing long middlegame,https://lichess.org/8CP4mZnr#52,,
00XTV,8/2k4p/p2p2p1/2pP1p2/2P4P/3K4/P2R1PP1/4r3 w - - 0 28,d2e2 e1e2 d3e2 c7b6 e2f3 b6a5 a2a3 a5a4,1629,74,94,10519,crushing endgame master rookEndgame veryLong,https://lichess.org/6kM7Fimp#54,,
00XXM,3r1br1/Qpqk1p2/p1p1p2p/3nP3/8/2P1NP1N/PP6/1K1R3R b - - 3 25,f8e7 c3c4 b7b6 a7c7 d7c7 c4d5,1759,73,95,9473,advantage long middlegame pin,https://lichess.org/Pd55n9kL/black#49,,
00XZR,8/2p5/p1n5/1pP1p2k/1P1p4/P2P3P/5P2/R4KRq b - - 9 34,h1h3 f1e2 e5e4 g1h1 e4d3 e2d2,1638,74,92,753,crushing defensiveMove endgame long pin,https://lichess.org/cvl7Zq2b/black#67,,
00XbN,6k1/R4p1p/6P1/3p4/8/2b5/1r2rBPP/5RK1 b - - 0 26,e2f2 g6f7 g8f8 a7a8,2155,75,91,1952,advancedPawn advantage endgame short,https://lichess.org/RsJhaWfC/black#51,,
00Xfn,rn4k1/pp1q1r2/2pp2B1/3P4/2PB2b1/8/P2K1PP1/7R b - - 1 21,c6d5 h1h8,1416,89,75,320,mate mateIn1 middlegame oneMove,https://lichess.org/UcRGVasb/black#41,,
00Xiu,8/pp3Q1p/1n2B1pk/8/6Pq/7P/PPP2P2/2K5 w - - 10 31,f2f4 h4e1,608,84,79,145,endgame mate mateIn1 oneMove,https://lichess.org/cVckB6RZ#60,,
00XoP,6r1/p6k/1p4rp/3q1Q2/8/P7/4Rp1P/5R1K w - - 0 37,f5d5 g6g1 f1g1 f2g1q,694,86,75,60,advancedPawn endgame mate mateIn2 promotion queenRookEndgame short,https://lichess.org/KLJMqvTZ#72,,
00Xop,r2q1rk1/2p2nbp/1B1p2p1/4p1N1/4P1P1/1bN4P/PP1Q1P2/2KR3R w - - 0 18,b6c7 d8c7 a2b3 f7g5,2501,93,89,909,crushing hangingPiece master middlegame short,https://lichess.org/Bw3qJ0LJ#34,Queens_Pawn_Game Queens_Pawn_Game_Other_variations,
00Xp9,r2r2k1/p4ppp/1p6/N1p1n3/4n3/P3P3/1P2BPPP/1R1R2K1 w - - 0 20,a5c4 e5c4 e2c4 e4d2,1917,102,88,25,crushing master middlegame short,https://lichess.org/y5EZvhc9#38,,
00Xr8,6k1/pp1n3p/2p1bppb/2q1p3/2P1P3/1PQN1PPP/PB4BK/8 b - - 5 25,c5e3 b2c1 e3d4 c3d4 e5d4 c1h6,1479,75,89,304,crushing long middlegame,https://lichess.org/mvexWrte/black#49,,
00Y1c,5rk1/Q4p2/5p1p/2q5/8/8/P1r2PPP/3RR1K1 w - - 4 23,a7d7 c5f2 g1h1 f2g2,839,85,96,427,endgame mate mateIn2 short,https://lichess.org/T4YH4yAb#44,,
00Y5Q,rnbq1rk1/pp2b2p/4p2p/3p1p1Q/2pP4/P1N5/1PP1PPPP/2KR1BNR w - - 0 11,h5h6 e7g5 h6g5 d8g5,870,91,95,883,crushing fork opening short,https://lichess.org/56Atk60f#20,Richter-Veresov_Attack Richter-Veresov_Attack_Other_variations,
00YCP,2k3nr/1ppr2pp/p3pp2/2b5/5P2/1N2nN2/PP4PP/1RB1R1K1 b - - 3 15,c5a7 c1e3 a7e3 e1e3,884,81,89,336,advantage middlegame short,https://lichess.org/UMVnTZ8x/black#29,Englund_Gambit Englund_Gambit_Other_variations,
00YHj,5k2/1p6/8/4p2B/1R2Pp1p/3r1KpP/8/8 w - - 1 50,f3e2 d3e3 e2f1 f4f3 h5f3 e3f3,2263,80,91,7517,crushing endgame long,https://lichess.org/BqUcvzk5#98,,
00YMX,r5k1/1p2pp2/p2p3B/3P1P2/2P1P3/3p3Q/Pq6/R4K2 w - - 0 29,h3g4 g8h7 a1e1 h7h6,1608,209,100,11,defensiveMove endgame equality short,https://lichess.org/78vTggqs#56,,
00YYk,2kr2r1/1p1q3p/p1nb4/2p1p3/2N1R3/3P1QP1/PPP5/R1B3K1 b - - 4 22,d8f8 f3f8 g8f8 c4b6 c8c7 b6d7,1959,75,90,804,advantage fork long middlegame sacrifice,https://lichess.org/zIkElcfI/black#43,,
00YbG,8/7p/3k2p1/p5P1/P2K4/8/8/8 b - - 4 47,d6c6 d4c4 c6d6 c4b5,1752,78,62,64,crushing endgame pawnEndgame short zugzwang,https://lichess.org/onsKQucl/black#93,,
00YbZ,b6k/8/6p1/4q2p/1Q3r1P/P1N3R1/1PP3PK/8 w - - 3 35,b4b6 f4h4 h2g1 e5e1,1433,75,94,5078,endgame mate mateIn2 pin short,https://lichess.org/gzVgXweE#68,,
00Ybq,2rr4/4kp2/p3p2q/1p3nNP/3PQP2/P1N5/1P3K2/6R1 b - - 0 34,d8d4 e4b7 d4d7 b7c8,1176,76,93,1982,crushing fork middlegame short,https://lichess.org/TunHPHtZ/black#67,,
00Ydr,r2qkb1r/p2p2pb/1p1PpN2/2p1Pp2/2P2P1P/4K3/PP2B1P1/3Q3R b kq - 2 21,g7f6 e2h5 h7g6 h5g6,1076,89,80,34,mate mateIn2 middlegame short,https://lichess.org/3hQsr2bX/black#41,,
00YeV,r2qr1k1/ppp2ppp/2nbp3/5b2/3P4/2P1BN2/P1PQBPPP/3R1RK1 b - - 7 11,d8f6 e3g5 f6g6 f3h4 h7h6 h4g6,1375,75,80,161,crushing long middlegame trappedPiece,https://lichess.org/wqxB0iyn/black#21,Scandinavian_Defense Scandinavian_Defense_Marshall_Variation,
00Yey,r3kb1r/4ppp1/3q2p1/p2p4/Pp1Pn3/6N1/1PP1QPPP/R1B1R1K1 w kq - 4 17,g3e4 d6h2 g1f1 h2h1,955,81,93,128,kingsideAttack mate mateIn2 middlegame short,https://lichess.org/arVbaWDk#32,Caro-Kann_Defense Caro-Kann_Defense_Two_Knights_Attack,
00Ygn,5rk1/p3Rp1p/5pp1/np1q4/r2P4/2P2N2/PQ3PPP/2R3K1 w - - 4 22,e7a7 a5c4 a7a4 c4b2,1523,76,94,616,crushing middlegame short,https://lichess.org/B6LsArpZ#42,,
00YhS,7K/8/8/5p2/4kP2/8/6P1/8 w - - 1 62,g2g3 e4f3 h8g7 f3g3 g7f6 g3f4,982,107,68,44,crushing endgame long pawnEndgame,https://lichess.org/JnQJMMAX#122,,
00Yjy,6k1/5p1p/B2bp2q/5p2/6rP/1P4P1/1Q3P2/5R1K w - - 3 34,f1d1 g4h4 g3h4 h6h4 h1g2 h4g4 g2f1 g4d1,2019,78,68,66,crushing endgame exposedKing fork sacrifice veryLong,https://lichess.org/f0Kyo2Fh#66,,
00YqR,5k2/p1p4p/1pPpBp2/2qP3b/8/2PQ4/P6P/7K w - - 0 33,d3h7 h5f3,894,79,100,92,endgame mate mateIn1 oneMove,https://lichess.org/5b6k1W51#64,,
00Yqw,1Qbk1b1r/4rpp1/p1BP3p/8/3q4/6P1/1PP3PP/1K5R b - - 0 33,e7d7 c6d7 d4c5 d7c8,1895,75,67,52,crushing middlegame pin short,https://lichess.org/bJncxL9v/black#65,,
00Yuf,5rk1/n1q2ppp/1p1bpn2/1B1p1b2/NP1P4/P3PN2/3B1PPP/3Q1RK1 w - - 0 19,b5e2 f5c2 d1a1 c2a4,1931,73,95,13432,advantage interference middlegame short,https://lichess.org/1vvu6Sdh#36,Slav_Defense Slav_Defense_Quiet_Variation,
00Z8S,8/5p2/4p1k1/4P3/8/1R4Pn/1P2Kp2/5N1r w - - 2 46,b3f3 h3g1 e2f2 g1f3,1423,174,50,13,crushing endgame fork short,https://lichess.org/9gYe3YHy#90,,
00ZAn,rnbqk1nr/ppp1b1pp/3p4/4p3/2B1P3/5N2/PPPP2PP/RNBQK2R w KQkq - 0 6,f3e5 d6e5 d1h5 g7g6 h5e5 g8f6,1801,75,84,139,advantage hangingPiece long opening,https://lichess.org/uS929Njx#10,Kings_Gambit Kings_Gambit_Other_variations,
00ZDZ,8/pp4k1/2p3p1/3nRr2/3P1Pp1/2P3K1/PP6/5R2 w - - 3 36,g3g4 f5e5 d4e5 d5e3 g4f3 e3f1,1622,74,96,3031,advantage endgame fork long,https://lichess.org/G2FHAUMb#70,,
00ZEW,r1b5/pppqNkp1/3p3p/6rn/1PP2p1N/P5P1/4Q2P/4RRK1 b - - 3 22,g5e5 e2h5 e5h5 f1f4 f7e8 e7g6,2286,83,90,1692,advantage discoveredAttack long middlegame pin sacrifice,https://lichess.org/cjMxj5uZ/black#43,,
00ZEc,1r3bk1/5p2/3P1qRP/r1n1p3/ppB5/P2Q1P2/1PP5/1K6 b - - 0 35,g8h7 g6g7 h7h6 d3h7,1798,74,96,15608,doubleCheck mate mateIn2 middlegame short,https://lichess.org/7IfLNNVB/black#69,,
00ZK8,r1bq1b1r/pp3kpp/3p1n2/3Q4/2n1P3/5N2/PP3PPP/RNB1K2R b KQ - 1 10,c8e6 f3g5 f7g6 d5e6,2380,75,82,328,advantage deflection opening short,https://lichess.org/NOQlRyAF/black#19,Sicilian_Defense Sicilian_Defense_Old_Sicilian,
00ZKw,rn1q1r1k/ppp5/1b2ppQ1/6B1/8/2P5/PP4PP/RN3R1K w - - 2 18,f1f6 d8d1 f6f1 f8f1,1017,96,54,35,backRankMate mate mateIn2 middlegame short,https://lichess.org/eyMv5HY5#34,Kings_Gambit_Accepted Kings_Gambit_Accepted_Kings_Knights_Gambit,
00ZN7,3q2k1/8/Q2p2p1/3P1p1p/1p2P1nP/1Pp5/2P3P1/5R1K w - - 0 36,e4f5 d8h4 h1g1 h4h2,1009,75,100,385,endgame mate mateIn2 short,https://lichess.org/U0LXbVT4#70,,
00ZPK,5r2/R2R1pk1/P7/5pp1/8/1KP5/5r2/8 b - - 0 44,g5g4 d7f7 f8f7 a7f7 g7f7 a6a7,919,91,94,1071,advancedPawn advantage endgame long master rookEndgame sacrifice,https://lichess.org/Y6yYxIcG/black#87,,
00ZSZ,3r4/6pp/pNnNpk2/1p6/3pR3/8/PPP2PPK/8 w - - 4 32,e4f4 f6e5 d6f7 e5f4 f7d8 c6d8,1027,79,94,1060,advantage defensiveMove endgame long,https://lichess.org/66DBsV70#62,,
00ZWD,6k1/4bpp1/1q2p3/p2pP1N1/3P3P/1P1Q2K1/5P2/8 b - - 0 33,b6b4 d3h7 g8f8 h7h8,769,102,94,277,endgame mate mateIn2 short,https://lichess.org/2rMTqooF/black#65,,
00ZWf,r1b2bnr/ppQp3p/2n2q1k/6pP/2B1P3/3P4/PPP2PP1/RNB1K2R w KQ - 1 11,c2c3 f8d6 c7d6 f6d6,1368,75,96,8581,crushing middlegame short trappedPiece,https://lichess.org/bFAkQOCQ#20,Kings_Pawn_Game Kings_Pawn_Game_Damiano_Defense,
00ZeT,1Q1k4/4r3/2q4p/2p1pp1P/2Bb4/1P6/P6K/4R3 b - - 4 43,d8d7 c4b5 c6b5 b8b5,1296,75,96,23596,crushing endgame pin short,https://lichess.org/c6iAy1Zc/black#85,,
00Zh6,r1bqkn1r/ppb1n1pp/2p1pB2/4N3/3PN3/3B4/PPPQ1PPP/R3K2R b KQkq - 0 12,g7f6 e4f6,921,77,89,127,mate mateIn1 middlegame oneMove,https://lichess.org/SWXElkIy/black#23,French_Defense French_Defense_Normal_Variation,
00Zit,r3kb1r/ppp2pp1/3p4/1P2p3/2P3pn/2N1P2q/PB1P1P1N/R2Q1RK1 w kq - 0 15,d1g4 h4f3 h2f3 h3g4,1142,75,90,525,deflection kingsideAttack mate mateIn2 middlegame short,https://lichess.org/3L9d0QhX#28,Polish_Opening Polish_Opening_Czech_Defense,
00Zks,8/P1R4p/5pk1/4q1p1/5P2/6KP/5QP1/7r b - - 0 51,e5c7 a7a8q c7c3 a8f3,1783,75,82,82,advancedPawn advantage defensiveMove endgame promotion short,https://lichess.org/CPhnVb98/black#101,,
00Zx9,r1b1k1nr/ppp2ppp/3p2q1/4R1B1/2B2P2/7P/P5P1/1N1Q2K1 b kq - 0 14,d6e5 d1d8,859,77,98,327,mate mateIn1 middlegame oneMove,https://lichess.org/s1lQFfLx/black#27,Scotch_Game Scotch_Game_Haxo_Gambit,
00a2M,r3r1k1/ppp2p1p/3p2pQ/8/1q6/3B1N2/nBK3PP/7R b - - 3 22,b4c5 c2b3 e8e5 f3e5 d6e5 h6h4,2080,215,-33,8,advantage defensiveMove long middlegame,https://lichess.org/PReNb2iq/black#43,,
00a98,4r1k1/p4p2/1p3q1p/1P6/3b2p1/P3B1P1/Q1P2PKP/4R3 w - - 0 32,e3d4 f6f3 g2f1 f3h1,1649,94,81,19,endgame mate mateIn2 short,https://lichess.org/pgdIGRB3#62,,
00aBq,r2r2k1/pp3ppp/1qn2b2/3R4/4QB2/1P3N2/P4PPP/4R1K1 b - - 0 18,d8d5 e4e8 a8e8 e1e8,910,83,88,317,backRankMate mate mateIn2 middlegame sacrifice short,https://lichess.org/0AybhVJm/black#35,Queens_Pawn_Game Queens_Pawn_Game_London_System,
00aDl,r5k1/1p3p2/2p1ppp1/3p4/2nP4/1QB2B1P/rPP2PP1/qNKR3R w - - 3 22,f3e2 a1b1 c1b1 a2a1,1384,72,95,26371,attraction mate mateIn2 middlegame queensideAttack sacrifice short,https://lichess.org/pc79SSEd#42,,
00aEe,rn3rk1/p4p1p/1p4p1/2p5/3n2PP/2Q4N/qPP3B1/2KR3R w - - 2 19,g2a8 d4e2 c1d2 e2c3,1459,133,64,14,crushing fork middlegame short,https://lichess.org/sWKGI4XE#36,French_Defense French_Defense_Paulsen_Variation,
00aL1,8/5pr1/1Q4k1/p2pp3/5Rp1/6P1/5PKP/3q4 b - - 1 33,g6h7 f4f5 d1f3 f5f3,2007,79,66,57,advantage endgame short,https://lichess.org/UKybXdi1/black#65,,
00aME,r1b2rk1/2qnbppp/3p1n2/1pp5/4PP2/1PNQ1N2/P3B1PP/1RB2RK1 w - - 0 14,d3b5 c8a6 b5a6 a8a6,1307,75,87,609,advantage middlegame short,https://lichess.org/16LXTr5C#26,Center_Game Center_Game_Other_variations,
00aNB,8/8/pp3k1K/2p4P/P7/2P5/8/8 w - - 0 44,h6h7 c5c4 h7g8 f6g5 g8f7 b6b5 a4b5 a6b5 f7e6 b5b4,2227,148,39,20,crushing endgame pawnEndgame quietMove veryLong,https://lichess.org/yR9wiOTR#86,,
00aYp,2rq1rk1/p1n1bp2/1p2p1pN/3nP2p/3P3P/P2Q1N2/1P4P1/RBB3K1 b - - 1 21,g8g7 h6f7 f8f7 d3g6,1797,78,74,71,crushing master middlegame short,https://lichess.org/AaaUgm4I/black#41,,
00aZ3,8/6k1/1n6/1K2p1p1/P5P1/1B3r2/1PP5/8 b - - 1 36,b6d5 b3d5 f3f4 a4a5 e5e4 a5a6 e4e3 a6a7,2105,76,88,719,advancedPawn crushing endgame hangingPiece quietMove veryLong,https://lichess.org/0yMvFk5C/black#71,,
00abm,r1b1k2r/ppp2p2/2nppq1p/3P2p1/1bP3P1/2N2N2/PP2PPP1/2RQKB1R b Kkq - 0 11,c6e5 d1a4 e8f8 a4b4,1346,76,56,193,crushing fork middlegame short,https://lichess.org/6xRIE4k2/black#21,English_Opening English_Opening_Anglo-Indian_Defense,
00ae5,2r1kb1r/1p3pp1/pqn1pnp1/3p4/1P1P1B2/P1N2N1P/2P2PP1/R2QK2R b KQk - 0 13,c6b4 c3a4 b6b5 a3b4,2369,139,100,25,equality middlegame short,https://lichess.org/VPTKzgUW/black#25,,
00agR,8/5pp1/p4n1p/1p2k3/8/1PK1P3/P1B2P1P/8 w - - 2 31,h2h3 f6e4 c2e4 e5e4,1929,75,96,2082,crushing endgame short,https://lichess.org/MUIpGzM3#60,,
00all,6k1/5ppp/4p1b1/1N1pP3/1P1n4/r7/5PPP/2R2BK1 b - - 0 25,d4b5 c1c8,505,104,89,83,backRankMate endgame mate mateIn1 oneMove,https://lichess.org/84IXBueE/black#49,,
00asK,2r3k1/R4ppp/8/4P3/4Q3/1qn3B1/5PPP/2R3K1 w - - 0 30,c1c3 b3d1 e4e1 d1e1,1460,87,86,89,endgame mate mateIn2 short,https://lichess.org/hlWKSG6i#58,,
00au3,4B3/8/1p1k1p1p/5Pp1/p1P3P1/1nK4P/1P6/8 b - - 9 48,d6c5 e8a4 b3c1 b2b4,1123,76,89,392,crushing endgame short,https://lichess.org/yPpeNCSO/black#95,,
00awL,4q1r1/k2r1Rp1/ppp4p/2Qp4/3P4/2P1P3/PP4P1/2K2R2 w - - 0 35,c5c6 d7f7 f1f7 e8f7,1712,74,87,162,crushing endgame short,https://lichess.org/TPaROV8B#68,,
00b58,4k2r/1bq2pb1/4p3/1p4p1/2pn4/R4N2/1P2BPPP/3Q1RK1 w k - 2 17,f3d4 c7h2,1054,80,93,85,kingsideAttack mate mateIn1 middlegame oneMove,https://lichess.org/DvqCBvCz#32,Queens_Gambit_Declined Queens_Gambit_Declined_Three_Knights,
00b6f,6k1/8/5B2/1R3pK1/6p1/6P1/P4P1q/8 w - - 0 41,g5f5 h2h5 f6g5 h5f7 f5g4 f7c4,1714,89,77,31,crushing endgame long,https://lichess.org/8DcVY76B#80,,
00b7t,r2qr1k1/pb3pp1/1p4n1/3p4/1P2p2p/P1P1N1P1/2Q1PPBP/3R1RK1 w - - 0 20,g2e4 e8e4 c2e4 d5e4 d1d8 a8d8,1522,75,96,3844,advantage long middlegame,https://lichess.org/USUzRjja#38,,
00bFH,4r1k1/1q3ppp/3B1n2/p2P4/8/Pp3Q1P/5PPN/1R4K1 w - - 0 27,f3b3 e8e1 b1e1 b7b3,1602,168,100,27,deflection equality middlegame short,https://lichess.org/E8lzVecv#52,,
00bGq,1k3r2/ppp2r1p/1b1pQP1p/8/3P3P/2P3R1/Pq4P1/5R1K b - - 0 22,b2b5 e6f7 b5f1 h1h2 f8c8 f7e6,2690,116,87,168,advantage long middlegame,https://lichess.org/GVwrEInE/black#43,,
00bQA,r7/6k1/2b1R1n1/1p3nR1/1P1p3p/3P1PpP/2N3P1/6K1 b - - 0 40,f5e7 e6e7 g7f6 g5g6 f6e7 g6c6 e7d7 c6c5,2229,77,87,597,crushing exposedKing master middlegame pin skewer veryLong,https://lichess.org/1NlzMdB5/black#79,,
00bQR,2r4r/pp1k1ppp/1q2p3/3pP3/Pb1n4/1P1Q4/3B1PPP/RN3RK1 b - - 5 15,c8c2 a4a5 b6c5 d2b4 c5b4 a1a4,2484,87,84,91,advantage long middlegame,https://lichess.org/1RHiWlzj/black#29,French_Defense French_Defense_Advance_Variation,
00bSy,1kr1r3/1pp4p/p2b2p1/3N1p2/P7/3P1Q1P/2R2PP1/2R1q1K1 w - - 7 27,c1e1 e8e1,611,82,100,133,kingsideAttack mate mateIn1 middlegame oneMove,https://lichess.org/s7Pa0Pux#52,,
00bTs,2r4k/6bP/8/3p4/pp1qn3/3N1Q2/PPP3R1/1K5R w - - 5 35,g2g7 e4d2 b1a1 d2f3,1088,80,94,945,advantage fork middlegame short,https://lichess.org/PDAfQk7l#68,,
00bWA,2r1r1k1/3qbppp/pB6/3ppP2/2p1Q3/P6P/BPP3P1/R4RK1 w - - 0 22,e4e5 e7c5 e5d4 c5d4,1026,84,90,363,crushing middlegame short,https://lichess.org/JvdmqrAX#42,,
00bXU,5r1k/p3q1p1/1p4pp/1P1BP1n1/2P1n1P1/5N1P/6Q1/5RK1 b - - 4 34,g5f3 f1f3 f8f3 g2f3,1469,262,100,7,equality middlegame short,https://lichess.org/hnvrdsFu/black#67,,
00bZ2,4b1k1/1r2P2p/p1p3pP/6q1/3Q4/PB6/1PP3P1/1K6 b - - 0 36,b7b3 d4g7,1056,77,92,143,endgame mate mateIn1 oneMove,https://lichess.org/PL5NKKII/black#71,,
00baZ,r7/8/p1k5/1p1p1pn1/3R3p/2P1P2P/5P2/R5K1 w - - 0 31,d4h4 g5f3 g1g2 f3h4,813,86,88,396,crushing endgame fork short,https://lichess.org/tNXaI1nN#60,,
00beo,r4rk1/pb1p2pp/1p2p1q1/2b5/2P5/P1N1B2P/1P2BPP1/R2Q1RK1 w - - 5 18,d1d7 g6g2,1246,77,100,201,middlegame,https://lichess.org/9trsyHbZ#34,English_Opening English_Opening_Mikenas-Carls,
00bgO,8/8/1p1nk3/p2N4/2P1p3/PP2K3/8/8 b - - 4 46,e6d7 d5b6 d7c6 b6a4,2422,76,80,138,crushing defensiveMove endgame knightEndgame short,https://lichess.org/kVsJ1quC/black#91,,
00bhw,8/2pR3p/1p1b3k/p2B2pP/P1P2rP1/5P2/4r3/5R1K b - - 0 31,f4d4 d5e4 d4e4 f3e4,2243,77,90,619,crushing endgame short,https://lichess.org/CVsMMWzy/black#61,,
00blC,5r2/1Pk5/8/K7/8/1P3B2/8/8 w - - 1 47,f3d5 f8f5 b7b8b c7b8 a5b5 f5d5,1031,80,84,48,crushing endgame long pin,https://lichess.org/IdlWudUv#92,,
00bmj,r2q1k1r/p1p2ppp/1p6/8/3n2b1/1Q3NP1/PP1N1PP1/3RKB1R w K - 2 15,b3b4 c7c5 b4c4 d8e7 f1e2 b6b5 c4d3 g4f5 d3d4 c5d4,2446,83,38,94,advantage defensiveMove opening pin veryLong,https://lichess.org/FrYWZCWt#28,Queens_Pawn_Game Queens_Pawn_Game_London_System,
00bns,5nk1/1pp2ppp/p5q1/4PN2/2P2Q2/1P1rBP1P/r4P1K/4R3 b - - 5 30,f8e6 f5e7 g8f8 e7g6,978,135,68,32,crushing fork master middlegame pin short,https://lichess.org/qMrSgl2S/black#59,,
00bnu,2r2rk1/2QR1p1p/p3p1p1/1p4q1/5P2/P1N5/BPP3bP/2K4R w - - 1 20,c7c8 g5f4 c1b1 f8c8,1556,78,88,3247,advantage intermezzo middlegame short,https://lichess.org/zPFxVXT4#38,,
00bou,r1b1k1nr/pppp1ppp/3b4/3N2B1/3p4/8/PP1KBPPP/4R2R b kq - 3 11,f7f6 e2h5 e8f8 e1e8,1420,77,77,145,doubleCheck mate mateIn2 middlegame short,https://lichess.org/MIYxu2Dz/black#21,Kings_Pawn_Game Kings_Pawn_Game_McConnell_Defense,
00bpH,8/5p2/pq5p/1p5k/6B1/6P1/P6P/2Q4K b - - 0 36,h5g4 c1f4 g4h5 f4f5,1882,77,61,492,endgame mate mateIn2 queenEndgame short,https://lichess.org/vVLXcQQI/black#71,,
00byq,2r3k1/2r1bppp/3ppn2/qp6/3BP3/1Q4P1/PP3PBP/1RR3K1 w - - 5 21,d4e3 c7c1 b1c1 c8c1 e3c1 a5e1 g2f1 e1c1,996,81,91,483,advantage fork middlegame pin veryLong,https://lichess.org/gofuvC2L#40,,
00bzC,r1r3k1/2p3p1/p2p3p/Pp1Pp3/4P3/3P1p1q/R1Q2P1N/4R1K1 w - - 0 28,g1h1 h3g2,850,77,82,64,mate mateIn1 middlegame oneMove,https://lichess.org/VwQi9pgI#54,,
00bzy,4k1r1/p1p5/2P4p/3rNp2/1b1BnP1p/4PR1P/P6K/1R6 b - - 1 27,e4d2 b1b4 d2f3 e5f3,1543,90,84,55,advantage middlegame short,https://lichess.org/hR3zgrkT/black#53,,
00c0D,rnb1k2r/ppB2p2/8/3p2p1/3Q2np/2N2NK1/PPP1B1PP/R6R w kq - 0 14,g3h3 g4f2,817,91,76,68,doubleCheck mate mateIn1 middlegame oneMove,https://lichess.org/JCwpco4I#26,Queens_Pawn_Game Queens_Pawn_Game_Zukertort_Variation,
00c89,2r2rk1/6pp/p1q5/1pn2p2/1B1pPP2/3Pn1QB/1PP2R1P/6RK b - - 3 24,f8f6 g3g7,400,97,55,315,kingsideAttack mate mateIn1 middlegame oneMove,https://lichess.org/qy4azPDa/black#47,,
00cCK,3r4/1p3k1p/p1b2pp1/8/3rN3/P4P2/1P3KPP/3RR3 w - - 0 27,f2e3 d4d1 e1d1 d8d1,1250,77,82,452,crushing endgame short,https://lichess.org/K8cZoJ8R#52,,
00cW9,rn2kb1r/1bq2pp1/p3p2p/1p1nP3/2pP3B/2N2N2/1P1QBPPP/R4RK1 b kq - 1 13,f8b4 c3d5 b7d5 d2b4,1052,77,95,1242,advantage capturingDefender discoveredAttack middlegame short,https://lichess.org/gmYIh1Kp/black#25,Slav_Defense Slav_Defense_Geller_Gambit,
00cZ4,8/2R5/6pk/p3p2p/4Nq2/5n1P/P2R2P1/7K w - - 0 41,d2f2 f4h2,1059,79,87,202,endgame mate mateIn1 oneMove,https://lichess.org/uEKnkWhW#80,,
00cZE,4k3/5p2/3r4/pRp3Pp/2P1p3/6P1/1KP4P/8 w - - 0 31,b5c5 e4e3 g5g6 e8f8 c5a5 e3e2,2549,87,70,46,advancedPawn crushing endgame long rookEndgame,https://lichess.org/GXkr4U3u#60,,
00ccX,r4rk1/1p1b1pbp/p1pp2p1/8/2PNq3/1P2P2P/PB1Q1PP1/R2R2K1 w - - 0 19,d2d3 e4d3 d1d3 c6c5 b2c3 c5d4,1533,74,93,2074,crushing long middlegame,https://lichess.org/8wwce0l0#36,Nimzo-Larsen_Attack Nimzo-Larsen_Attack_Indian_Variation,
00ct0,4rrk1/pp4pp/2p1b3/4q3/4Bb2/1PPQ4/P4PP1/R1B2R1K w - - 3 22,c1f4 f8f4 e4h7 g8h8 h1g1 f4h4 f2f4 e5c5,2231,76,86,180,crushing middlegame veryLong,https://lichess.org/LbmI3g6K#42,,
00cud,8/5p2/6p1/1p1N1k2/1PbK4/2P3P1/8/8 b - - 0 48,c4f1 d5e3 f5e6 e3f1,861,75,98,1562,crushing endgame fork master short,https://lichess.org/XdT6vR6T/black#95,,
00cxG,2r5/3RQ2p/6pk/8/5q1P/1P6/2K5/8 w - - 16 42,c2b2 f4c1 b2a2 c8c2,2056,92,56,51,endgame mate mateIn2 short,https://lichess.org/qctk0UXT#82,,
00d1o,r2qk1nr/pbpp1pbp/1p2p1p1/3Pn3/2P1P3/3B1N2/PP3PPP/RNBQ1RK1 w kq - 0 8,c1g5 e5f3 d1f3 d8g5,1121,84,91,734,crushing kingsideAttack opening short,https://lichess.org/Twrqm0Jp#14,English_Defense English_Defense_Other_variations,
00d5g,2b2rk1/pp4p1/2p5/4r3/2B5/1P6/P4pK1/5R2 b - - 4 32,g8h8 f1h1 c8h3 h1h3 e5h5 h3h5,1074,80,94,589,endgame long mate mateIn3,https://lichess.org/Vf4zaDk5/black#63,,
00d8a,r1b1k2r/1p3p2/p1pqp3/2b2Ppp/4P1n1/2NB3P/PPP3P1/R2QBR1K w kq - 1 15,d1f3 d6h2,1086,79,90,388,master mate mateIn1 middlegame oneMove,https://lichess.org/nWjnzIeC#28,Sicilian_Defense Sicilian_Defense_Kan_Variation,
00d9q,1r1q1r2/Q2k3p/2pp1npb/2p2P2/8/2N5/PP3PPP/4RRK1 b - - 0 19,d8c7 e1e7 d7e7 a7c7,1085,80,93,852,attraction crushing deflection middlegame short,https://lichess.org/kbUk4cWh/black#37,,
00dCs,rn1q2k1/pbp1nrpp/1p2Q3/8/3P4/B1P1P3/P3NPPP/R4RK1 b - - 2 14,b7d5 a3e7 d8d7 e6d7,1311,75,90,716,advantage middlegame short,https://lichess.org/sdm8JiCZ/black#27,Queens_Gambit_Accepted Queens_Gambit_Accepted_Old_Variation,
00dOP,r2q1k1r/pbp1bppp/1p2pn2/1B2N3/3P1Q2/8/PPP2PPP/R1B2RK1 b - - 5 12,f6d5 f4f7,475,84,100,376,mate mateIn1 oneMove opening,https://lichess.org/RvqmzkCr/black#23,French_Defense French_Defense_Tarrasch_Variation,
00dRh,1q5k/1b2Q1pp/pb3p2/1p6/1P2P3/PB3n2/5P1P/3RR1K1 w - - 0 25,g1g2 b8h2 g2f3 h2f2,1736,76,93,1223,crushing middlegame short,https://lichess.org/QvxqC3Zg#48,,
00dTO,5q2/5rk1/3p1np1/p1p5/1pP2NP1/3PNp1P/PP5K/3Q4 b - - 1 30,f6d7 f4e6 g7g8 e6f8,832,89,95,2150,crushing endgame fork short,https://lichess.org/AQ7wJCy0/black#59,,
00dTd,3r4/ppp1Q3/1b2kP2/8/4qp2/P1Pr4/1P3P2/1K2N3 b - - 5 31,e6d5 e7d8 d5c6 e1d3,2063,79,91,692,advantage endgame hangingPiece short,https://lichess.org/UVi7iEcB/black#61,,
00dUW,4k2r/1pb3pp/p4p2/2P1p2b/1PBn4/P3N1P1/3B1P1P/5RK1 w k - 3 23,e3d5 d4f3 g1g2 f3d2,1256,77,85,192,crushing fork middlegame short,https://lichess.org/RnKoYsGf#44,,
00dWq,2r1kb2/5p1p/p3p3/1p2P1Q1/1Pq5/P1p3P1/2P4P/2KR1R2 w - - 0 28,g5f4 f8h6 c1b1 h6f4,2149,74,94,963,advantage endgame pin short,https://lichess.org/sRKDDbRV#54,,
00dnp,8/Q7/7r/8/6K1/1r2k1p1/6P1/8 b - - 2 64,e3e2 a7a2 e2e3 a2b3,1421,76,94,22390,crushing endgame fork master queenRookEndgame short,https://lichess.org/hMbf0KPM/black#127,,
00dpQ,6k1/5ppp/8/4rP2/1r4P1/2RK3P/8/7B b - - 0 47,b4b5 c3c8 e5e8 c8e8,400,113,89,517,backRankMate endgame mate mateIn2 short,https://lichess.org/8DGDxXX7/black#93,,
00dqP,r1b2rk1/5p1p/p3pP2/1p1p4/5q1n/1P5P/P1P1QPB1/1K1R2R1 b - - 2 21,f4f6 g2d5 h4g6 d5a8,1834,75,95,2630,advantage discoveredAttack middlegame short,https://lichess.org/6NRhzen2/black#41,,
00dt1,Q7/8/3B4/2p5/Krkn4/8/8/8 w - - 1 54,a4a3 d4b5 a3a2 b5c3 a2a1 b4b1,2244,84,95,8190,arabianMate endgame exposedKing fork long mate mateIn3,https://lichess.org/AQkAsoMX#106,,
00dwJ,2r5/2r3k1/p1q1b1pp/3pn3/3R4/4P1N1/PQ4PP/R5K1 b - - 7 32,c6c1 a1c1 c7c1 g3f1,1983,74,96,2752,advantage defensiveMove middlegame short,https://lichess.org/jAiL6A2t/black#63,,
00dyB,2rq1r2/4pBkp/pn1P1bp1/1p2N3/3PR3/P4Q2/1P3PPP/3R2K1 w - - 1 25,f7e6 f6e5 d6e7 d8e7 f3e3 e7e6,1887,75,83,206,advantage long master middlegame,https://lichess.org/DAndMjSb#48,,
00dzs,3k1b1r/1p1n1ppp/1B6/1p6/8/5K2/PPr2PPP/3RR3 b - - 1 19,d8c8 e1e8,789,102,91,252,mate mateIn1 middlegame oneMove,https://lichess.org/zvBG4Lv4/black#37,,
00e5u,2r2r2/1p2k1p1/p5p1/P1P3N1/3bPBpP/3K2P1/2P5/7R b - - 0 29,f8d8 f4d6 d8d6 c5d6 e7d6 d3d4,1448,88,67,50,crushing endgame exposedKing long,https://lichess.org/n153s8Fx/black#57,,
00e63,r4r1k/pp4pp/1qpp1b2/4p3/N3P3/3Q4/PPP2PPP/3RR1K1 b - - 3 16,b6d4 d3b3 b7b5 d1d4,1853,79,79,47,advantage discoveredAttack middlegame short trappedPiece,https://lichess.org/9lp8nVz7/black#31,Scotch_Game Scotch_Game_Other_variations,
00e6J,r5k1/pb2r1p1/1p2pQ2/2b1N3/5P2/PP5P/4p2K/3R2R1 w - - 0 33,d1e1 c5g1 e1g1 e2e1q f6e6 e7e6,1494,76,88,112,advancedPawn advantage long middlegame promotion,https://lichess.org/S92jnNLj#64,,
00e7H,8/7p/p1p4k/1p1p4/3Qpq2/2P2NpP/PP4K1/8 w - - 0 44,f3d2 c6c5 d4c5 f4d2,1901,75,94,9424,advantage deflection endgame master masterVsMaster short,https://lichess.org/DTE43D0V#86,,
00e88,r3kb1r/pp1q1p1p/8/2np2p1/5N2/6P1/PPQPPP1P/R1B2RK1 w kq - 0 16,c2c3 d5d4 f4h5 d4c3,2025,80,86,44,advantage middlegame short,https://lichess.org/5yy8lf1s#30,English_Opening English_Opening_Anglo-Indian_Defense,
00eAX,6k1/ppprN1pp/8/8/2r5/2P5/P5PP/3R1RK1 b - - 5 26,d7e7 d1d8 e7e8 d8e8,788,75,100,421,endgame mate mateIn2 rookEndgame short,https://lichess.org/MrdsMkpV/black#51,,
00eB8,4rb2/2p1q2k/p1Pp2p1/1p1Q3p/7P/2P2R2/PP4P1/1K6 b - - 1 34,f8h6 f3f7 h6g7 f7e7,958,75,96,2651,advantage endgame fork short,https://lichess.org/KYL3UuaC/black#67,,
00eC6,2kr4/1p3p2/1P6/Q1ppP3/3NnPqp/8/P5KP/2R1R3 w - - 1 29,g2h1 e4f2,988,128,83,20,master mate mateIn1 middlegame oneMove,https://lichess.org/Z0Kq2Ar8#56,,
00eCY,8/6p1/5p1p/R5kP/2b3P1/1r3PK1/8/8 b - - 4 61,c4d5 a5d5 f6f5 d5f5,601,86,95,392,endgame hangingPiece mate mateIn2 short,https://lichess.org/LXHmo9rD/black#121,,
00eF9,8/8/Rp1r4/2p5/P1P1kp2/1P6/4K3/8 w - - 2 57,a4a5 f4f3 e2f2 d6d2,1214,87,87,51,crushing endgame rookEndgame short,https://lichess.org/JdY4zfQY#112,,
00eGd,7R/8/p2kp3/2r4p/p4K2/6PP/P7/8 b - - 3 39,d6d5 h8h5 e6e5 h5e5,1296,78,93,2690,crushing endgame rookEndgame short,https://lichess.org/uwded1rg/black#77,,
00eGy,8/6k1/pp2p3/3pPpp1/PPpP1n2/2P3KP/2R5/8 w - - 2 39,h3h4 f4h5 g3f2 g5g4,2277,78,81,127,advantage defensiveMove endgame short,https://lichess.org/6A7qLhc2#76,,
00eIQ,r3k2r/1bBq1pbp/pp2pn2/8/3PP3/2NB4/PPP3PQ/2KR2N1 b kq - 0 15,d7d4 d3b5 a6b5 d1d4,1384,75,73,119,crushing discoveredAttack middlegame short,https://lichess.org/bGq8tHWT/black#29,Queens_Pawn_Game Queens_Pawn_Game_Chigorin_Variation,
00eLW,8/8/3q3k/5Q2/4p3/4P2P/5pK1/8 w - - 0 42,f5f4 d6f4 e3f4 e4e3,1071,78,88,1246,crushing endgame queenEndgame short,https://lichess.org/jhaADLF2#82,,
00eNa,rnb1k2r/p1p2ppp/1p3n2/2b1N1B1/3qP3/3P4/PPP3PP/RN1QKB1R w KQkq - 1 8,e5f3 d4f2,1144,76,100,215,mate mateIn1 oneMove opening,https://lichess.org/P6b1EEqI#14,Kings_Pawn_Game Kings_Pawn_Game_Leonardis_Variation,
00eOw,r2r2k1/pp3pp1/5q1p/4p3/3p4/2N1P3/PPQ2P1R/2K4R w - - 0 25,e3d4 e5d4 c1b1 d4c3,1674,74,87,104,crushing middlegame short,https://lichess.org/QAjxFUBC#48,,
00eQx,5r1k/R5bp/6p1/p2Bq3/p3P3/6PK/7P/4Q3 w - - 7 39,a7a5 e5h5 h3g2 h5f3,1182,74,94,1037,crushing endgame short,https://lichess.org/fhgCrd1k#76,,
00eSU,5r2/p2R4/1p3pk1/PQ4p1/4p1q1/4P1P1/6PK/8 w - - 3 34,a5b6 f8h8 h2g1 g4g3,1996,77,88,170,crushing deflection endgame short,https://lichess.org/RCXs5UcQ#66,,
00eWz,4r1k1/p5bp/1q4p1/2pPrp2/1pP2N2/6PP/P4QB1/1R3RK1 w - - 2 25,f4e6 e5e6 d5e6 g7d4,1509,73,92,4920,advantage clearance master middlegame pin sacrifice short,https://lichess.org/T1YYoy2O#48,,
00eak,4r1k1/5pp1/5n1p/P5r1/7q/1QP1p1PP/1P3P2/R3RBK1 w - - 0 27,g1h2 f6g4 h2g2 g4f2,2029,76,92,1792,crushing middlegame pin short,https://lichess.org/FQ3hbxjY#52,,
00eix,2r1r1k1/pb2qpbp/1p1p1np1/4P3/3B1P2/1P3BP1/PQ1N3P/1R2R1K1 b - - 0 21,b7f3 e5f6 e7e1 b1e1 e8e1 g1f2,1444,79,83,1471,crushing fork long middlegame,https://lichess.org/g5Z6vAB2/black#41,,
00ems,2r1r1k1/1bpn1ppp/p4n2/1p6/1P4q1/P3PN2/1BB1QPPP/3R1RK1 w - - 6 18,f3d4 g4g2,1039,75,100,591,kingsideAttack mate mateIn1 middlegame oneMove,https://lichess.org/mQNb8OeH#34,Horwitz_Defense Horwitz_Defense_Other_variations,
00euQ,r1b1k1nr/pppp1ppp/5q2/2b1n3/4P3/2N2N2/PPPP2PP/R1BQKB1R w KQkq - 0 6,f3e5 f6f2,1099,80,77,803,mate mateIn1 oneMove opening,https://lichess.org/srPCKrEj#10,Vienna_Gambit_with_Max_Lange_Defense Vienna_Gambit_with_Max_Lange_Defense_Other_variations,
00f1D,r1bq2kr/1p2b1pp/p2pN3/4p3/2B1P3/5Q2/PP3PPP/2RR2K1 b - - 0 17,c8e6 c4e6,813,93,91,214,kingsideAttack mate mateIn1 middlegame oneMove,https://lichess.org/cl0wv5xF/black#33,Sicilian_Defense Sicilian_Defense_Smith-Morra_Gambit,
00f79,3r1rk1/1p2q1pp/p1b2n2/2p1p3/P1P1N2P/1P2QNP1/2PR1P2/2K4R w - - 2 19,e4f6 e7f6 h1d1 e5e4 c1b1 e4f3 d2d8 f8d8 d1d8 f6d8,2456,105,-3,17,crushing middlegame veryLong,https://lichess.org/g0EmQqUx#36,Sicilian_Defense Sicilian_Defense_Modern_Variations,
00f99,6k1/p4p2/1p5R/3r2p1/1P2b1P1/P3B2P/5P2/6K1 w - - 1 35,h6h5 d5d1 g1h2 d1h1 h2g3 h1g1,1094,80,82,58,advantage endgame long,https://lichess.org/2eLSy15i#68,,
00f9k,1b1r2k1/4pp1p/p1N3p1/1p6/8/PP2BN1P/6P1/6K1 b - - 0 27,d8c8 c6e7 g8f8 e7c8,855,90,86,76,crushing endgame fork short,https://lichess.org/IGibUvcX/black#53,,
00fA6,2r3k1/p4p1p/Pn2p1p1/2rpP1P1/5P2/4B1P1/2P4R/R6K b - - 2 28,c5c2 h2c2 c8c2 e3b6 a7b6 a6a7,1842,78,85,66,advancedPawn crushing endgame long,https://lichess.org/eOhm3Aud/black#55,,
00fDM,3rrbk1/2p3R1/1p2q2Q/3p4/1P6/2B4P/6P1/3R2K1 b - - 0 33,f8g7 h6g7,875,78,97,322,mate mateIn1 middlegame oneMove,https://lichess.org/sx01PyS8/black#65,,
00fK0,r2q1r2/pp3pk1/2np1Np1/2pN1b2/2B4Q/3P4/PPP3PP/R5K1 b - - 1 17,f5e6 h4h7,823,103,95,241,mate mateIn1 middlegame oneMove,https://lichess.org/PSCBXZwl/black#33,Sicilian_Defense Sicilian_Defense_Closed,
00fN2,r2qkb1r/pp2nppp/4p3/1N1pP3/8/4BQ1P/PP3PP1/R4RK1 b kq - 4 14,a7a6 b5d6 d8d6 e5d6,1011,76,89,231,advantage middlegame short,https://lichess.org/cdN4TcuY/black#27,Caro-Kann_Defense Caro-Kann_Defense_Advance_Variation,
00fN7,N1bk4/pp1p1R2/5bB1/4p3/4n3/8/PB2r3/2K5 b - - 5 24,e2f2 f7f8 d8e7 f8e8 e7d6 g6e4 f2b2 c1b2,2361,83,75,74,advantage fork middlegame veryLong,https://lichess.org/hpYXRUS4/black#47,,
00fTw,r2qk2r/4bpp1/4pn1p/pp1pPb2/2p2P1B/P1P1P3/1P2B1PP/RN1Q1RK1 b kq - 0 13,f5b1 e5f6 e7f6 h4f6,1679,75,83,194,advantage middlegame short,https://lichess.org/Y5xbRkWE/black#25,Bird_Opening Bird_Opening_Dutch_Variation,
00fVJ,8/5pkp/PQ4p1/4p3/RP1pP3/8/2rq1PPP/5BK1 w - - 0 36,b6b5 d2f2 g1h1 c2c1,1409,240,82,12,crushing endgame short,https://lichess.org/Y0F35PWK#70,,
00fXd,8/Q5b1/p2kp3/1p2qpN1/1P6/P7/4nPP1/5K2 b - - 5 46,d6d5 a7c5,1477,75,93,1507,endgame master mate mateIn1 oneMove,https://lichess.org/PkmRzeiI/black#91,,
00fXf,6k1/5p2/3bbq2/p2p2pp/N2Pn3/P3PN1P/4BPP1/2Q3K1 w - - 0 31,a4c5 d6c5 d4c5 g5g4,2220,80,90,779,advantage middlegame short,https://lichess.org/1Sr4mXWb#60,,
00fZM,5rk1/1q3r1p/3p2RQ/3p4/3B4/2P2P2/P5PP/6K1 b - - 0 30,h7g6 h6h8,861,78,96,2433,endgame mate mateIn1 oneMove,https://lichess.org/F6b275RM/black#59,,
00fba,3r2k1/p3qp1p/6p1/P7/3r4/2Q4P/n4PP1/1RR2BK1 w - - 2 31,c3c7 d4d7 c7c5 a2c1 c5e7 d7e7,2063,74,93,5814,crushing long master middlegame,https://lichess.org/PuG50RPy#60,,
00fgg,4r1k1/p4ppp/8/8/8/8/PP1b1PPP/K2R4 w - - 0 21,d1d2 e8e1 d2d1 e1d1,589,93,63,192,backRankMate endgame mate mateIn2 rookEndgame short,https://lichess.org/AjVJZKD1#40,,
00fky,5rk1/ppqb1p1p/2p2Bp1/3p4/8/2P2Q2/PP3PPP/4R1K1 b - - 0 19,f8e8 e1e8 d7e8 f3e3 c7d6 e3e8,1792,75,93,199,advantage endgame kingsideAttack long,https://lichess.org/XuK4pm8q/black#37,,
00fmc,1r1r2k1/2p3b1/p1q4p/3pP1pb/P2B1p2/1B3P2/1P4PP/R2QR1K1 w - - 7 29,e5e6 g7d4 d1d4 b8b3,1401,74,91,1586,advantage middlegame short,https://lichess.org/KIWMqJFV#56,,
00ft3,8/p7/2R3p1/4Nnk1/2P4p/7K/Pr6/8 b - - 3 50,g5f4 e5d3 f4g5 d3b2,1264,79,86,826,crushing endgame fork short,https://lichess.org/CFT5b92o/black#99,,
00fwM,Qn1qk2r/p4ppp/2p5/2bn4/4pPb1/2N5/PPPP2PP/R1B1KBNR w KQk - 1 9,h2h3 d8h4 g2g3 h4g3,1271,75,94,3673,mate mateIn2 opening short,https://lichess.org/REHlrlvo#16,Kings_Gambit_Declined Kings_Gambit_Declined_Falkbeer_Countergambit,
00g2W,6k1/1q4p1/p2P2B1/8/5Q1P/6P1/P6K/4r3 w - - 5 36,f4f2 b7h1,726,94,47,38,endgame mate mateIn1 oneMove,https://lichess.org/QG0oodxm#70,,
00g5t,5rk1/p1p3p1/bp2p2p/5p2/2qPB3/2P5/2Q2PPP/R4RK1 w - - 0 24,a1a4 c4f1,1246,104,76,46,kingsideAttack mate mateIn1 middlegame oneMove,https://lichess.org/aVCFv31r#46,,
00gH0,3r2k1/6pp/8/5Q2/2pP4/2Pq2P1/5RKP/8 b - - 2 35,d3c3 f5f7 g8h8 f7f8 d8f8 f2f8,1346,89,82,801,backRankMate endgame long mate mateIn3 sacrifice,https://lichess.org/vnNaoc4v/black#69,,
00gNl,6k1/5R2/pp4p1/2p4p/7P/1P1r4/P3r1PK/5R2 b - - 0 38,d3d2 f7f8 g8h7 f1f7 h7h6 f8h8,803,76,98,645,endgame exposedKing long mate mateIn3 rookEndgame,https://lichess.org/JhG6365X/black#75,,
00gSv,r2qk2r/1p5p/p2b1p2/3p1Q2/3Bn3/P3P2P/2P2PP1/RN2K1NR w KQkq - 1 16,f5d5 d6b4 a3b4 d8d5,1101,82,79,94,advantage discoveredAttack middlegame short,https://lichess.org/TKSc9fWZ#30,Queens_Pawn_Game Queens_Pawn_Game_Other_variations,
00gcY,3r2k1/5ppp/b3p3/3q4/3r4/p2PQP1P/3R1NPK/R7 w - - 0 35,a1a3 d5d6 h2h1 d6a3,1469,77,68,66,crushing fork middlegame short,https://lichess.org/m6ztJedJ#68,,
00ggZ,2r2r1k/1pP3pp/p3b3/P7/1P5Q/4q1P1/6PK/RB6 b - - 4 37,c8c7 h4h7,753,84,86,85,mate mateIn1 middlegame oneMove,https://lichess.org/gCG08rHD/black#73,,
00ghH,5r1k/6p1/1Q2pq1p/P4r2/3P4/2P1R3/6PP/4R1K1 w - - 1 39,d4d5 f5f1 e1f1 f6f1,644,80,100,568,endgame mate mateIn2 short,https://lichess.org/ycQ7nVZM#76,,
00gpa,r1b2rk1/qp3pp1/p3p2p/8/8/P5P1/1PBB2P1/2RQ3K b - - 0 21,f8d8 d2e3 d8d1 c1d1 g8f8 e3a7 a8a7 d1d8 f8e7 d8c8,2278,77,89,259,advantage fork middlegame sacrifice veryLong,https://lichess.org/tgE8FK8D/black#41,,
00gsT,1r3rk1/p4pp1/4p2p/1Q2Pn2/1b1P4/4BN2/q4PPP/2R2RK1 w - - 1 19,c1a1 a2a1 f1a1 b8b5,1475,73,91,4962,crushing middlegame short,https://lichess.org/Uwrjbb82#36,Queens_Gambit_Accepted Queens_Gambit_Accepted_Other_variations,
00gtb,3q2k1/1Q3p1p/1p4p1/pP1pP3/P1r5/7P/6P1/3R2K1 w - - 0 31,d1d5 c4c1 g1h2 d8g5 b7b8 g8g7 e5e6 g5d5,1469,197,-100,8,crushing endgame veryLong,https://lichess.org/EYvcgkvd#60,,
00gyK,5rk1/5pp1/3p3p/4p1N1/8/PR6/1p3PPP/6K1 w - - 0 33,g5e4 f8c8 g2g3 c8c1,1801,75,95,3181,crushing endgame quietMove short,https://lichess.org/LK8qER3u#64,,
00h5T,1r2r1k1/3p1pb1/p2q2pp/1p3P2/3p4/P6Q/BPP3PP/4RRK1 b - - 0 23,g6g5 e1e8 b8e8 f5f6,1810,77,77,76,crushing kingsideAttack master middlegame short,https://lichess.org/EzIYa6oA/black#45,,
00h7S,8/p1N3pp/5k2/2PB2b1/1P4b1/P6r/6K1/4R3 b - - 0 31,h3d3 c7e8 f6g6 d5e4,1721,96,83,21,crushing endgame short,https://lichess.org/3HiYfIf1/black#61,,
00h8X,r4r1k/pp1q1pb1/2npbn1p/2p1p3/4P3/1BPP1Q2/PP3P1N/RNB2KR1 b - - 9 17,e6b3 c1h6 g7h6 f3f6 h8h7 h2g4 d7e6 a2b3 e6f6 g4f6,2503,86,82,102,advantage deflection exposedKing fork middlegame veryLong,https://lichess.org/8ji7Sjgz/black#33,Sicilian_Defense Sicilian_Defense_Hyperaccelerated_Dragon,
00h8Z,5k2/p1R4R/1p4p1/3r3q/3P4/2P2rQp/PP5K/8 b - - 4 36,f3g3 c7c8 d5d8 c8d8,1517,76,81,130,endgame mate mateIn2 queenRookEndgame short,https://lichess.org/UAWACryx/black#71,,
00h95,7k/Q1p3p1/5p1p/3q4/3Pr3/4P3/P4P1P/1R4K1 w - - 2 26,a7c5 e4g4 g1f1 d5h1 f1e2 h1b1,1712,75,83,65,crushing endgame long skewer,https://lichess.org/awh9vUFg#50,,
00hCU,r1b2r2/1p5k/3p2pp/p1PBb3/2Pp1p2/P2P2Pq/3B1P1P/1R1QR1K1 w - - 0 26,c5c6 f4g3 f2g3 f8f2 g1f2 h3h2,2810,97,85,347,attraction crushing deflection kingsideAttack long middlegame sacrifice,https://lichess.org/mc07lrmk#50,,
00hJY,3R4/5p1k/p5pp/6q1/1P4P1/P3rP1P/2Q5/6K1 w - - 0 35,d8d7 g5f4 c2f2 e3f3 f2f3 f4f3,2455,77,93,777,crushing endgame long,https://lichess.org/Qq8MVHpO#68,,
00hNY,8/p7/1p3k2/8/n1K1P3/3N4/P7/8 b - - 0 44,a4c5 d3c5 b6c5 c4d5,2270,84,81,152,crushing endgame knightEndgame short,https://lichess.org/MGfDzlcO/black#87,,
00hSW,2R5/4b1pk/1r5p/2pPN3/1p2P3/3P4/4K1PP/8 w - - 1 39,e5d7 b4b3 d5d6 e7d6 d7b6 b3b2 b6c4 b2b1q,1750,76,94,9280,advancedPawn advantage endgame master promotion sacrifice veryLong,https://lichess.org/56G5UTGb#76,,
00hSr,r4rk1/5p2/1q2pnRP/p2p4/1ppP4/2P1P3/PPQN1P2/2K4R b - - 0 21,f7g6 c2g6 g8h8 g6g7,974,83,94,5720,kingsideAttack mate mateIn2 middlegame short,https://lichess.org/FSHLYhgq/black#41,,
00hUl,2kr4/1pq2p2/p3p1p1/2b1n2p/Q1P2B2/7P/P3BPP1/1R4K1 b - - 1 24,c5d6 c4c5 c7c6 a4c6,1813,74,89,961,crushing middlegame queensideAttack short,https://lichess.org/YyZRpbZ3/black#47,,
00hYk,8/8/1n4p1/4kp1p/7P/1B2KPP1/8/8 b - - 0 54,b6d5 b3d5 e5d5 e3f4,1189,77,94,4191,crushing endgame short,https://lichess.org/rWJb7AjE/black#107,,
00hbV,8/pk1r1bR1/1p6/8/2P2N2/1P6/1K6/8 b - - 21 60,f7e6 f4e6 d7g7 e6g7,943,76,97,1084,crushing endgame hangingPiece short,https://lichess.org/DL4VBFov/black#119,,
00hsd,5k2/p4p2/1p6/3p1R2/7Q/P2Pr1KP/6P1/6q1 w - - 3 40,f5f3 g1e1 g3g4 e1h4 g4h4 e3f3,1627,78,80,65,crushing endgame long,https://lichess.org/vU9uQUNU#78,,
00huB,3r2k1/ppp1bppp/2n5/8/4P1b1/1P3N2/PBP1P1PP/2K2B1R w - - 2 16,h2h3 g4f3 e2f3 e7g5 c1b1 d8d1,1406,76,78,214,crushing long middlegame,https://lichess.org/r7cF2rXM#30,Nimzo-Larsen_Attack Nimzo-Larsen_Attack_Classical_Variation,
00huW,8/3k4/p6p/1p2Q1pP/3P2b1/1PP2qP1/P3p3/1K2R3 w - - 3 44,d4d5 f3d3 b1b2 d3d2 b2a3 d2e1,1489,75,100,1103,advantage endgame fork long,https://lichess.org/twVFxiv1#86,,
00hxr,r4rk1/pp3ppp/4p3/3pB1qB/Q1p5/2PbP3/PP1N1P1P/R3K2R w KQ - 0 15,e5g7 g5h5 a4d1 h5d1 a1d1 g8g7,1590,76,93,1289,advantage hangingPiece long middlegame,https://lichess.org/4QIugid6#28,Queens_Pawn_Game Queens_Pawn_Game_Accelerated_London_System,
00i6P,1r2R2k/3P2p1/p4q1p/8/2P5/5P2/P4P1P/6K1 b - - 1 34,f6f8 e8f8 b8f8 c4c5 f8d8 c5c6,1369,75,95,1595,advantage endgame long quietMove,https://lichess.org/HxIkxV0Q/black#67,,
00i7t,4r2k/p4r1p/2pp1Q2/2p5/3b1P2/3P2R1/PqPB2PP/4RK2 b - - 0 21,d4f6 e1e8 f7f8 e8f8,927,90,84,145,hangingPiece kingsideAttack mate mateIn2 middlegame short,https://lichess.org/fBWee6U4/black#41,,
00iAF,7k/pQ4p1/2p4p/4r3/3r1p1n/6N1/PP2R1PP/6K1 b - - 0 30,f4g3 b7b8 h8h7 b8e5,1520,90,60,33,crushing endgame fork short,https://lichess.org/r62eqxQB/black#59,,
00iLe,r1b1r1k1/pp1n1pb1/3p1q1p/2pP2p1/2P1B3/4PNB1/PPQ2PPP/2KR3R w - - 1 15,h2h4 e8e4 h4g5 h6g5,1820,75,98,580,crushing middlegame short,https://lichess.org/fBB50Rwf#28,Torre_Attack Torre_Attack_Fianchetto_Defense,
00iQC,1k1r1b1r/4q3/QBpp4/4p3/4P2p/5p2/P5PP/4R1K1 b - - 0 28,d8d7 e1b1 d7b7 b6a7 b8c8 a6c6 e7c7 c6e8,2042,75,91,1052,crushing discoveredAttack exposedKing middlegame queensideAttack quietMove veryLong,https://lichess.org/Yg1J59NW/black#55,,
00iQD,8/8/8/3K2kp/8/2P1P3/8/8 w - - 0 50,c3c4 h5h4 d5e4 g5g4 c4c5 h4h3 e4e5 h3h2 c5c6 h2h1q,1634,75,95,9958,advancedPawn crushing endgame pawnEndgame promotion quietMove veryLong,https://lichess.org/dDMWuoiZ#98,,
00igM,1k6/1p4R1/2p2p1P/8/2r5/p6K/8/8 b - - 0 39,c4e4 h6h7,1343,78,82,89,advancedPawn crushing endgame oneMove rookEndgame,https://lichess.org/HEu1qD1v/black#77,,
00ik3,8/p3kp2/2pp1nr1/4p1B1/bq2P2Q/bP1P3N/P3N3/1K1R3R w - - 0 30,h1f1 a4b3 d1d2 b3d1 b1a1 d1e2,2416,78,86,56,advantage discoveredAttack long middlegame queensideAttack,https://lichess.org/YmEgAqLR#58,,
00ioV,6k1/5Rp1/p6p/1p2P3/1qp1pNQ1/2n1P3/5KPP/3r4 b - - 0 31,g8f7 g4e6 f7f8 f4g6,1846,77,95,14623,endgame mate mateIn2 short,https://lichess.org/IIOYa9Ac/black#61,,
00ir2,8/6kp/p2P2b1/2p5/2P5/P5P1/1rPR1K2/8 b - - 0 40,b2c2 d2c2 g6c2 d6d7,1364,78,76,89,advancedPawn crushing endgame short,https://lichess.org/9dmwAePJ/black#79,,
00irz,8/2r1ppk1/8/3P2pP/1Kp1Pp2/1bR5/4BP2/8 w - - 8 40,e2c4 c7c4 c3c4 b3c4 b4c4 f7f6,2752,106,88,491,crushing defensiveMove endgame long,https://lichess.org/H4eT5TpG#78,,
00isY,rnbqkb1r/ppp3pp/5n2/3P1p2/4pB2/2N5/PP3PPP/R2QKBNR b KQkq - 0 7,f8b4 d1a4 c7c6 a4b4,1434,75,95,15310,crushing fork master opening short,https://lichess.org/1q2x0Fv6/black#13,Blackmar-Diemer_Gambit Blackmar-Diemer_Gambit_Other_variations,
00isc,2r2r1k/pp3pp1/1b5p/4P3/1q2RB2/1B1p1N2/PP2K1Q1/6R1 w - - 0 39,e2d3 f8d8 f3d4 d8d4 e4d4 b4d4,1519,75,98,569,middlegame,https://lichess.org/O8KiRLof#76,,
00itj,8/1pB5/3P2k1/3r2p1/8/4PK1P/7P/8 b - - 2 42,g6f5 e3e4 f5e6 e4d5,897,100,86,46,crushing endgame fork short,https://lichess.org/LAGoAAgQ/black#83,,
00ivI,2r2rk1/1p2b1p1/p2p1n1p/P2qpQ2/8/2P1BP2/1P1N2PP/3R1RK1 b - - 0 21,d5a5 f5e6 g8h7 e6e7,1539,80,94,14554,advantage fork middlegame short,https://lichess.org/wdThMmrO/black#41,,
00iyx,2kr1b1r/pp3ppp/2p1pq2/6B1/2P3Q1/7P/P4PP1/1R3RK1 b - - 3 19,f6g6 g5d8 g6g4 h3g4,964,76,98,2867,advantage middlegame short,https://lichess.org/vut9HU3T/black#37,Scandinavian_Defense Scandinavian_Defense_Main_Line,
00j1r,8/2rkb3/1p6/6P1/5q2/3R4/Q1P1K3/8 b - - 4 37,d7c6 a2d5,1641,76,92,2642,dovetailMate endgame mate mateIn1 oneMove,https://lichess.org/2Nj3D5mV/black#73,,
00j3i,5rk1/R5p1/5q1p/8/3p4/1P4Q1/P3rPPP/5RK1 w - - 2 38,g3g4 f6f2 f1f2 e2e1 f2f1 e1f1,1543,75,96,5128,endgame long mate mateIn3 sacrifice,https://lichess.org/InWtDWaB#74,,
00j6z,r4r2/ppp1qpk1/3p1n2/2bNp3/2B1P1pR/3P2B1/PPPK1P2/7R b - - 3 18,f6d5 h4g4 e7g5 g4g5,2299,78,85,223,crushing middlegame short,https://lichess.org/Q62gkDZE/black#35,Italian_Game Italian_Game_Giuoco_Pianissimo,
00j8y,3kr2r/2p2p1p/1p2p3/pQ1PP3/4q1n1/B5K1/P1P4P/3R1R2 b - - 4 25,d8c8 b5a6 c8b8 a3d6 e4e5 d6e5,2414,90,85,58,crushing long middlegame,https://lichess.org/ur2vjM1B/black#49,,
00j9Q,rnb2r1k/2q2p1p/p2p1bp1/1p2pN2/4P1QN/3B3R/PPP2PPP/R5K1 b - - 1 19,g6f5 h4f5 c8f5 g4f5,2077,76,92,3243,advantage middlegame short,https://lichess.org/SalKpiT9/black#37,Sicilian_Defense Sicilian_Defense_Kan_Variation,
00jG1,5q1k/4b1p1/2b1p3/2pp2n1/8/2P2PB1/PP2QP1P/R4RK1 w - - 3 25,h2h4 g5f3 g1g2 d5d4,1764,75,93,188,middlegame,https://lichess.org/RDgVFWGO#48,,
00jHX,6k1/2b3pn/1p5p/2p1N1n1/8/P1BP2PP/2b1NP1K/5B2 w - - 3 37,e2f4 c7e5 c3e5 g5f3 h2g2 f3e5,1325,73,96,19336,advantage fork long middlegame,https://lichess.org/SvujXQY8#72,,
00jIG,8/2p5/2B2k2/pp6/2bP1K2/P1P5/1P5p/8 w - - 0 47,c6e4 f6e6 f4g3 c4d5 g3h2 d5e4,2262,75,53,134,bishopEndgame crushing endgame long,https://lichess.org/810w8Q0F#92,,
00jNk,7r/2Q2pb1/3ppk1p/5Bp1/3P4/1N2P1P1/Pr2qPP1/R5KR w - - 6 29,c7d6 e2f2 g1h2 f2g2,961,91,93,2816,fork mate mateIn2 middlegame short,https://lichess.org/aOJ6ffu5#56,,
00jPH,1k1r3r/1b1p1p2/p3p3/1p2Pn2/3n2Np/P1Q5/1P3PPP/1B2NRK1 w - - 2 26,b1f5 d4e2 g1h1 e2c3,1445,75,94,6832,advantage fork middlegame short,https://lichess.org/01iokLOA#50,,
00jPw,r3r1k1/ppp2p2/1b5Q/3PP2n/2B3bq/2N5/PP4PP/R4R1K w - - 1 18,f1f7 h5g3,1136,75,96,1718,mate mateIn1 middlegame oneMove pin,https://lichess.org/rMGqxihy#34,Italian_Game Italian_Game_Classical_Variation,
00jXD,3r2k1/p4pp1/1bN2q1p/8/Q3p3/P3P2P/5PP1/2R3K1 b - - 5 31,d8c8 c6e7 f6e7 c1c8,927,90,79,285,crushing discoveredAttack endgame short,https://lichess.org/JvQRcqwH/black#61,,
00jXF,r1b1r1k1/ppp2ppp/2nb1q2/4N3/2BPQB2/8/PPP3PP/2KR3R w - - 5 13,c4f7 f6f7 e5f7 e8e4,1422,75,90,819,advantage middlegame short,https://lichess.org/1cNmXOuy#24,Vienna_Gambit_with_Max_Lange_Defense Vienna_Gambit_with_Max_Lange_Defense_Steinitz_Gambit,
00jgd,5Q2/8/8/8/pn6/k6r/8/2K5 w - - 2 83,f8d6 h3c3 c1d2 c3d3 d6d3 b4d3,1780,74,94,2412,crushing endgame exposedKing fork long,https://lichess.org/8DDrygoE#164,,
00jmi,r3k2r/pp2bpp1/2pqnnp1/3pN1B1/3P2PP/2N5/PPP1QP2/2K1R2R b kq - 2 15,e6g5 h4g5 h8h1 e1h1,1344,110,26,21,advantage middlegame short,https://lichess.org/9QAXaeaN/black#29,French_Defense French_Defense_Knight_Variation,
00jxj,2kr4/2p3pp/1pP1p2q/pr6/4RP2/Q4P2/PB1p1K1P/3R4 w - - 3 29,f2g2 b5h5,2003,77,55,86,crushing middlegame oneMove,https://lichess.org/8ImwhPxu#56,,
00k4u,r2b2r1/p2P1p2/1pNQ1p1k/6qp/5R2/P2B3P/1P3PP1/6K1 w - - 2 28,c6d8 g5g2,863,130,81,48,kingsideAttack master mate mateIn1 middlegame oneMove,https://lichess.org/wDp8QswW#54,,
00k6k,r2q1rk1/p1p1bpp1/2p1bn1p/8/2Pp3B/1PNBPP2/P5PP/R2Q1RK1 w - - 0 14,e3d4 d8d4 h4f2 d4c3,1030,76,84,194,advantage fork opening short,https://lichess.org/JsKisVgT#26,English_Opening English_Opening_Kings_English_Variation,
00kCm,2r3k1/3n1pp1/pq2r1p1/2p5/3b4/BP5P/P2N1PP1/R1Q1R1K1 w - - 0 23,a3b2 e6e1 c1e1 d4b2 d2c4 b6f6 c4b2 f6b2,1735,74,93,6097,advantage middlegame veryLong,https://lichess.org/gGz3J9oc#44,,
00kDo,8/5ppk/6qp/P1p1p3/2B4Q/1P2PbP1/5P1P/6K1 w - - 1 37,a5a6 g6b1 c4f1 f3e2 h4h3 e2a6,1891,75,87,682,advantage endgame long pin,https://lichess.org/dYy9DNqE#72,,
00kF8,1k6/1p6/8/4r1n1/6P1/6QP/PPPK4/4r3 w - - 9 42,h3h4 g5e4 d2e1 e4g3,1215,78,92,2298,advantage discoveredAttack endgame fork short,https://lichess.org/BRKJV5qW#82,,
00kHM,3r1rk1/pp2npp1/1q2b2p/3p4/4n3/PBP2N1P/1P1N1PP1/R2Q1RK1 w - - 4 16,d2e4 d5e4 f3d4 d8d4,2028,76,92,1064,crushing middlegame short,https://lichess.org/com04Zfp#30,Caro-Kann_Defense Caro-Kann_Defense_Hillbilly_Attack,
00kQE,1rb3k1/p5pp/1p6/3R4/2B1p3/8/PP3rPP/1K5R b - - 1 26,g8h8 d5d8 f2f8 d8f8,558,99,89,832,backRankMate endgame mate mateIn2 short,https://lichess.org/X9v1Mn91/black#51,,
00kRi,2r1kb1r/p1q2ppp/2p1p3/3pPbP1/Q2P3P/2R2P2/PP1N4/R1B1K3 w Qk - 3 20,c3c6 c7c6 a4c6 c8c6,733,101,81,343,crushing middlegame short,https://lichess.org/KE2mWPfP#38,,
00kT1,r2q1rk1/pb2bpp1/2p1p3/4P3/2nP3p/P1PQBN1P/2B2PP1/R4RK1 b - - 5 18,c4e3 d3h7,959,77,64,99,mate mateIn1 middlegame oneMove,https://lichess.org/KBx6qbtc/black#35,Queens_Gambit_Accepted Queens_Gambit_Accepted_Other_variations,
00kXF,6rr/p1k1qp2/Ppn1p3/3pP1b1/QP1n1NNp/3P3P/3B2PK/1R2R3 b - - 2 32,c7b8 b4b5 g5f4 d2f4 g8g4 h3g4,1778,74,90,1193,crushing long middlegame,https://lichess.org/y2IIeAMQ/black#63,,
00kZF,r3r3/1p1n2pk/2p1pq1p/2P5/1p2R3/P2Q1N1P/5PP1/R5K1 b - - 1 24,f6a1 e4e1 h7h8 e1a1,1384,76,90,2276,crushing discoveredAttack middlegame short,https://lichess.org/7skMhb04/black#47,,
00kbs,3r4/pp4pk/2pR2pp/2P5/5nr1/5R2/PPB2P1K/8 b - - 6 34,d8e8 f3f4 g4f4 c2g6 h7g8 g6e8,1561,81,78,60,advantage deflection endgame fork long,https://lichess.org/AZ4bw2mL/black#67,,
00kdd,7r/1p3p2/p1n2p2/3kpN1P/1PR5/P2P1P2/1K5P/8 b - - 0 29,h8h5 c4c5 d5e6 f5g7,1396,125,52,14,advantage endgame short,https://lichess.org/GmwzgjE0/black#57,,
00km1,1R3rk1/p2q1ppp/3bpn2/3p4/Q2P4/2N3P1/P3PP1P/2B2RK1 b - - 0 17,d7a4 b8f8 g8f8 c3a4,1411,76,78,597,crushing intermezzo middlegame short,https://lichess.org/W2y2Akcv/black#33,Queens_Gambit_Declined Queens_Gambit_Declined_Marshall_Defense,
00l1z,8/8/2p5/7R/2B4P/KP2knp1/P1P5/8 w - - 0 45,h5g5 f3g5 h4g5 g3g2,1317,75,92,469,advancedPawn advantage endgame master short,https://lichess.org/rxdwGjw0#88,,
00l68,3k2Q1/q7/3pB1p1/2pP1p2/2P2P2/rp2PK1P/8/8 b - - 2 37,d8c7 g8c8 c7b6 c8c6 b6a5 c6b5,1346,76,96,8851,endgame long mate mateIn3,https://lichess.org/jJLdwY9R/black#73,,
00l7Y,r1b2q2/p3p1bk/2p3p1/3pn2p/8/2NB3P/PPPBQ1P1/5RK1 b - - 1 17,f8d8 e2h5 h7g8 d3g6 e5g6 h5g6,1590,76,98,2439,advantage deflection long middlegame pin,https://lichess.org/8zmb6Ot6/black#33,Sicilian_Defense Sicilian_Defense_Open,
00lA1,r3k2r/ppp3Np/3p2pB/2b1p3/2B1P3/2NP3q/PPP2P2/R2R2K1 b - - 3 17,e8d8 h6g5 d8d7 c4e6 h3e6 g7e6,1687,75,100,575,advantage fork long middlegame,https://lichess.org/UXSJkHbF/black#33,Four_Knights_Game Four_Knights_Game_Spanish_Variation,
00lG8,1r2b1k1/5ppp/1r2p3/2Q5/p3P3/5P2/P1P3PP/2KR4 w - - 5 26,d1d8 b6b1 c1d2 b8d8,1260,76,73,190,advantage endgame short,https://lichess.org/5GuRg1Gx#50,,
00lHu,8/p7/6P1/4p3/R4pK1/1r2k2P/8/8 b - - 0 47,f4f3 g6g7 b3b8 a4a3,1681,75,96,5358,advancedPawn crushing endgame rookEndgame short,https://lichess.org/kX9fNCdN/black#93,,
00lIV,r2qr1k1/pb2bppp/2p2n2/3pN1B1/2P5/4P3/PPQ2PPP/3RKB1R w K - 3 13,f1e2 e7b4 e1f1 e8e5,1839,75,94,2410,crushing discoveredAttack middlegame short,https://lichess.org/6IHxFPRp#24,Queens_Gambit_Declined Queens_Gambit_Declined_Normal_Defense,
00lJm,5r1k/ppp1nBp1/3pN3/7p/3P3P/2P2RK1/PP3QP1/1q5r b - - 6 26,f8f7 f3f7 b1d3 f2f3,2160,85,90,1741,advantage hangingPiece middlegame short,https://lichess.org/iXsE09XZ/black#51,,
00lPH,5r1k/ppp3pp/1bp2rq1/4B3/Q1BP4/2P4b/PP1N2PK/4R2R w - - 0 21,e5g3 h3g2 h1f1 g2f1,2106,88,63,26,crushing middlegame short,https://lichess.org/IO95HyLK#40,,
00lY4,2R3k1/rb3ppp/pn2p3/4P3/1P1P1P2/P4B2/6PP/5RK1 b - - 0 23,b6c8 f1c1 c8b6 c1c7 b7f3 c7a7,1845,74,78,193,advantage endgame long,https://lichess.org/maqTkdnt/black#45,,
00ldC,3r1r2/pp3pk1/2p1pRp1/6Qp/2P5/P7/1q4PP/5R1K b - - 1 31,d8d2 f6g6 f7g6 g5e7 g7h6 e7f8 b2g7 f8f4 h6h7 f4d2,1721,76,92,526,advantage clearance deflection endgame fork sacrifice veryLong,https://lichess.org/xdFXCpYF/black#61,,
00lhJ,3q3k/3n4/3PQ2p/p3P1r1/P1P4b/2N1p2P/1r6/R5RK b - - 1 32,d7e5 e6h6 h8g8 h6h4 b2h2 h1h2 e5f3 h2h1 f3h4 g1g5,2459,80,84,178,crushing fork middlegame veryLong,https://lichess.org/kllp2DcO/black#63,,
00liA,8/3K4/2r5/6k1/6p1/6Pp/3R3P/8 b - - 2 54,c6a6 d2d5 g5g6 d5d6 a6d6 d7d6 g6f6 d6d5 f6f5 d5d4,905,91,53,33,crushing defensiveMove endgame rookEndgame veryLong,https://lichess.org/s4AcDFcp/black#107,,
00luO,2r2rk1/p4pp1/1p2p2p/4N3/q2P2PP/P7/1PnQ1P2/1K1R2R1 w - - 1 26,g4g5 a4b3 g1g3 c2a3 b1a1 a3c2,2196,77,84,93,crushing long master middlegame pin queensideAttack,https://lichess.org/O9HXyn6b#50,,
00m47,rn1r2k1/pp2qppp/4pn2/6B1/2B1b2N/8/PPP1QPPP/2KR3R b - - 7 15,e4c6 h4f5 d8d1 h1d1,1900,76,87,185,crushing middlegame short,https://lichess.org/NdpM8N8n/black#29,Scandinavian_Defense Scandinavian_Defense_Main_Line,
00m4W,r2qk1nr/pb1p3p/1pn2pp1/2b1p3/2BNPP2/4B3/PPP3PP/RN1Q1RK1 w kq - 0 11,d4c6 c5e3,1570,79,74,61,advantage hangingPiece kingsideAttack middlegame oneMove,https://lichess.org/MymXEoRQ#20,Sicilian_Defense Sicilian_Defense_McDonnell_Attack,
00m5H,8/1p5p/6p1/2P2k2/1P6/P3qp1Q/8/5K2 b - - 5 43,f5e4 h3e6 e4d4 e6e3 d4e3 b4b5 g6g5 c5c6,1588,74,90,411,crushing endgame queenEndgame quietMove veryLong,https://lichess.org/P8apABHK/black#85,,
00mFI,4r2k/2q1r3/2p4Q/p5P1/1p1Pp1P1/2P1N2P/PP6/4bRK1 b - - 0 28,e7h7 f1f8 e8f8 h6f8,1426,75,93,4328,kingsideAttack mate mateIn2 middlegame short,https://lichess.org/kiOTTNFh/black#55,,
00mJY,r1k1R3/pppr1B2/5p1p/8/8/8/PPP2PPP/2K5 b - - 1 20,d7d8 f7e6 c8b8 e8d8,1046,78,59,115,backRankMate deflection endgame mate mateIn2 short,https://lichess.org/tpq9s5i4/black#39,,
00mJq,r1b5/pp1nkpr1/2q1p3/8/8/3B4/P1P1NPPP/R2Q1RK1 w - - 3 18,e2d4 c6g2,669,96,96,269,kingsideAttack mate mateIn1 middlegame oneMove,https://lichess.org/qGtdon3N#34,Scandinavian_Defense Scandinavian_Defense_Mieses-Kotroc_Variation,
00mKK,r1bq1k1r/pp3pbp/4Pnp1/nB6/8/2N2N2/PP3PPP/R1BQR1K1 b - - 0 13,d8d1 e6e7 f8g8 e1d1,1883,75,82,152,advancedPawn crushing intermezzo opening short,https://lichess.org/8r5AZVRA/black#25,Caro-Kann_Defense Caro-Kann_Defense_Accelerated_Panov_Attack,
00mLw,r5k1/p5pp/1p2b2r/3p4/2pQ1P1q/2P1P2P/P1P1B1P1/R5K1 b - - 0 25,e6h3 d4d5 h3e6 d5a8,1193,78,82,167,advantage fork middlegame short,https://lichess.org/b5bclKA7/black#49,,
00mNT,8/2q2p1p/R2bpkp1/2p5/4pP2/3r3P/1Q4P1/R5K1 b - - 3 38,f6f5 a6a7 d3d1 a1d1,2749,120,91,290,crushing endgame short,https://lichess.org/oxSgw2VP/black#75,,
00mRr,8/2Q2kpp/1p1p2r1/1PnN4/2P1n3/6P1/1r3PK1/8 b - - 6 41,f7e6 c7e7 e6f5 d5e3,1694,77,95,11617,endgame mate mateIn2 short,https://lichess.org/0dpg8xr1/black#81,,
00mST,r4r2/ppk4p/n2N2p1/2p5/4Pb2/2P4P/PP2B2R/1K1R4 w - - 0 25,e4e5 f4h2 d6b5 c7b6 d1d6 b6a5 b5a3 f8f4,2494,77,61,101,crushing defensiveMove hangingPiece middlegame veryLong,https://lichess.org/TnR9jLpy#48,,
00mca,1Q5r/p3nkpp/3p2q1/3P4/4P3/B1r2B1b/P4PPP/R4RK1 w - - 2 20,b8h8 c3f3 g2g3 f3a3,2221,78,86,313,crushing middlegame pin short,https://lichess.org/EIg6vKLO#38,,
00mg9,1r1r3k/2q1b1pp/p7/3Q2pP/3B4/Pp6/1P3P2/1K1N2RR w - - 1 28,d5e5 c7c2 b1a1 c2c1,1492,74,73,119,mate mateIn2 middlegame queensideAttack short,https://lichess.org/LvqtEXMe#54,,
00mnZ,8/p5k1/1pp2pp1/4Pp1p/5P1P/2P3P1/PP4K1/8 b - - 0 35,f6e5 f4e5 g7f7 g2f3 f7e6 f3f4,1050,75,90,381,advantage endgame long pawnEndgame,https://lichess.org/IcNWHIbW/black#69,,
00moS,r4rk1/p1p2p1p/1p2p1p1/2n1q3/8/P1B1PQP1/1P3P1P/2R2RK1 b - - 3 18,e5e4 f3f6 e6e5 c3e5 e4e5 f6e5,1368,75,90,1416,crushing long middlegame,https://lichess.org/9Ts2Ey6N/black#35,English_Defense English_Defense_Other_variations,
00mvr,7r/ppp1Nk1p/2n5/8/8/2P2pP1/P6P/R1Br1BK1 b - - 0 20,f7e7 c1g5 e7e6 a1d1,704,80,98,479,crushing discoveredAttack endgame master short,https://lichess.org/R3FdESiy/black#39,,
00n3G,1k4r1/7p/1p4r1/pPp1qp2/P1Pp1R2/3Q2NP/2P4K/5R2 w - - 4 32,f1f3 g6g3 f3g3 e5f4,1198,77,93,1849,advantage deflection middlegame pin short,https://lichess.org/7me09or0#62,,
00n6z,r2Rrk1q/p3Np2/1pp5/8/P1Q1P1pP/2P2P2/1P3bP1/3R3K w - - 5 34,d8a8 h8h4,1195,77,83,196,kingsideAttack mate mateIn1 middlegame oneMove,https://lichess.org/WrP84lz1#66,,
00n76,8/8/7p/1P1R3P/8/2k5/3p3r/3K4 w - - 3 49,b5b6 h2h1 d1e2 h1e1,1543,75,100,635,endgame,https://lichess.org/1pRVU0YT#96,,
00n8z,6rk/pq3p1p/1p3RrB/1Pp1p3/2PnP2Q/P5P1/6KP/1R6 w - - 2 28,b1f1 g6g4 h4g4 g8g4 f6f7 b7e4,1788,149,25,9,capturingDefender crushing long middlegame,https://lichess.org/AbPN5mb0#54,,
00nCh,3r1rk1/ppp2pp1/8/3nP3/2PPN1q1/3Q4/PP6/5K1R b - - 0 24,d5f4 e4f6 g7f6 d3h7,1031,88,95,4817,clearance mate mateIn2 middlegame sacrifice short,https://lichess.org/VIoIroOG/black#47,,
00nFD,r4rk1/p1q2pb1/2p1b1pp/3np3/2B1N2P/4BP2/PPP3P1/2KRQ2R w - - 0 16,g2g4 d5e3 c4e6 e3d1,1064,77,96,4468,advantage master middlegame short,https://lichess.org/FeP6qhNK#30,Sicilian_Defense Sicilian_Defense_Dragon_Variation,
00nHy,r2q1rk1/p4pbp/1pp1p1p1/4n3/2PpN3/1P4P1/PB2PP1P/1R1Q1RK1 w - - 0 16,d1d4 e5f3 e2f3 g7d4,1269,75,87,868,crushing discoveredAttack middlegame short,https://lichess.org/nKLwXxuX#30,English_Opening English_Opening_Anglo-Indian_Defense,
00nNa,8/2k3pp/4p3/1R3p2/1Pr2K1P/6P1/5P2/8 w - - 7 37,f4e5 c4e4,1270,97,71,107,endgame mate mateIn1 oneMove rookEndgame,https://lichess.org/WsRWmvEZ#72,,
00nQp,r5k1/pp1qrppp/2nb1n2/6N1/3P1p2/2P5/PPQN2PP/R1B2RK1 w - - 4 15,d2e4 f6e4 c2e4 e7e4,1020,91,93,923,crushing middlegame short,https://lichess.org/M8VH9NaD#28,Kings_Gambit_Accepted Kings_Gambit_Accepted_Cunningham_Defense,
00nS6,r4rk1/5ppp/p1p2b2/3q1b2/8/5N1P/PP2QPP1/R1B1R1K1 b - - 1 19,f8e8 e2e8 a8e8 e1e8,570,92,88,433,backRankMate mate mateIn2 middlegame short,https://lichess.org/yDIcwjff/black#37,Four_Knights_Game Four_Knights_Game_Spanish_Variation,
00nUh,5rk1/p4pp1/1p4rp/2p1P3/3p1P2/P2PnP2/2P2R1P/2B1R2K b - - 4 25,e3g2 f2g2 g6g2 h1g2,1698,164,-49,9,advantage endgame short,https://lichess.org/8xUXz45H/black#49,,
00nZE,r1b1r1k1/pp1p1p1Q/2n2Bp1/2p1qp2/2B1P3/3P1R2/PPP3PP/R5K1 b - - 0 16,g8h7 f3h3 h7g8 h3h8,937,77,96,2110,mate mateIn2 middlegame short,https://lichess.org/E33kjLxE/black#31,Sicilian_Defense Sicilian_Defense_Grand_Prix_Attack,
00ndv,r1bq1rBk/pp2npp1/4p3/3p4/3P2n1/2P2NP1/PPQN1PP1/R3K2R b KQ - 2 13,h8g8 c2h7,798,96,85,34,mate mateIn1 middlegame oneMove,https://lichess.org/CAhN6VbK/black#25,Queens_Pawn_Game Queens_Pawn_Game_London_System,
00nji,3R2k1/5pp1/2b4p/2b5/p1P5/P4P1P/6P1/5K2 b - - 4 36,g8h7 d8c8 c5a3 c8c6,1078,82,91,1037,advantage endgame short,https://lichess.org/ZaRB691n/black#71,,
00nl3,6R1/1p4p1/p1k4p/3p4/PP2p1P1/2b1P3/6K1/8 b - - 2 37,b7b5 g8c8 c6b7 c8c3,806,76,100,257,advantage endgame short skewer,https://lichess.org/WVBshO34/black#73,,
00nlD,1r2r3/pp3pk1/2pp2p1/1P2p2p/2P1N1nq/3PP3/P2Q1PB1/1R3RK1 w - - 0 23,e4g3 h4h2,981,80,91,429,master mate mateIn1 middlegame oneMove,https://lichess.org/gFXDvLri#44,,
00ns1,5rk1/pp5p/2p1P1p1/3pN3/5r2/2P4Q/PP4PP/R4q1K w - - 2 25,a1f1 f4f1,600,99,43,61,backRankMate endgame mate mateIn1 oneMove,https://lichess.org/9IfhjtAA#48,,
00nxI,r3kbnr/p2n2pp/2pp2q1/4P2b/2P1Pp2/P1N2N1P/4BP1R/1RBQK3 b kq - 0 21,d7e5 f3e5 g6g1 e1d2 g1d1 e2d1,1948,75,85,745,advantage long middlegame,https://lichess.org/37X7my2n/black#41,,
00o3m,2r2r2/1b4pk/p4q1p/2p2p1Q/4pP2/2P1R2N/PP4PP/2R3K1 b - - 4 32,f6g6 h3g5 g6g5 f4g5,1490,79,76,52,crushing middlegame pin short,https://lichess.org/kWotu96y/black#63,,
00o5f,4r3/2R3pk/1n2p2p/p6N/6PP/8/P7/6K1 b - - 0 40,e8g8 h5f6 h7h8 f6g8,1256,77,80,312,advantage endgame pin short,https://lichess.org/dsUoBkKG/black#79,,
00o7c,2r3k1/p4ppp/1pb1pq2/1P6/2Q1PP2/6P1/P5BP/2R3K1 b - - 0 24,c6b7 c4c8 b7c8 c1c8 f6d8 c8d8,428,103,86,932,backRankMate endgame long mate mateIn3,https://lichess.org/3D9Cq2HT/black#47,,
00o9U,r1b2r2/pp2bpkp/1qn1p2p/3pP3/3P4/5N2/PP1QBPPP/R3KN1R w KQ - 6 12,f1g3 e7b4 e1c1 b4d2,1140,87,60,32,crushing master middlegame pin short,https://lichess.org/0UQd6mHW#22,French_Defense French_Defense_Advance_Variation,
00oOp,5rk1/p3ppbp/bq3np1/3p4/3P4/1BN2Q2/PrPB1PPP/R3K2R w KQ - 4 15,c3d5 f6d5 f3d5 g7d4,2140,79,89,539,crushing discoveredAttack middlegame short,https://lichess.org/hkM4TRId#28,Caro-Kann_Defense Caro-Kann_Defense_Other_variations,
00oQO,5rk1/1p4pp/p7/3R1N2/4rn2/6KP/PPR2PP1/8 w - - 1 34,d5d4 f4e2 c2e2 e4e2,1693,74,95,3145,crushing endgame fork master short,https://lichess.org/Gv6O3qzw#66,,
00oSB,8/8/p1p5/1pKp3k/3P2p1/P1Q3P1/1Pq5/8 b - - 21 59,c2c3 b2c3 h5g6 c5c6,1186,78,86,138,crushing endgame short,https://lichess.org/tpQXCjFQ/black#117,,
00oXF,3r1rk1/1p3p1p/p1q1b1p1/4P2P/2p2P2/P5R1/2Q1B1P1/3R2K1 b - - 1 25,e6f5 c2f5 d8d1 e2d1,1629,74,85,288,crushing middlegame pin short,https://lichess.org/UNhxKWVR/black#49,,
00ob0,r4rk1/4qp2/p2p2np/1p3b1Q/2p1P3/2P5/PPB3PP/RN2R1K1 b - - 0 20,e7h4 h5h4 g6h4 e4f5,1720,77,81,60,crushing middlegame short,https://lichess.org/ExMdF7mp/black#39,,
00obu,4rr1k/p1p3p1/1p1p2qp/2nQ4/2P4P/P3R1B1/1P3PP1/2K1R3 w - - 7 24,h4h5 c5b3 e3b3 e8e1,1743,77,87,580,crushing deflection middlegame queensideAttack short,https://lichess.org/rMq73cyo#46,,
00ofO,8/5kpp/2p2p2/P1Bpn3/1P6/7P/r4PP1/4R1K1 b - - 2 31,f7e6 f2f4 e6f5 f4e5,1607,75,95,4237,crushing endgame short,https://lichess.org/Xbq1CCD6/black#61,,
00ogc,1r4k1/5p2/4p1pp/3p4/3P4/q1P3P1/PrRQRP1P/6K1 b - - 11 27,a3a2 c2b2 b8b2 d2b2,888,78,97,771,crushing endgame short,https://lichess.org/rlxeM6QT/black#53,,
00ohT,6rk/3R3p/4P2r/1p3p2/p7/P1P5/1P3RpK/4Q3 w - - 1 42,h2g1 h6h1,619,89,70,124,endgame master mate mateIn1 oneMove queenRookEndgame,https://lichess.org/oJJZtqYa#82,,
00onZ,3r4/ppq3kp/2p1Qpp1/2P1b3/1P1rRp2/P4P1P/2B3P1/4R1K1 b - - 6 31,c7d7 e4e5 f6e5 e6e5 g7g8 c2b3,1912,76,72,569,advantage long middlegame,https://lichess.org/GKpRcTKl/black#61,,
00ouR,5rk1/5ppp/P2p4/3P3n/P3P3/b4P2/B3N1PP/1R4K1 w - - 2 27,b1b6 a3c5 g1f1 c5b6,908,85,38,48,advantage endgame fork short,https://lichess.org/pNbGlxRb#52,,
00p5I,2r4r/1b4k1/2q1p1p1/2p5/1p1pR1QP/pP1P1PP1/P1P5/4R1K1 b - - 0 30,h8h6 e4e6 c6f3 e6e7 g7f8 e1f1 f3f1 g1f1 f8e7 g4g5 e7d7 g5h6,2082,75,94,9191,advantage fork master masterVsMaster middlegame pin veryLong,https://lichess.org/GErJ3bwZ/black#59,,
00p7R,2r3k1/R1r2qp1/4p2p/3p1p2/3P4/2P3QP/5PP1/R5K1 w - - 7 35,a1a6 c7a7 a6a7 f7a7,1245,77,76,409,crushing endgame short,https://lichess.org/IblxSC2D#68,,
00p93,1k1r1b1r/n1p3p1/p5p1/1pn1P3/P2B2Pq/2P2Q1P/1PB1K3/R6R b - - 0 24,c5e6 d4a7 b8a7 a4b5 d8d2 e2d2,1989,73,94,10171,crushing long middlegame pin queensideAttack,https://lichess.org/TAw4No8T/black#47,,
00pBn,7R/8/8/P5p1/5k2/1KP3r1/7p/8 b - - 1 51,g3g2 a5a6 g2e2 a6a7,1506,75,88,878,advancedPawn crushing endgame master rookEndgame short,https://lichess.org/rQFsqHTR/black#101,,
00pER,r2q1rk1/4N1bp/p2p2p1/2p3N1/Pp4P1/1Q5P/1P1n1P2/5RK1 b - - 0 21,g8h8 b3g8 f8g8 g5f7,1579,85,86,6449,kingsideAttack mate mateIn2 middlegame sacrifice short smotheredMate,https://lichess.org/cQjDrt9I/black#41,,
00pEZ,2kr2r1/ppq1bbBQ/2p1p3/2npP3/8/2P2N2/PPB2PPP/R4RK1 w - - 3 21,g7f6 e7f6 e5f6 g8h8,1550,76,93,6172,advantage middlegame short,https://lichess.org/0rpW3mrV#40,,
00pHb,r5rk/4qp1p/p4N1Q/1p2p3/3pP3/1P1P3P/1PP3P1/5RK1 b - - 2 23,g8g6 h6h7,891,75,100,258,endgame kingsideAttack mate mateIn1 oneMove,https://lichess.org/Iot7eUOB/black#45,,
00pRN,r3r1k1/1p3p1p/p1pq2p1/3pNn2/3P2b1/1PPQ4/P1B2PPP/R3R1K1 b - - 3 27,f5g7 e5g4 e8e1 a1e1,1355,80,72,98,advantage hangingPiece middlegame short,https://lichess.org/2VmMkxXp/black#53,,
00pSv,5k2/5p1p/6p1/1p2q3/2p1p1n1/1P2P3/P1R1QPPP/6K1 w - - 0 26,e2g4 e5a1 c2c1 a1c1 g4d1 c1d1,1010,92,86,30,backRankMate endgame long mate mateIn3,https://lichess.org/AE7pbh2M#50,,
00pVS,r1b1kbnN/ppp3pp/3p4/8/8/2NP4/PPP4P/R2QKBq1 b Qq - 3 15,c8h3 d1h5 g7g6 h5h3,1402,74,92,1497,advantage fork middlegame short,https://lichess.org/l88Pda6c/black#29,Italian_Game Italian_Game_Blackburne-Kostic_Gambit,
00pYK,2r3k1/1p2n1p1/p2b2r1/3q1pPQ/3Pp1P1/1P2B2R/P6P/5RK1 b - - 0 22,c8f8 h5h7 g8f7 g4f5 f7e8 f5g6 f8f1 g1f1,1708,176,100,13,equality kingsideAttack middlegame trappedPiece veryLong,https://lichess.org/1B6oNZCt/black#43,,
00plb,8/1p6/p1p3r1/1kP5/7R/5P1P/5K2/8 w - - 0 54,h4g4 g6g4 f3g4 b5c5,1977,75,89,575,crushing endgame rookEndgame short,https://lichess.org/5wrsvEX6#106,,
00pmn,8/P6p/6p1/1k6/3pq3/1PP5/6PP/3Q2K1 w - - 0 35,d1d4 e4e1,907,92,95,1696,endgame mate mateIn1 oneMove queenEndgame,https://lichess.org/KY5B8aXb#68,,
00pny,3r2rk/p3b2p/2n2p2/2pnNPPq/1p1p3P/3P1Q2/PPP3B1/R1B1R1K1 b - - 0 24,h5h4 e5f7 h8g7 e1e4,2617,100,82,146,crushing fork master middlegame short,https://lichess.org/dxcSKEfa/black#47,,
00pqF,4R3/R6p/Pp1q2pk/1Pp2r2/3r4/3P1p1P/2P2PK1/4Q3 w - - 0 43,g2h1 d4h4 e1e3 d6f4 e3f4 f5f4 h1g1 h4h3 e8e4 f4f5 e4g4 f5e5 g1f1 e5e2 g4g3 h3h1,2463,92,72,38,advantage defensiveMove endgame master quietMove veryLong,https://lichess.org/lQ3NULlh#84,,
00puq,4r3/1k3pbp/1pp1q3/p3Npp1/P2P2n1/2PQ4/1P3PPP/2N1R1K1 w - - 6 33,e5f3 e6e1 f3e1 e8e1 d3f1 e1f1,702,89,95,505,crushing fork long middlegame,https://lichess.org/mp138SCG#64,,
00q6t,q2r2k1/5pbp/p5p1/1p6/2pP1P2/P1N1P1Pb/1P1B1R1P/1Q4K1 b - - 4 21,d8d4 e3d4 g7d4 b1e4 a8e4 c3e4,1983,75,88,199,crushing long middlegame,https://lichess.org/elTDSfzq/black#41,,
00q7B,Q6r/p1pqk1bp/3ppnp1/2n5/4P3/2N2N2/PB3PPP/R3R1K1 w - - 2 15,e4e5 h8a8 e5f6 e7f6 c3e4 f6f7 e4c5 d6c5,2427,83,75,101,advantage middlegame veryLong,https://lichess.org/Mkfu17FO#28,Danish_Gambit_Accepted Danish_Gambit_Accepted_Other_variations,
00q7m,5k2/7q/4Q3/1p6/6P1/8/6K1/8 w - - 1 62,e6f5 h7f5 g4f5 b5b4 g2f1 b4b3 f1e1 b3b2,1509,77,95,15240,advancedPawn crushing endgame queenEndgame quietMove veryLong,https://lichess.org/Upkn0VQ1#122,,
00q8C,1rb3k1/p2q2bp/2p4r/2P1p1p1/3pPp2/1P1P1P2/PB1NN1nP/1R2QRK1 w - - 0 22,g1g2 d7h3 g2g1 h3h2,856,104,95,591,mate mateIn2 middlegame short,https://lichess.org/yArItGfX#42,,
00qHr,8/5p2/p3pkpn/N7/P4P2/3RP1K1/r4P1P/8 w - - 1 36,d3d6 h6f5 g3f3 f5d6,848,76,68,128,advantage endgame fork short,https://lichess.org/AFnU6OzI#70,,
00qIK,r4rk1/p3b1pp/1qB1bp2/1p2p3/2p2P2/3PR1P1/PPPN3P/R1BQ2K1 w - - 1 16,c6a8 b6e3 g1g2 f8a8,1487,76,85,999,advantage hangingPiece intermezzo middlegame short,https://lichess.org/sFoTW7Rq#30,Kings_Indian_Attack Kings_Indian_Attack_Sicilian_Variation,
00qJM,2R5/p4ppk/1p6/6Q1/8/7P/q4PPK/4r3 b - - 0 35,a2e6 g5h5 e6h6 h5f7,1991,74,91,415,crushing deflection endgame short,https://lichess.org/vYicdpKj/black#69,,
00qMd,4r1kb/3q1p1p/1p1p1PpB/p2P4/2Pp4/6Q1/1P4PP/5RK1 b - - 2 26,e8e3 h6e3 d4e3 g3e3,1610,75,83,115,crushing endgame short,https://lichess.org/Q8kfKCl5/black#51,,
00qX2,1r2r2k/Q1R4p/4q1p1/4Bb2/8/8/PP3PPP/3R2K1 b - - 0 28,e6e5 c7h7 h8g8 a7f7,1198,76,92,889,mate mateIn2 middlegame short,https://lichess.org/aDxQAOeN/black#55,,
00qaU,r1b1r1k1/ppQ2pqp/8/8/4BnPP/5P2/PPP5/2KR3R b - - 0 17,c8e6 c7f4,1412,133,-78,22,advantage hangingPiece middlegame oneMove,https://lichess.org/O2yJUBa8/black#33,Russian_Game Russian_Game_Three_Knights_Game,
00qb9,8/8/3k4/1p6/1Pp1K3/2P5/8/8 b - - 2 54,d6c6 e4e5 c6d7 e5d5,1873,76,92,744,crushing endgame pawnEndgame short,https://lichess.org/a0ho1XtX/black#107,,
00qhV,3r4/1p2k3/2p2pn1/N3p1p1/P3P1Pp/2Pn1P2/1P2K2P/R1B5 w - - 1 21,a5b7 d3c1 a1c1 g6f4,2070,75,80,191,advantage endgame short,https://lichess.org/tCkPnOr2#40,,
00qpU,6k1/5p1p/p5p1/3b4/1pqN1Q2/4R3/PP4PK/2r5 b - - 3 36,c1f1 e3e8 g8g7 d4f5 g7f6 f4e5,2256,85,64,58,crushing endgame long,https://lichess.org/O1NHch2x/black#71,,
00qqD,r3k2r/ppp2Bp1/2n5/2p1p2p/4P1n1/3P1N1q/PPP2P1N/R3QRK1 b kq - 0 14,e8f7 f3g5 f7g8 g5h3,829,77,98,1740,crushing fork middlegame short,https://lichess.org/SJ9o4Klb/black#27,Italian_Game Italian_Game_Giuoco_Piano,
00r1D,r4k1r/p3nppp/3Qp1b1/8/B7/P1q5/2P2PPP/3R1RK1 b - - 5 18,g6c2 d6d8 a8d8 d1d8,1423,94,38,52,backRankMate mate mateIn2 middlegame sacrifice short,https://lichess.org/nb7Z1HHv/black#35,Scandinavian_Defense Scandinavian_Defense_Main_Line,
00r2f,5rk1/pp3rp1/4R2p/b2Q4/3P4/5P1P/PP2R1Bq/5K2 w - - 7 31,d5a5 f7f3 f1e1 h2g1 e1d2 g1d4,1446,139,71,25,crushing exposedKing long middlegame,https://lichess.org/S2KeeA61#60,,
00rAM,3rr1k1/1p3pq1/p1n1b2p/2b3p1/Q7/P2BPNB1/1P3PPP/R2R2K1 w - - 0 20,b2b4 d8d3 d1d3 g7a1,1726,76,90,2216,advantage deflection middlegame short,https://lichess.org/tkkuVJDA#38,,
00rB5,2r3k1/4pp2/3p1bp1/1p6/1Pr1P1Q1/P3q1P1/6BP/1R2R2K b - - 4 23,c4c1 g4c8 c1c8 e1e3,1719,73,96,20739,crushing master middlegame short,https://lichess.org/VEaD7zl9/black#45,,
00rCD,1r4k1/pp3pp1/1b5p/1B3N2/1P2nP1P/P5P1/6K1/2B5 b - - 0 29,b8c8 f5e7 g8f8 e7c8,942,88,77,79,crushing endgame fork short,https://lichess.org/N5DxIuWM/black#57,,
00rCs,3r3k/R5pp/5p2/2pN4/4P3/4n1qP/PPP3P1/5Q1K w - - 2 29,f1f3 g3e1 h1h2 e3f1 f3f1 e1f1,1221,76,95,3238,advantage endgame long,https://lichess.org/3pRiqgSJ#56,,
00rEz,r1bqk2r/ppp2ppp/3p4/4p2n/2PBP2b/5PN1/PP4PP/RN1QKB1R b KQkq - 0 9,h5g3 h2g3 h4g3 d4f2 g3f2 e1f2,1637,75,93,1869,advantage long opening,https://lichess.org/KJUAVfza/black#17,Kings_Pawn_Game Kings_Pawn_Game_Maroczy_Defense,
00rIF,1r6/p7/1p3k1K/P2p2pR/2p5/2P3P1/2P3P1/1R6 w - - 3 36,h5g5 b8h8,672,78,89,541,endgame mate mateIn1 oneMove rookEndgame,https://lichess.org/aOqnitxA#70,,
00rL0,5q2/3r4/P1k2p1p/1p2pNp1/2b1P1P1/2P2P1P/3r2BK/R5Q1 b - - 4 40,f8c5 g1c5 c6c5 a6a7 d7a7 a1a7 c4f1 f5e3 f1g2 e3g2,1731,74,94,3278,advancedPawn advantage middlegame veryLong,https://lichess.org/5qUAn2Jj/black#79,,
00rNc,1q5r/p3kpp1/2Q1p2p/3pP2P/2n3P1/2N2P2/PrP5/K3R1NR w - - 0 26,g1e2 b2a2 c3a2 b8b2,1483,75,96,19107,clearance mate mateIn2 middlegame sacrifice short,https://lichess.org/nyOQHpNP#50,,
00rTX,3r2k1/pp3ppp/4p3/2N5/7q/1Q3P2/PP1r2PP/3RR2K w - - 3 24,d1d2 h4e1,931,91,94,752,backRankMate endgame hangingPiece mate mateIn1 oneMove,https://lichess.org/MCnmXb6q#46,,
00rYm,2r3k1/R4pp1/1p2p2p/1q2P3/3Pp3/1p2P2P/5QP1/6K1 b - - 1 34,b3b2 f2f7 g8h8 f7g7,1039,76,87,210,endgame mate mateIn2 short,https://lichess.org/qW5kfHMk/black#67,,
00rYo,8/p1p4p/6p1/2p2k2/2Pb4/1P3P1K/P2RN2P/6r1 b - - 9 35,g1f1 e2g3 f5f4 g3f1,1030,79,94,3138,crushing endgame fork master short,https://lichess.org/vcRYB6lg/black#69,,
00rcR,6k1/1p2pp1p/p2p2p1/3P4/3BP3/P4P2/P5PP/2n3K1 w - - 0 23,d4c3 c1e2 g1f1 e2c3,720,93,94,277,crushing endgame fork short,https://lichess.org/JzaWNWUv#44,,
00reB,4rrk1/pb4pp/1pq2p2/4p3/1BPb4/3P3P/P3QPPN/1R2R1K1 w - - 0 24,b4f8 c6g2,1030,97,88,20,kingsideAttack mate mateIn1 middlegame oneMove,https://lichess.org/DXolHS5L#46,,
00rhJ,2r2rk1/pb3ppp/1p4q1/4P3/3P4/P7/BP2Q1PP/4RR1K w - - 1 21,e5e6 c8c2 e6f7 g8h8,1945,75,88,280,advantage defensiveMove middlegame short,https://lichess.org/MpURgVDM#40,,
00rqm,2r2r1k/3b3n/p6q/1p1nN3/7P/3P2Q1/PPP2P2/1K4RR b - - 0 30,d7f5 g3g8 f8g8 e5f7,1825,74,95,4095,kingsideAttack mate mateIn2 middlegame sacrifice short,https://lichess.org/v9qNACJc/black#59,,
00rva,r2qkb1r/pQpbpppp/2n2n2/1N6/2pP4/8/PP2PPPP/R1B1KBNR b KQkq - 2 7,a8b8 b5c7 d8c7 b7c7,1021,76,96,9202,crushing opening short,https://lichess.org/14QnOxb7/black#13,Queens_Gambit_Declined Queens_Gambit_Declined_Marshall_Defense,
00rx9,3k2q1/pp3pN1/2b5/2pp2Q1/6n1/3P1N2/PbP2PPP/5K2 b - - 3 26,b2f6 g7e6 d8e7 g5g8,1543,75,92,1874,crushing discoveredAttack middlegame short,https://lichess.org/i2mJkkQL/black#51,,
00rzr,r1b1k1nr/3p1pQp/pp2p2B/2b5/4P3/2NB4/PPP2qPP/R2K3R b kq - 1 11,c5d4 g7f8,1121,76,91,3880,mate mateIn1 middlegame oneMove,https://lichess.org/Fzag1NUq/black#21,Sicilian_Defense Sicilian_Defense_Open,
00rzv,2k3rr/1pp1n3/p2qp1Bp/3p3Q/8/2N1P2P/PPPP2Rb/R1B2K2 w - - 0 24,g6f7 g8g2 f1g2 d6g3,1042,76,87,628,advantage attraction middlegame short,https://lichess.org/3uLKPpMH#46,,
00s16,rBbqk2r/1p3ppp/p3pn2/8/1b1P4/2N2N1P/PP3PP1/R2QKB1R b KQkq - 0 10,a8b8 d1a4 b7b5 a4b4,1135,82,91,743,crushing fork opening short,https://lichess.org/sflO7yGm/black#19,Caro-Kann_Defense Caro-Kann_Defense_Panov_Attack,
00s23,r2q1rk1/1ppb1ppp/1p1p1n2/4p3/1PBnP3/P2P1N1P/2P2PP1/R1BQK2R w KQ - 0 11,c2c3 d7a4 c3d4 a4d1,1823,75,74,177,advantage opening short,https://lichess.org/5BuuOtXQ#20,Four_Knights_Game Four_Knights_Game_Italian_Variation,
00s3U,r7/7p/1p1p1kp1/1P2p3/2BpPp2/2nP1P1P/1R3KP1/8 b - - 0 38,a8a2 b2a2 c3a2 c4a2,1893,75,86,350,advantage endgame short,https://lichess.org/SLPNDjCm/black#75,,
00s9L,2r1r1k1/5pp1/Rb3q1p/1p2p3/3pP3/1N1P1PP1/3Q1P2/2R3K1 b - - 0 25,f6d8 c1c8 d8c8 a6b6,1145,77,87,876,advantage middlegame short,https://lichess.org/QuuF4iDz/black#49,,
00s9T,8/8/p5pp/2k5/2p4P/2K2P2/P5P1/8 w - - 0 41,g2g4 g6g5 h4g5 h6g5,2145,76,89,1020,crushing endgame pawnEndgame short,https://lichess.org/7CRQFCUf#80,,
00sBK,3r2k1/p4p1p/1p3qp1/3B1b2/8/1Qr1PP1P/P2R1KP1/7R w - - 0 23,d5f7 g8g7 b3c3 f6c3,1815,75,85,80,advantage defensiveMove middlegame short,https://lichess.org/nMNDAjGq#44,,
00sCv,8/8/1p5p/p1k5/P3K3/1P5P/8/8 w - - 1 49,e4f5 c5b4 f5g6 b4b3 g6h6 b3a4,1075,85,86,352,crushing endgame long pawnEndgame,https://lichess.org/aUCW3BUV#96,,
00sDQ,2r2rk1/5p2/1pn1pPp1/1B1pP3/5q2/4b2R/1B4QP/R6K b - - 3 31,f4f2 g2f2 e3f2 a1f1,2614,86,70,99,advantage middlegame short,https://lichess.org/eDAqXjpA/black#61,,
00sHx,q3k1nr/1pp1nQpp/3p4/1P2p3/4P3/B1PP1b2/B5PP/5K2 b k - 0 17,e8d7 a2e6 d7d8 f7f8,1636,77,84,106,mate mateIn2 middlegame short,https://lichess.org/yyznGmXs/black#33,Italian_Game Italian_Game_Classical_Variation,
00sJ9,r3r1k1/p4ppp/2p2n2/1p6/3P1qb1/2NQR3/PPB2PP1/R1B3K1 w - - 5 18,e3g3 e8e1 g1h2 e1c1 a1c1 f4h6 h2g1 h6c1,2511,102,90,511,advantage attraction fork middlegame sacrifice veryLong,https://lichess.org/gyFeQsOE#34,French_Defense French_Defense_Exchange_Variation,
00sJb,Q1b2r1k/p2np2p/5bp1/q7/5P2/4B3/PPP3PP/2KR1B1R w - - 1 17,d1d7 a5e1 d7d1 e1e3 c1b1 e3b6,2225,79,88,495,advantage fork long middlegame,https://lichess.org/kiuvTFoE#32,Sicilian_Defense Sicilian_Defense_Dragon_Variation,
00sMF,r1bqr1k1/p4pPp/2p1p3/2bpn2Q/8/2NB4/PPP3PP/R1B2R1K b - - 2 15,e5d3 h5f7,844,82,96,134,kingsideAttack mate mateIn1 oneMove opening,https://lichess.org/A0iotLWB/black#29,Sicilian_Defense Sicilian_Defense_Closed,
00sO1,1k1r4/pp3pp1/2p1p3/4b3/P3n1P1/8/KPP2PN1/3rBR1R b - - 2 31,b8c7 e1a5 b7b6 f1d1,897,88,95,367,advantage discoveredAttack master middlegame short,https://lichess.org/vsfFkG0s/black#61,,
00sQw,8/8/2bk4/p3pB2/5P1p/P2KP3/8/8 w - - 1 40,d3c4 e5f4 e3f4 c6d7 f5d7 d6d7,2266,76,95,395,bishopEndgame crushing endgame long,https://lichess.org/b3xSt9cD#78,,
00sTO,4rk2/pp3pRp/3p1P2/2pP3q/2P4r/6Q1/PP3P1P/7K b - - 2 28,h5d1 h1g2 d1g4 g7g4 h4g4 g3g4,1498,76,94,3375,crushing endgame long,https://lichess.org/iOcIh2s8/black#55,,
00sXv,8/r4pp1/2k1p2p/8/p2PP3/2K2PP1/6P1/1R6 w - - 1 35,c3b4 a7b7 b4a4 b7b1,1122,77,75,102,crushing endgame rookEndgame short skewer,https://lichess.org/zR7ytIpT#68,,
00sco,r2q1rk1/pp2bp1b/2p1p2Q/3nP2N/2B5/2P5/PP3PPP/R3R1K1 b - - 2 20,e7g5 h6g7,1154,148,-33,14,mate mateIn1 middlegame oneMove,https://lichess.org/4HkYGyHF/black#39,,
00sd6,r2brk1Q/pp3pp1/1q1pb1n1/1Bp1p1P1/4P3/P1PPBN2/5P2/1R2K2R b K - 10 26,g6h8 h1h8 f8e7 h8e8,1190,76,93,456,mate mateIn2 middlegame short,https://lichess.org/970jZM32/black#51,,
00slf,1k2Rr2/p1pp4/1p1b4/3Q1pP1/qP3P2/2P4P/6K1/4R3 b - - 5 41,f8e8 e1e8,998,165,-50,13,endgame mate mateIn1 oneMove,https://lichess.org/HpuY1k0j/black#81,,
00slx,8/6r1/3kpRp1/6Pp/3K1P1P/8/8/8 b - - 0 61,d6e7 d4e5 g7g8 f6e6 e7f7 f4f5,2160,75,93,8901,crushing endgame long rookEndgame,https://lichess.org/usaxh789/black#121,,
00sw5,3r2k1/1p3pp1/pq1b3p/3P4/P7/3Q1N2/1r3PPP/R2R2K1 w - - 0 23,a1b1 b6f2 g1h1 f2g2,1283,76,93,1653,kingsideAttack mate mateIn2 middlegame short,https://lichess.org/TMsj324P#44,,
00sys,r1bq1r2/pp2b1pk/2n1pp2/3p4/2pP3N/2P1P1P1/PP1N1PP1/R2QK2R b KQ - 0 13,d8e8 h4g6 h7g8 h1h8 g8f7 d1h5,2455,79,88,279,crushing discoveredAttack long opening,https://lichess.org/oeasr2cR/black#25,Indian_Defense Indian_Defense_London_System,
00t2W,r3r1k1/p4ppp/2p5/5q2/2RPn3/3Q2B1/P4PPP/4R1K1 w - - 3 27,f2f3 e4g3 e1e8 a8e8 d3f5 g3f5,1226,75,95,6041,crushing long middlegame,https://lichess.org/5iA4aErC#52,,
00t8q,r4rk1/1pp2pbp/2n1bnp1/2q1p3/4P3/1NP2PB1/PQ4PP/1KNR1B1R b - - 0 17,c5b6 g3f2 c6d4 c3d4,1740,74,95,11743,advantage middlegame short,https://lichess.org/o3BszNqL/black#33,Indian_Defense Indian_Defense_Other_variations,
00tKA,3rr1k1/q3pp1p/p1p3p1/2P3N1/8/5P2/Q5PP/4n2K b - - 0 37,a7c5 a2f7 g8h8 f7h7,1035,95,82,32,endgame mate mateIn2 short,https://lichess.org/SeeUP8Wx/black#73,,
00tN4,r3r1k1/pp3R2/3p1B1P/2pP1b2/1qn5/2N5/PP2QPP1/2K4R w - - 1 24,f7f8 g8f8 h6h7 f5h7,2005,81,71,41,crushing hangingPiece middlegame short,https://lichess.org/aynNRdBA#46,,
00tTz,8/p6p/3b2pk/5p1n/2B4q/1P3P2/P5QP/5R1K w - - 10 35,f1d1 h5g3 g2g3 d6g3,1269,76,83,306,crushing endgame pin short,https://lichess.org/cDY5GbVr#68,,
00tZP,r2qk2r/1p3ppp/8/2pPPn2/1pPn2b1/3Q1NP1/PP3PBP/RN3RK1 w kq c6 0 14,d5c6 d4f3 d3f3 g4f3,1360,75,94,2287,crushing kingsideAttack middlegame short,https://lichess.org/jHQ12o4d#26,Queens_Gambit_Declined Queens_Gambit_Declined_Albin_Countergambit,
00tdc,r1bqk1nr/ppppbppp/2n5/8/2P5/4Q3/PP2PPPP/RNB1KBNR w KQkq - 3 5,e3c3 e7b4 c1d2 b4c3,1025,82,62,106,crushing opening pin short,https://lichess.org/u6d3aV84#8,English_Opening English_Opening_Kings_English_Variation,
00tei,5K2/5p2/1np1kb2/p4p2/PpPP4/1B3P2/1P6/2B5 b - - 4 43,b6d7 f8e8 c6c5 d4d5,1367,77,85,1190,crushing endgame master masterVsMaster short,https://lichess.org/kVQ3BvS0/black#85,,
00tgU,r4rk1/pbpp2p1/1pn3Qp/3N4/3q1N2/3B4/PP3PPP/5RK1 b - - 5 20,c6e5 d5e7 g8h8 g6h7,1738,76,96,11869,kingsideAttack mate mateIn2 middlegame short,https://lichess.org/uRJyPnFa/black#39,,
00tir,r3r2k/pp1q1pp1/2p1p2B/2Pb4/PP1n2P1/3B3Q/5P1P/2RR2K1 b - - 0 28,f7f5 h6e3 h8g8 e3d4,1874,76,96,14928,crushing discoveredAttack middlegame short,https://lichess.org/IIf3FT00/black#55,,
00tlr,r2r2k1/p3Rp1p/5Qp1/8/8/2P4P/q4PP1/4R1K1 b - - 1 24,a7a5 h3h4 a2d5 e1e5,2991,103,93,892,crushing endgame quietMove short,https://lichess.org/DFxAKFNR/black#47,,
00tsE,2rq1k2/5ppp/p7/1p6/5Q2/2P5/P1P2PPP/4RK2 b - - 7 22,c8c3 f4b4 f8g8 b4c3,1085,78,90,1265,crushing endgame fork short,https://lichess.org/I2FQvxn0/black#43,,
00ttk,6k1/ppqn1rp1/2p3Qp/3p1N2/3P1bP1/2P4P/PP1N1P2/R5K1 w - - 4 21,d2f3 d7f8 g6h5 g7g6,1773,75,93,4143,advantage middlegame short,https://lichess.org/urlk8mZq#40,,
00tyO,3rr1k1/1p3bb1/1q2p1p1/p1n1Pp1p/P3P2P/1NP3P1/1PQ3B1/R1B1R2K w - - 0 21,c1e3 b6b3 c2b3 c5b3,1339,109,57,36,advantage middlegame short,https://lichess.org/1bg5yGyl#40,,
00u0R,3r4/1p2R1k1/7p/P4rpB/8/2n3P1/1q4PP/3R2K1 b - - 1 32,g7g8 d1d8 f5f8 h5f7 g8h8 d8f8,1399,76,83,92,advantage deflection exposedKing hangingPiece long middlegame,https://lichess.org/DiCdSvC5/black#63,,
00u3b,rn2kb1r/pbqp1ppp/1p2p3/3nP3/2BP4/5N2/PP2QPPP/RNB1K2R w KQkq - 0 9,b1c3 d5c3 b2c3 b6b5 a1b1 b5c4,2233,79,90,1049,crushing long opening,https://lichess.org/hg1xugvX#16,Sicilian_Defense Sicilian_Defense_Alapin_Variation,
00uCX,r5k1/5pp1/q3p2p/pp1pP3/Qn1P4/7P/3B1PP1/R3N1K1 w - - 0 25,a4a5 a6a5 a1a5 a8a5,888,96,65,32,advantage middlegame short,https://lichess.org/ccpOygFq#48,,
00uDH,2r5/3k1p2/5Pp1/PP1pP1P1/1K1B3P/5p2/8/8 w - - 1 45,d4c5 c8c5 b4c5 f3f2,1380,75,91,2623,advancedPawn crushing endgame sacrifice short,https://lichess.org/9Hn6Sv3F#88,,
00uHj,r5k1/p4p1p/1p3ppB/8/1npP4/4QP1q/P1P2P2/4R1K1 b - - 2 21,b4c2 e3e8 a8e8 e1e8,844,131,100,26,endgame mate mateIn2 sacrifice short,https://lichess.org/N48YPLL7/black#41,,
00uJL,7Q/5p2/6p1/R3pk1p/P2q3K/7P/5PP1/7r w - - 2 41,g2g4 d4g4,1875,92,90,35,endgame,https://lichess.org/1AY8THKB#80,,
00uKb,6k1/p4rp1/8/2p1Bq1p/2P1b3/2P3QP/P5P1/4R1K1 w - - 0 30,g1h2 h5h4 g3h4 f5e5,1354,74,92,1942,advantage deflection endgame short,https://lichess.org/fPrESBF9#58,,
00uN7,1n6/3rk3/p2p2p1/N2Bp1P1/1p2PnQ1/1P3P2/P1P4q/1K1R4 w - - 2 33,a5c6 b8c6 d5c6 d7c7,943,88,94,418,crushing middlegame short,https://lichess.org/zQEDLHBB#64,,
00ud8,N4rk1/pp3ppp/5n2/3pq3/8/2P5/PP3PPP/R1BQ2K1 w - - 0 18,d1f3 e5e1,701,108,69,33,mate mateIn1 middlegame oneMove,https://lichess.org/Buoveaus#34,Vienna_Game Vienna_Game_Stanley_Variation,
00ueM,2kr4/2pR4/2P1K1P1/8/8/p3n3/8/8 b - - 1 49,a3a2 d7d8 c8d8 g6g7 a2a1q g7g8q,1805,77,93,11693,advancedPawn endgame long mate mateIn3 promotion,https://lichess.org/d2IhwIPS/black#97,,
00umX,2k3rr/ppp2p2/3b1p2/2pP1q1p/2P2B2/2N2B1b/PP1Q1PP1/R3R1K1 w - - 4 19,f4d6 f5f3 e1e8 c8d7,1767,75,95,2686,crushing middlegame pin short,https://lichess.org/k9gpWj7k#36,,
00unD,2kr1bnr/2p2p1p/1pbq2pP/p3N3/P2P4/4B3/1PP2PP1/RN1QK2R b KQ - 0 16,c6g2 d1g4 f7f5 g4g2,1533,77,86,230,crushing fork middlegame short,https://lichess.org/TeO1FnT0/black#31,Modern_Defense Modern_Defense_Other_variations,
00uzT,5rk1/3nppbp/1rpp2p1/p1q5/P3PP2/1PNQ4/2PB2PP/3R1RK1 w - - 1 20,d2e3 c5c3 d3c3 g7c3 e3b6 d7b6,1421,75,94,1651,advantage long middlegame,https://lichess.org/liepuQUZ#38,,
00v6q,2Q1k3/4qpp1/2pr4/2Np4/3P4/7P/P1P3P1/6K1 b - - 4 34,e7d8 c5b7 d8c8 b7d6 e8d7 d6c8,1924,77,88,204,crushing endgame fork long sacrifice,https://lichess.org/EWyPP874/black#67,,
00vKn,8/8/1R6/6k1/6P1/4r2P/r7/5R1K w - - 5 40,f1f6 e3e1 f6f1 e1f1,1184,86,90,55,endgame mate mateIn2 rookEndgame short,https://lichess.org/qsLWpNqw#78,,
00vUf,3R4/p4pkp/2p5/6p1/1P1B4/r3PP2/2r3PP/5K2 b - - 6 31,g7g6 d8d6 f7f6 d6f6 g6g7 f6c6,1990,75,92,82,crushing discoveredAttack endgame long,https://lichess.org/87kUHyPW/black#61,,
00vXZ,4n1k1/5r2/p1r1p2Q/1p1qP1p1/8/5PP1/P3n1KP/1RB2R2 b - - 0 27,c6c2 h6g6 e8g7 g6c2 f7f3 f1f3,1902,78,86,50,advantage fork long middlegame,https://lichess.org/NIjw0abF/black#53,,
00veX,1r3rk1/p4p2/2pq3p/4p1p1/4Pnb1/2PB1PB1/P1Q3PP/3R1RK1 b - - 0 18,d6c5 g3f2 c5a3 f3g4 b8b2 c2c1,1632,75,91,1126,advantage defensiveMove long middlegame,https://lichess.org/pUj3STn8/black#35,Sicilian_Defense Sicilian_Defense_Lowenthal_Variation,
00vf5,r1b1kbnr/1pqp1ppp/p1n1p3/8/2BNP3/P1N5/1PP2PPP/R1BQK2R b KQkq - 0 7,g8e7 d4b5 a6b5 c3b5 c7b8 b5d6,2171,81,91,1102,crushing long opening sacrifice,https://lichess.org/DaGWQ4jB/black#13,Sicilian_Defense Sicilian_Defense_Closed,
00viH,r2q1rk1/2p2p1p/p1n2Q2/1pbNP1N1/3n2P1/1B5P/PPbB4/R3K2R w KQ - 0 20,b3c2 d4c2 e1d1 d8d5,2203,87,83,33,crushing fork middlegame short,https://lichess.org/IhpDF8ls#38,,
00vjg,2r3k1/5ppp/p3nb2/2Bq4/1Q6/P6P/2R2PP1/2R3K1 w - - 3 30,c5e3 c8c2 c1c2 d5d1 g1h2 d1c2,1085,77,90,260,advantage attraction fork long middlegame,https://lichess.org/QOaRlqny#58,,
00vl5,5r2/p1k2qpp/2n5/2N1p3/2b5/2P1B3/PP1Q2PP/4R1K1 w - - 5 24,b2b3 f7f1 e1f1 f8f1,1011,75,92,553,mate mateIn2 middlegame sacrifice short,https://lichess.org/FkJvHJjC#46,,
00voi,1r6/2r2p1R/7R/4pPk1/2B2n2/1P3P1P/P4K2/8 b - - 0 43,c7c4 h3h4 g5f5 h7f7,1570,73,96,20989,endgame mate mateIn2 short,https://lichess.org/4zZjpxHw/black#85,,
00vuv,r3r3/2q1b1pk/p3P1Np/5Qp1/8/3p4/PPp2P2/2R1R1K1 b - - 1 30,d3d2 g6f8 h7g8 f5h7 g8f8 h7h8,2078,75,95,1308,doubleCheck long mate mateIn3 middlegame sacrifice,https://lichess.org/SJRbBrel/black#59,,
00w0g,rn2kbnr/pp2pp1p/1q2b1p1/3pP3/N2P4/5N2/PP3PPP/R1BQKB1R b KQkq - 3 8,b6b4 c1d2 b4a4 d1a4,1740,83,48,59,crushing defensiveMove opening short trappedPiece,https://lichess.org/iHooJN4n/black#15,Slav_Defense Slav_Defense_Diemer_Gambit,
00w1s,rn2Q1k1/pb1q1p1p/1p1p2pB/3P3n/8/2bB1N1P/PP3PP1/4R1K1 b - - 1 18,d7e8 e1e8,495,105,93,492,kingsideAttack mate mateIn1 middlegame oneMove,https://lichess.org/BOlWIbHT/black#35,English_Defense English_Defense_Other_variations,
00w6f,rnb1r1k1/pp1p1ppp/1q2pn2/1N6/4P3/B1P2P2/P1P3PP/R2QKB1R w KQ - 5 10,b5d6 b6e3 f1e2 e3c3,1086,77,87,149,advantage opening short,https://lichess.org/1P7Nda81#18,Sicilian_Defense Sicilian_Defense_Pin_Variation,
00wAT,4Q1bk/2p3p1/1p1p4/5Bp1/p1q5/7P/5P2/6K1 b - - 1 34,a4a3 e8h5 g8h7 h5h7,1184,85,84,46,endgame mate mateIn2 short,https://lichess.org/JCkq5Qtf/black#67,,
00wCl,1rb1k2r/8/p1Bp1p1p/P1p1p1p1/4P3/1P5P/2P2PP1/R2R2K1 b k - 1 20,c8d7 d1d6 d7c6 d6c6,1382,75,85,440,advantage endgame short,https://lichess.org/URN5sds5/black#39,,
00wL8,R4rk1/2PR1ppp/8/8/7P/8/P3pqPK/8 b - - 0 33,f8a8 d7d8 a8d8 c7d8q,925,97,93,221,advancedPawn backRankMate endgame mate mateIn2 promotion queenRookEndgame short,https://lichess.org/JRlzUS96/black#65,,
00wPZ,r1b2rk1/ppp2ppp/8/1B1pN3/3bn3/8/PPP2qPP/RNBQR2K w - - 0 12,e5f3 f2g1 f3g1 e4f2,1466,87,86,2514,kingsideAttack mate mateIn2 opening sacrifice short smotheredMate,https://lichess.org/XAwlqpwf#22,Italian_Game Italian_Game_Two_Knights_Defense,
00wUm,5rk1/pR1Q1ppp/4N3/3p1n2/8/7P/q1r2PP1/4R1K1 b - - 0 28,c2f2 d7f7 f8f7 b7b8 f7f8 b8f8,1566,75,97,9586,long mate mateIn3 middlegame sacrifice,https://lichess.org/nBCoCtRO/black#55,,
00wVj,5k2/R4p2/P6p/5p1N/r3p3/2p5/2P1R1P1/2K5 w - - 1 44,h5g3 a4a1,582,105,73,420,endgame mate mateIn1 oneMove,https://lichess.org/QYDDNRqv#86,,
00wYl,3q2k1/r1p3p1/P1Pp3p/3Pp1b1/R3Qr2/5N1P/5PP1/R5K1 w - - 1 27,e4e3 f4a4 a1a4 g5e3,1158,81,68,112,crushing discoveredAttack middlegame short,https://lichess.org/XjLq1sLc#52,,
00wZJ,1r4k1/3bqr1p/2p1p1p1/1p2P3/p2PBP2/2PQ2P1/P5K1/1R5R w - - 1 26,e4g6 h7g6 d3g6 f7g7,1354,77,86,476,advantage middlegame short,https://lichess.org/5kqvWE61#50,,
